Crop,Temperature_C,Humidity_pct,Rainfall_mm,Soil_Moisture_pct,Pest_Risk_Pct,Risk_Level,Likely_Pest,Best_Pesticide
Sugarcane,22.3,62.3,0.0,64.0,2.0,Low,No Significant Pest,No Spray Needed (monitor only)
Millets,25.7,70.3,0.0,28.0,47.5,Medium,Shoot Fly,Thiamethoxam 30% FS
Pulses,22.1,76.2,3.9,29.5,66.5,High,Aphid,Thiamethoxam 25% WG
Tobacco,26.1,79.2,0.0,19.0,64.9,High,Aphid,Imidacloprid 17.8% SL
Wheat,25.4,36.5,5.5,36.9,28.5,Low,Termite,Chlorpyrifos 20% EC
Maize,28.1,67.1,8.6,29.0,38.8,Medium,Fall Armyworm,Spinetoram 11.7% SC
Paddy,26.4,95.1,0.0,48.8,31.8,Medium,Stem Borer,Cartap Hydrochloride 4% G
Sugarcane,37.4,53.9,11.9,61.8,10.3,Low,No Significant Pest,No Spray Needed (monitor only)
Barley,11.8,59.5,1.9,18.4,50.2,Medium,Aphid,Imidacloprid 17.8% SL
Maize,34.8,65.2,0.0,36.9,16.1,Low,Fall Armyworm,Spinetoram 11.7% SC
Ground Nuts,35.1,58.4,1.6,37.3,18.6,Low,Leaf Miner,Chlorpyrifos 20% EC
Barley,24.4,70.4,0.0,31.3,39.7,Medium,Aphid,Imidacloprid 17.8% SL
Cotton,33.3,79.4,0.0,42.0,56.8,Medium,Whitefly,Diafenthiuron 50% WP
Ground Nuts,32.8,53.9,0.0,12.6,34.8,Medium,Leaf Miner,Chlorpyrifos 20% EC
Millets,25.1,42.1,36.8,36.8,10.6,Low,No Significant Pest,No Spray Needed (monitor only)
Ground Nuts,24.2,73.3,18.7,37.5,40.5,Medium,Aphid,Imidacloprid 17.8% SL
Wheat,21.0,64.9,7.9,36.6,49.0,Medium,Aphid,Imidacloprid 17.8% SL
Maize,22.3,72.0,16.7,49.5,14.0,Low,No Significant Pest,No Spray Needed (monitor only)
Ground Nuts,36.0,80.9,0.0,14.4,29.5,Low,Leaf Miner,Chlorpyrifos 20% EC
Oil seeds,12.7,87.6,15.9,42.1,25.2,Low,Mustard Aphid,Dimethoate 30% EC
Maize,28.1,80.2,0.0,30.7,40.0,Medium,Fall Armyworm,Spinetoram 11.7% SC
Oil seeds,23.4,59.0,31.2,21.8,21.8,Low,Mustard Aphid,Dimethoate 30% EC
Millets,31.6,77.3,7.0,30.0,56.8,Medium,Earhead Bug,Malathion 50% EC
Ground Nuts,27.3,63.1,27.1,25.0,38.4,Medium,Aphid,Imidacloprid 17.8% SL
Maize,33.6,80.0,5.7,46.4,34.2,Medium,Stem Borer,Chlorantraniliprole 18.5% SC
Sugarcane,33.6,66.7,0.0,57.6,49.4,Medium,Early Shoot Borer,Chlorantraniliprole 18.5% SC
Oil seeds,25.2,83.5,5.3,30.4,27.3,Low,Girdle Beetle,Lambda-cyhalothrin 5% EC
Wheat,24.8,46.0,1.9,26.1,64.7,High,Termite,Chlorpyrifos 20% EC
Pulses,11.9,82.8,3.7,21.0,21.0,Low,Aphid,Thiamethoxam 25% WG
Ground Nuts,33.5,70.9,70.5,17.7,36.4,Medium,Leaf Miner,Chlorpyrifos 20% EC
Sugarcane,28.9,65.5,4.7,52.6,35.0,Medium,Early Shoot Borer,Chlorantraniliprole 18.5% SC
Paddy,24.1,81.6,70.5,52.0,24.1,Low,Stem Borer,Cartap Hydrochloride 4% G
Tobacco,30.8,53.5,11.5,45.0,9.3,Low,No Significant Pest,No Spray Needed (monitor only)
Tobacco,22.5,43.6,0.0,34.0,17.4,Low,Aphid,Imidacloprid 17.8% SL
Tobacco,27.4,71.4,30.8,47.4,74.1,High,Spodoptera Caterpillar,Emamectin Benzoate 5% SG
Millets,31.1,81.7,66.5,39.6,83.6,High,Shoot Fly,Thiamethoxam 30% FS
Sugarcane,20.6,83.7,15.8,33.6,6.4,Low,No Significant Pest,No Spray Needed (monitor only)
Millets,38.0,79.0,88.1,22.2,6.0,Low,No Significant Pest,No Spray Needed (monitor only)
Pulses,30.2,51.8,8.8,23.3,21.2,Low,Pod Borer (Helicoverpa),Emamectin Benzoate 5% SG
Maize,27.9,90.3,10.3,44.8,57.4,Medium,Fall Armyworm,Spinetoram 11.7% SC
Paddy,24.4,77.1,0.0,46.2,18.4,Low,Stem Borer,Cartap Hydrochloride 4% G
Barley,16.8,38.5,25.0,29.6,11.1,Low,No Significant Pest,No Spray Needed (monitor only)
Wheat,13.8,84.7,0.0,25.4,59.1,Medium,Aphid,Imidacloprid 17.8% SL
Cotton,24.4,66.1,5.2,21.6,26.0,Low,Jassid,Thiamethoxam 25% WG
Ground Nuts,33.3,59.7,4.8,35.8,32.3,Medium,Leaf Miner,Chlorpyrifos 20% EC
Wheat,27.4,80.9,0.0,31.1,58.9,Medium,Termite,Chlorpyrifos 20% EC
Sugarcane,36.2,87.5,9.5,62.0,35.3,Medium,Early Shoot Borer,Chlorantraniliprole 18.5% SC
Sugarcane,24.2,58.1,0.0,50.4,7.1,Low,No Significant Pest,No Spray Needed (monitor only)
Pulses,26.2,59.0,13.1,17.6,54.0,Medium,Pod Borer (Helicoverpa),Emamectin Benzoate 5% SG
Wheat,19.2,64.9,12.2,42.8,42.9,Medium,Aphid,Imidacloprid 17.8% SL
Oil seeds,22.3,89.3,36.7,34.4,64.8,High,Alternaria Blight,Mancozeb 75% WP
Cotton,37.6,58.3,0.0,20.8,14.1,Low,No Significant Pest,No Spray Needed (monitor only)
Maize,32.4,62.8,68.2,29.1,31.3,Medium,Fall Armyworm,Spinetoram 11.7% SC
Paddy,30.3,90.3,8.3,77.5,59.6,Medium,Stem Borer,Cartap Hydrochloride 4% G
Pulses,30.8,56.6,29.7,33.9,17.2,Low,Wilt,Carbendazim 50% WP
Pulses,33.5,68.5,3.0,19.3,27.2,Low,Pod Borer (Helicoverpa),Emamectin Benzoate 5% SG
Wheat,26.6,79.9,30.0,27.0,35.0,Medium,Termite,Chlorpyrifos 20% EC
Sugarcane,36.1,81.2,0.0,56.3,32.4,Medium,Early Shoot Borer,Chlorantraniliprole 18.5% SC
Wheat,13.4,70.0,20.0,26.0,37.4,Medium,Aphid,Imidacloprid 17.8% SL
Sugarcane,34.0,64.8,0.0,25.6,76.5,High,Early Shoot Borer,Chlorantraniliprole 18.5% SC
Wheat,20.9,46.6,0.0,39.2,40.4,Medium,Termite,Chlorpyrifos 20% EC
Pulses,19.3,88.5,18.9,20.9,57.2,Medium,Aphid,Thiamethoxam 25% WG
Barley,25.8,53.3,0.0,29.5,27.8,Low,Aphid,Imidacloprid 17.8% SL
Barley,27.9,60.8,11.3,23.2,17.9,Low,Aphid,Imidacloprid 17.8% SL
Cotton,29.0,78.4,29.5,26.4,71.1,High,Jassid,Thiamethoxam 25% WG
Barley,21.2,41.6,1.9,24.6,26.6,Low,Aphid,Imidacloprid 17.8% SL
Oil seeds,24.1,71.6,0.0,21.2,41.6,Medium,Mustard Aphid,Dimethoate 30% EC
Paddy,25.9,81.3,15.7,52.9,30.5,Medium,Stem Borer,Cartap Hydrochloride 4% G
Maize,30.5,65.7,69.4,33.9,57.3,Medium,Fall Armyworm,Spinetoram 11.7% SC
Paddy,32.2,93.6,102.3,77.7,75.8,High,Stem Borer,Cartap Hydrochloride 4% G
Oil seeds,17.3,64.9,0.0,34.5,64.4,High,Mustard Aphid,Dimethoate 30% EC
Oil seeds,23.1,82.3,41.6,47.8,55.6,Medium,Alternaria Blight,Mancozeb 75% WP
Maize,33.1,84.9,0.0,29.2,29.2,Low,Stem Borer,Chlorantraniliprole 18.5% SC
Oil seeds,32.1,47.9,0.0,27.4,3.0,Low,No Significant Pest,No Spray Needed (monitor only)
Oil seeds,14.5,87.6,61.7,20.6,43.3,Medium,Mustard Aphid,Dimethoate 30% EC
Pulses,29.0,61.8,0.0,16.8,58.1,Medium,Pod Borer (Helicoverpa),Emamectin Benzoate 5% SG
Cotton,29.5,51.3,83.5,41.4,19.1,Low,Whitefly,Diafenthiuron 50% WP
Maize,35.0,79.9,33.1,34.0,25.0,Low,Stem Borer,Chlorantraniliprole 18.5% SC
Maize,28.6,63.1,37.2,39.1,41.5,Medium,Fall Armyworm,Spinetoram 11.7% SC
Maize,28.4,78.6,0.0,25.8,39.5,Medium,Fall Armyworm,Spinetoram 11.7% SC
Paddy,22.6,71.6,6.2,45.4,8.0,Low,No Significant Pest,No Spray Needed (monitor only)
Oil seeds,29.8,88.7,4.3,22.9,37.1,Medium,Girdle Beetle,Lambda-cyhalothrin 5% EC
Barley,24.4,70.5,13.8,19.0,38.1,Medium,Aphid,Imidacloprid 17.8% SL
Sugarcane,34.9,75.2,43.5,48.9,34.1,Medium,Early Shoot Borer,Chlorantraniliprole 18.5% SC
Cotton,29.6,71.2,49.4,24.3,66.3,High,Jassid,Thiamethoxam 25% WG
Pulses,27.4,52.2,0.0,36.7,30.8,Medium,Pod Borer (Helicoverpa),Emamectin Benzoate 5% SG
Tobacco,12.4,62.5,6.9,23.9,10.4,Low,No Significant Pest,No Spray Needed (monitor only)
Pulses,29.6,66.3,7.6,28.2,53.2,Medium,Pod Borer (Helicoverpa),Emamectin Benzoate 5% SG
Paddy,32.7,76.3,0.0,68.9,29.2,Low,Stem Borer,Cartap Hydrochloride 4% G
Sugarcane,28.0,80.2,23.7,52.8,34.5,Medium,Early Shoot Borer,Chlorantraniliprole 18.5% SC
Oil seeds,20.5,61.3,0.0,26.9,64.0,High,Mustard Aphid,Dimethoate 30% EC
Ground Nuts,28.2,57.8,86.0,45.6,17.3,Low,Leaf Miner,Chlorpyrifos 20% EC
Wheat,16.9,80.8,1.4,32.3,76.0,High,Aphid,Imidacloprid 17.8% SL
Barley,11.4,83.4,4.3,31.9,46.4,Medium,Yellow Rust,Propiconazole 25% EC
Cotton,36.8,45.8,0.0,36.4,14.2,Low,No Significant Pest,No Spray Needed (monitor only)
Tobacco,13.9,57.7,19.3,45.7,5.6,Low,No Significant Pest,No Spray Needed (monitor only)
Paddy,24.2,88.8,92.8,59.8,42.5,Medium,Blast,Tricyclazole 75% WP
Ground Nuts,30.6,77.3,29.3,31.0,53.1,Medium,Leaf Miner,Chlorpyrifos 20% EC
Sugarcane,26.2,85.1,22.6,50.7,35.1,Medium,Woolly Aphid,Imidacloprid 17.8% SL
Barley,11.2,82.6,2.8,22.0,45.9,Medium,Aphid,Imidacloprid 17.8% SL
Sugarcane,23.5,50.7,0.0,51.3,4.4,Low,No Significant Pest,No Spray Needed (monitor only)
Barley,15.2,64.5,0.0,19.5,69.3,High,Aphid,Imidacloprid 17.8% SL
Millets,26.8,53.0,0.0,33.9,28.2,Low,Earhead Bug,Malathion 50% EC
Millets,32.0,78.9,36.6,21.6,39.5,Medium,Shoot Fly,Thiamethoxam 30% FS
Millets,31.5,47.1,8.7,23.0,28.4,Low,Earhead Bug,Malathion 50% EC
Wheat,27.9,62.0,17.7,46.0,24.9,Low,Termite,Chlorpyrifos 20% EC
Millets,28.8,51.3,0.0,24.4,38.2,Medium,Earhead Bug,Malathion 50% EC
Ground Nuts,27.6,60.7,78.4,37.9,16.6,Low,Leaf Miner,Chlorpyrifos 20% EC
Maize,35.2,90.8,33.3,50.6,33.2,Medium,Stem Borer,Chlorantraniliprole 18.5% SC
Sugarcane,21.7,88.4,44.3,29.1,22.2,Low,Woolly Aphid,Imidacloprid 17.8% SL
Barley,26.8,58.9,0.0,28.0,26.2,Low,Aphid,Imidacloprid 17.8% SL
Maize,28.8,74.7,0.0,38.1,49.9,Medium,Fall Armyworm,Spinetoram 11.7% SC
Sugarcane,36.7,89.1,44.2,54.6,24.9,Low,Early Shoot Borer,Chlorantraniliprole 18.5% SC
Barley,19.9,40.5,0.8,17.3,32.1,Medium,Aphid,Imidacloprid 17.8% SL
Oil seeds,13.2,60.0,0.0,40.7,34.5,Medium,Mustard Aphid,Dimethoate 30% EC
Cotton,29.0,52.9,0.0,26.9,48.2,Medium,Whitefly,Diafenthiuron 50% WP
Millets,29.5,57.5,4.2,23.0,53.4,Medium,Earhead Bug,Malathion 50% EC
Barley,23.3,49.1,6.8,30.1,29.8,Low,Aphid,Imidacloprid 17.8% SL
Tobacco,25.0,61.2,0.0,43.6,34.0,Medium,Aphid,Imidacloprid 17.8% SL
Pulses,27.5,51.4,60.0,21.3,18.0,Low,Wilt,Carbendazim 50% WP
Paddy,33.8,95.5,0.0,60.5,22.2,Low,Stem Borer,Cartap Hydrochloride 4% G
Ground Nuts,24.4,67.0,0.0,20.8,59.3,Medium,Aphid,Imidacloprid 17.8% SL
Maize,34.0,75.1,48.9,49.4,40.0,Medium,Stem Borer,Chlorantraniliprole 18.5% SC
Barley,13.9,57.2,1.1,24.5,63.4,High,Aphid,Imidacloprid 17.8% SL
Wheat,19.4,41.9,0.0,36.8,31.0,Medium,Termite,Chlorpyrifos 20% EC
Maize,24.2,87.9,58.8,31.2,44.2,Medium,Turcicum Leaf Blight,Mancozeb 75% WP
Oil seeds,13.1,45.1,41.8,46.2,6.2,Low,No Significant Pest,No Spray Needed (monitor only)
Paddy,34.3,69.5,9.6,56.3,8.0,Low,No Significant Pest,No Spray Needed (monitor only)
Barley,19.1,55.7,1.7,37.8,54.7,Medium,Aphid,Imidacloprid 17.8% SL
Wheat,21.2,51.1,11.6,29.3,35.1,Medium,Termite,Chlorpyrifos 20% EC
Barley,26.9,45.7,10.9,18.0,14.4,Low,No Significant Pest,No Spray Needed (monitor only)
Barley,12.4,54.7,4.4,39.9,36.0,Medium,Aphid,Imidacloprid 17.8% SL
Paddy,28.3,65.4,109.3,46.3,17.8,Low,Stem Borer,Cartap Hydrochloride 4% G
Cotton,34.2,86.3,22.3,26.8,52.3,Medium,Whitefly,Diafenthiuron 50% WP
Sugarcane,33.2,91.1,0.0,46.3,73.0,High,Early Shoot Borer,Chlorantraniliprole 18.5% SC
Paddy,33.9,62.7,0.0,65.3,5.6,Low,No Significant Pest,No Spray Needed (monitor only)
Wheat,22.8,84.3,30.0,40.2,33.3,Medium,Termite,Chlorpyrifos 20% EC
Ground Nuts,30.0,53.1,7.7,29.4,34.3,Medium,Leaf Miner,Chlorpyrifos 20% EC
Millets,30.1,74.4,76.0,17.0,66.9,High,Shoot Fly,Thiamethoxam 30% FS
Pulses,26.1,49.2,0.0,38.1,22.4,Low,Pod Borer (Helicoverpa),Emamectin Benzoate 5% SG
Millets,26.8,54.4,16.1,17.9,37.7,Medium,Earhead Bug,Malathion 50% EC
Sugarcane,27.1,66.4,9.2,35.9,30.5,Medium,Early Shoot Borer,Chlorantraniliprole 18.5% SC
Cotton,35.7,79.4,0.0,31.8,31.3,Medium,Whitefly,Diafenthiuron 50% WP
Pulses,10.9,52.2,0.0,33.2,8.5,Low,No Significant Pest,No Spray Needed (monitor only)
Millets,37.0,87.3,0.0,15.0,19.0,Low,Earhead Bug,Malathion 50% EC
Tobacco,19.1,71.9,0.0,38.8,48.8,Medium,Aphid,Imidacloprid 17.8% SL
Wheat,21.3,47.3,4.9,40.6,36.8,Medium,Termite,Chlorpyrifos 20% EC
Barley,10.3,71.9,11.6,34.0,29.9,Low,Yellow Rust,Propiconazole 25% EC
Millets,36.5,73.9,0.0,31.5,14.8,Low,No Significant Pest,No Spray Needed (monitor only)
Oil seeds,20.5,68.7,7.9,32.4,52.5,Medium,Mustard Aphid,Dimethoate 30% EC
Tobacco,16.7,47.8,3.1,36.5,11.3,Low,No Significant Pest,No Spray Needed (monitor only)
Paddy,22.3,94.9,150.0,85.5,49.2,Medium,Blast,Tricyclazole 75% WP
Maize,34.7,57.6,55.3,23.6,11.0,Low,No Significant Pest,No Spray Needed (monitor only)
Ground Nuts,26.4,90.4,85.9,38.8,88.2,High,Leaf Spot (Tikka),Hexaconazole 5% EC
Maize,22.2,87.1,2.3,31.6,31.3,Medium,Turcicum Leaf Blight,Mancozeb 75% WP
Wheat,8.7,38.1,8.9,39.3,4.0,Low,No Significant Pest,No Spray Needed (monitor only)
Ground Nuts,26.3,67.1,0.0,38.2,50.9,Medium,Aphid,Imidacloprid 17.8% SL
Wheat,14.1,37.5,0.0,22.6,17.6,Low,Aphid,Imidacloprid 17.8% SL
Cotton,35.5,70.7,41.7,24.6,35.2,Medium,Whitefly,Diafenthiuron 50% WP
Millets,30.3,79.5,0.0,18.5,75.6,High,Earhead Bug,Malathion 50% EC
Barley,14.2,53.9,0.0,20.6,63.3,High,Aphid,Imidacloprid 17.8% SL
Pulses,33.4,60.0,26.2,41.7,8.0,Low,No Significant Pest,No Spray Needed (monitor only)
Ground Nuts,28.1,68.0,0.0,22.1,73.1,High,Leaf Miner,Chlorpyrifos 20% EC
Oil seeds,33.2,40.4,0.0,31.4,0.0,Low,No Significant Pest,No Spray Needed (monitor only)
Ground Nuts,34.7,72.0,1.4,31.1,28.5,Low,Leaf Miner,Chlorpyrifos 20% EC
Cotton,29.6,46.1,82.0,36.0,11.6,Low,No Significant Pest,No Spray Needed (monitor only)
Paddy,24.5,82.5,0.0,58.2,23.9,Low,Stem Borer,Cartap Hydrochloride 4% G
Oil seeds,23.5,50.9,0.0,16.3,26.4,Low,Mustard Aphid,Dimethoate 30% EC
Tobacco,14.4,80.3,0.0,28.2,22.1,Low,Aphid,Imidacloprid 17.8% SL
Paddy,30.3,69.5,0.0,45.0,18.8,Low,Stem Borer,Cartap Hydrochloride 4% G
Ground Nuts,25.3,87.3,35.1,31.3,55.7,Medium,Leaf Spot (Tikka),Hexaconazole 5% EC
Maize,25.3,89.8,3.7,28.5,32.5,Medium,Turcicum Leaf Blight,Mancozeb 75% WP
Oil seeds,20.5,82.7,36.0,21.6,48.5,Medium,Mustard Aphid,Dimethoate 30% EC
Oil seeds,30.1,43.7,73.1,49.1,3.4,Low,No Significant Pest,No Spray Needed (monitor only)
Tobacco,24.0,51.6,36.9,37.6,13.7,Low,No Significant Pest,No Spray Needed (monitor only)
Wheat,8.1,45.1,0.0,31.3,5.4,Low,No Significant Pest,No Spray Needed (monitor only)
Maize,31.6,78.7,0.0,42.4,39.6,Medium,Stem Borer,Chlorantraniliprole 18.5% SC
Maize,24.1,79.3,1.2,33.6,23.7,Low,Fall Armyworm,Spinetoram 11.7% SC
Oil seeds,13.0,52.2,65.6,32.7,14.5,Low,No Significant Pest,No Spray Needed (monitor only)
Oil seeds,21.2,56.4,4.4,19.1,57.1,Medium,Mustard Aphid,Dimethoate 30% EC
Paddy,25.7,88.4,135.5,58.5,55.1,Medium,Stem Borer,Cartap Hydrochloride 4% G
Tobacco,26.8,76.9,27.7,36.5,72.0,High,Spodoptera Caterpillar,Emamectin Benzoate 5% SG
Sugarcane,26.6,59.6,37.1,43.1,15.9,Low,Early Shoot Borer,Chlorantraniliprole 18.5% SC
Millets,24.6,54.3,0.0,26.3,20.6,Low,Shoot Fly,Thiamethoxam 30% FS
Ground Nuts,35.4,64.5,16.5,40.9,19.3,Low,Leaf Miner,Chlorpyrifos 20% EC
Paddy,22.6,76.7,150.0,84.2,24.0,Low,Stem Borer,Cartap Hydrochloride 4% G
Millets,32.9,68.8,73.3,37.4,36.0,Medium,Shoot Fly,Thiamethoxam 30% FS
Maize,23.3,71.1,0.0,34.5,17.7,Low,Fall Armyworm,Spinetoram 11.7% SC
Millets,25.6,56.8,35.1,33.2,39.5,Medium,Shoot Fly,Thiamethoxam 30% FS
Sugarcane,25.6,66.2,0.0,55.1,11.8,Low,No Significant Pest,No Spray Needed (monitor only)
Maize,26.4,54.3,17.2,25.5,10.9,Low,No Significant Pest,No Spray Needed (monitor only)
Cotton,37.5,57.0,1.2,18.7,22.1,Low,Whitefly,Diafenthiuron 50% WP
Ground Nuts,35.5,81.0,0.0,28.6,29.7,Low,Leaf Miner,Chlorpyrifos 20% EC
Pulses,21.3,48.0,4.2,27.8,28.7,Low,Aphid,Thiamethoxam 25% WG
Pulses,18.5,70.6,0.0,32.5,60.2,High,Aphid,Thiamethoxam 25% WG
Tobacco,27.4,51.0,0.0,21.4,16.7,Low,Aphid,Imidacloprid 17.8% SL
Tobacco,30.9,53.3,0.0,21.1,3.2,Low,No Significant Pest,No Spray Needed (monitor only)
Barley,22.4,51.2,7.6,27.8,37.6,Medium,Aphid,Imidacloprid 17.8% SL
Millets,27.8,55.5,32.5,29.8,45.4,Medium,Shoot Fly,Thiamethoxam 30% FS
Sugarcane,34.4,67.8,24.4,39.0,54.2,Medium,Early Shoot Borer,Chlorantraniliprole 18.5% SC
Cotton,34.6,73.7,79.4,43.4,23.6,Low,Pink Bollworm,Emamectin Benzoate 5% SG
Paddy,23.8,62.6,79.7,53.9,6.9,Low,No Significant Pest,No Spray Needed (monitor only)
Cotton,36.4,62.5,110.0,49.8,12.6,Low,No Significant Pest,No Spray Needed (monitor only)
Wheat,17.1,79.9,10.5,38.6,49.6,Medium,Aphid,Imidacloprid 17.8% SL
Wheat,18.0,53.0,0.0,37.8,56.0,Medium,Aphid,Imidacloprid 17.8% SL
Wheat,27.6,79.7,0.0,40.6,41.4,Medium,Termite,Chlorpyrifos 20% EC
Ground Nuts,26.5,57.2,0.0,14.7,39.5,Medium,Aphid,Imidacloprid 17.8% SL
Pulses,21.7,40.2,16.6,28.2,4.1,Low,No Significant Pest,No Spray Needed (monitor only)
Paddy,25.9,93.1,0.0,72.7,43.3,Medium,Stem Borer,Cartap Hydrochloride 4% G
Cotton,26.3,83.8,0.0,40.6,45.4,Medium,Jassid,Thiamethoxam 25% WG
Barley,26.0,45.9,0.0,20.0,20.3,Low,Aphid,Imidacloprid 17.8% SL
Wheat,25.1,68.7,2.6,39.9,59.4,Medium,Termite,Chlorpyrifos 20% EC
Maize,29.2,51.4,71.0,34.0,19.4,Low,Fall Armyworm,Spinetoram 11.7% SC
Oil seeds,14.6,44.7,0.8,20.1,24.8,Low,Mustard Aphid,Dimethoate 30% EC
Oil seeds,33.1,40.9,10.8,32.9,0.0,Low,No Significant Pest,No Spray Needed (monitor only)
Oil seeds,23.3,80.8,0.0,35.6,37.3,Medium,Mustard Aphid,Dimethoate 30% EC
Maize,35.0,84.6,0.0,45.5,30.1,Medium,Stem Borer,Chlorantraniliprole 18.5% SC
Millets,30.0,42.8,1.7,11.9,26.1,Low,Earhead Bug,Malathion 50% EC
Millets,29.2,43.0,0.0,23.4,15.7,Low,Earhead Bug,Malathion 50% EC
Maize,25.7,69.5,31.4,36.9,36.5,Medium,Fall Armyworm,Spinetoram 11.7% SC
Oil seeds,30.5,66.8,0.0,43.5,17.0,Low,Girdle Beetle,Lambda-cyhalothrin 5% EC
Ground Nuts,33.3,73.4,99.8,45.2,25.6,Low,Leaf Miner,Chlorpyrifos 20% EC
Cotton,26.9,49.2,0.0,24.8,26.4,Low,Whitefly,Diafenthiuron 50% WP
Millets,34.6,58.9,67.5,20.3,15.5,Low,Earhead Bug,Malathion 50% EC
Sugarcane,33.9,91.7,17.5,52.8,52.7,Medium,Early Shoot Borer,Chlorantraniliprole 18.5% SC
Paddy,35.1,84.7,15.6,68.7,18.9,Low,Stem Borer,Cartap Hydrochloride 4% G
Sugarcane,21.0,68.7,3.4,34.5,5.7,Low,No Significant Pest,No Spray Needed (monitor only)
Maize,31.6,73.2,8.9,46.1,42.0,Medium,Fall Armyworm,Spinetoram 11.7% SC
Paddy,30.8,94.2,0.0,56.2,42.5,Medium,Stem Borer,Cartap Hydrochloride 4% G
Sugarcane,22.3,62.1,0.0,35.8,5.1,Low,No Significant Pest,No Spray Needed (monitor only)
Wheat,23.1,66.0,0.0,29.7,61.4,High,Termite,Chlorpyrifos 20% EC
Sugarcane,24.6,87.5,29.0,66.5,54.2,Medium,Woolly Aphid,Imidacloprid 17.8% SL
Millets,29.1,64.7,41.8,27.7,60.5,High,Shoot Fly,Thiamethoxam 30% FS
Maize,34.6,50.5,0.0,47.7,4.8,Low,No Significant Pest,No Spray Needed (monitor only)
Pulses,30.9,89.5,2.9,35.9,39.0,Medium,Pod Borer (Helicoverpa),Emamectin Benzoate 5% SG
Wheat,19.1,42.4,17.0,31.1,21.7,Low,Termite,Chlorpyrifos 20% EC
Barley,16.5,35.6,1.0,21.8,19.1,Low,Aphid,Imidacloprid 17.8% SL
Tobacco,18.5,42.7,0.0,41.5,11.4,Low,No Significant Pest,No Spray Needed (monitor only)
Sugarcane,33.1,81.0,6.8,51.8,59.1,Medium,Early Shoot Borer,Chlorantraniliprole 18.5% SC
Barley,12.6,65.1,0.0,33.2,46.1,Medium,Aphid,Imidacloprid 17.8% SL
Cotton,30.6,73.6,110.0,27.9,52.9,Medium,Pink Bollworm,Emamectin Benzoate 5% SG
Oil seeds,18.9,74.0,34.1,38.1,33.3,Medium,Mustard Aphid,Dimethoate 30% EC
Maize,34.7,77.0,0.0,26.0,18.1,Low,Stem Borer,Chlorantraniliprole 18.5% SC
Cotton,35.0,69.8,0.0,30.1,44.6,Medium,Whitefly,Diafenthiuron 50% WP
Wheat,18.4,38.3,10.8,23.9,23.9,Low,Termite,Chlorpyrifos 20% EC
Barley,16.3,68.2,6.5,27.0,78.5,High,Aphid,Imidacloprid 17.8% SL
Wheat,8.1,85.6,13.4,44.5,18.1,Low,Yellow Rust,Propiconazole 25% EC
Ground Nuts,27.9,61.1,63.6,23.5,29.3,Low,Aphid,Imidacloprid 17.8% SL
Wheat,21.1,75.0,4.3,25.7,63.5,High,Aphid,Imidacloprid 17.8% SL
Paddy,30.8,70.5,20.1,73.9,26.7,Low,Stem Borer,Cartap Hydrochloride 4% G
Barley,12.8,55.4,8.0,30.8,38.7,Medium,Aphid,Imidacloprid 17.8% SL
Paddy,27.9,70.9,52.4,82.0,41.7,Medium,Stem Borer,Cartap Hydrochloride 4% G
Tobacco,16.0,81.2,0.0,20.6,42.8,Medium,Aphid,Imidacloprid 17.8% SL
Cotton,25.5,85.7,0.0,33.4,40.7,Medium,Jassid,Thiamethoxam 25% WG
Ground Nuts,32.2,83.1,0.0,37.5,56.8,Medium,Leaf Miner,Chlorpyrifos 20% EC
Millets,26.1,83.4,0.0,23.7,47.2,Medium,Shoot Fly,Thiamethoxam 30% FS
Ground Nuts,25.0,71.1,100.0,23.5,33.3,Medium,Aphid,Imidacloprid 17.8% SL
Millets,35.7,74.4,12.9,21.7,18.6,Low,Earhead Bug,Malathion 50% EC
Tobacco,30.7,67.2,0.0,44.9,30.8,Medium,Spodoptera Caterpillar,Emamectin Benzoate 5% SG
Cotton,37.6,78.8,3.0,20.2,22.3,Low,Whitefly,Diafenthiuron 50% WP
Cotton,34.9,67.6,80.2,28.7,30.5,Medium,Whitefly,Diafenthiuron 50% WP
Tobacco,13.0,86.4,0.0,35.8,10.5,Low,No Significant Pest,No Spray Needed (monitor only)
Cotton,29.4,64.5,9.5,23.0,61.1,High,Jassid,Thiamethoxam 25% WG
Tobacco,20.0,44.7,35.4,26.5,3.4,Low,No Significant Pest,No Spray Needed (monitor only)
Maize,29.1,50.5,12.1,50.0,13.5,Low,No Significant Pest,No Spray Needed (monitor only)
Oil seeds,29.0,89.8,85.0,36.0,75.9,High,Girdle Beetle,Lambda-cyhalothrin 5% EC
Wheat,19.4,86.5,0.9,33.7,66.5,High,Aphid,Imidacloprid 17.8% SL
Pulses,13.1,70.4,0.0,29.3,33.0,Medium,Aphid,Thiamethoxam 25% WG
Ground Nuts,31.8,86.1,25.2,41.1,46.3,Medium,Leaf Miner,Chlorpyrifos 20% EC
Barley,26.4,35.8,0.9,35.6,3.1,Low,No Significant Pest,No Spray Needed (monitor only)
Barley,27.7,70.9,0.1,18.2,21.6,Low,Aphid,Imidacloprid 17.8% SL
Pulses,25.0,76.0,47.5,41.7,94.3,High,Wilt,Carbendazim 50% WP
Pulses,27.9,65.0,0.0,38.0,51.6,Medium,Pod Borer (Helicoverpa),Emamectin Benzoate 5% SG
Millets,31.2,44.6,31.3,21.9,16.5,Low,Earhead Bug,Malathion 50% EC
Paddy,35.8,63.4,137.2,67.5,11.1,Low,No Significant Pest,No Spray Needed (monitor only)
Oil seeds,32.6,74.3,16.6,44.0,22.1,Low,Girdle Beetle,Lambda-cyhalothrin 5% EC
Ground Nuts,25.9,59.5,4.9,24.1,34.8,Medium,Aphid,Imidacloprid 17.8% SL
Ground Nuts,27.5,65.1,15.2,36.6,37.5,Medium,Leaf Miner,Chlorpyrifos 20% EC
Oil seeds,31.5,72.1,87.6,24.6,27.3,Low,Girdle Beetle,Lambda-cyhalothrin 5% EC
Pulses,25.5,75.5,0.0,30.1,73.2,High,Pod Borer (Helicoverpa),Emamectin Benzoate 5% SG
Maize,32.3,70.6,46.9,43.3,48.1,Medium,Fall Armyworm,Spinetoram 11.7% SC
Barley,25.9,39.8,4.5,23.4,11.4,Low,No Significant Pest,No Spray Needed (monitor only)
Sugarcane,35.3,54.6,0.0,50.6,19.8,Low,Early Shoot Borer,Chlorantraniliprole 18.5% SC
Tobacco,14.0,77.2,4.6,44.0,10.2,Low,No Significant Pest,No Spray Needed (monitor only)
Oil seeds,16.0,66.5,0.0,15.7,90.1,High,Mustard Aphid,Dimethoate 30% EC
Sugarcane,36.3,56.5,0.0,38.0,26.4,Low,Early Shoot Borer,Chlorantraniliprole 18.5% SC
Sugarcane,25.3,59.5,21.0,55.3,12.0,Low,No Significant Pest,No Spray Needed (monitor only)
Barley,25.6,66.8,0.0,23.2,38.8,Medium,Aphid,Imidacloprid 17.8% SL
Paddy,29.5,90.0,79.7,60.1,66.3,High,Stem Borer,Cartap Hydrochloride 4% G
Tobacco,29.5,50.6,17.7,35.2,6.4,Low,No Significant Pest,No Spray Needed (monitor only)
Maize,24.2,71.7,45.1,42.7,32.2,Medium,Fall Armyworm,Spinetoram 11.7% SC
Ground Nuts,30.8,55.7,0.4,12.9,48.9,Medium,Leaf Miner,Chlorpyrifos 20% EC
Ground Nuts,28.1,61.8,100.0,47.3,19.3,Low,Leaf Miner,Chlorpyrifos 20% EC
Ground Nuts,33.1,75.6,0.0,38.2,39.6,Medium,Leaf Miner,Chlorpyrifos 20% EC
Sugarcane,35.1,73.2,65.0,33.9,44.7,Medium,Early Shoot Borer,Chlorantraniliprole 18.5% SC
Millets,33.7,73.6,0.0,15.1,58.2,Medium,Earhead Bug,Malathion 50% EC
Cotton,25.0,89.7,0.0,22.3,37.0,Medium,Jassid,Thiamethoxam 25% WG
Cotton,33.6,76.0,110.0,43.2,47.9,Medium,Pink Bollworm,Emamectin Benzoate 5% SG
Barley,16.4,46.3,0.0,35.5,43.2,Medium,Aphid,Imidacloprid 17.8% SL
Paddy,35.4,73.1,21.8,55.4,9.7,Low,No Significant Pest,No Spray Needed (monitor only)
Sugarcane,21.9,54.0,2.9,58.0,0.5,Low,No Significant Pest,No Spray Needed (monitor only)
Tobacco,14.8,61.5,1.7,36.5,16.0,Low,Aphid,Imidacloprid 17.8% SL
Barley,9.9,48.2,0.0,27.0,23.4,Low,Aphid,Imidacloprid 17.8% SL
Pulses,19.2,81.2,5.3,30.4,67.1,High,Aphid,Thiamethoxam 25% WG
Ground Nuts,28.0,69.3,29.5,38.5,36.2,Medium,Leaf Miner,Chlorpyrifos 20% EC
Pulses,31.4,85.1,0.0,21.0,53.9,Medium,Pod Borer (Helicoverpa),Emamectin Benzoate 5% SG
Sugarcane,37.9,85.5,0.0,27.2,37.7,Medium,Early Shoot Borer,Chlorantraniliprole 18.5% SC
Maize,24.4,58.1,71.4,45.6,25.3,Low,Fall Armyworm,Spinetoram 11.7% SC
Tobacco,27.3,85.1,6.6,20.2,50.2,Medium,Aphid,Imidacloprid 17.8% SL
Cotton,33.0,75.9,38.4,44.5,44.1,Medium,Whitefly,Diafenthiuron 50% WP
Maize,32.5,82.4,0.0,24.5,30.1,Medium,Stem Borer,Chlorantraniliprole 18.5% SC
Cotton,37.7,57.8,28.1,43.0,10.9,Low,No Significant Pest,No Spray Needed (monitor only)
Cotton,31.8,59.5,0.0,34.6,54.8,Medium,Whitefly,Diafenthiuron 50% WP
Tobacco,30.2,50.2,0.0,39.4,3.6,Low,No Significant Pest,No Spray Needed (monitor only)
Wheat,12.0,44.4,15.3,23.9,12.9,Low,No Significant Pest,No Spray Needed (monitor only)
Sugarcane,21.8,68.5,0.9,34.7,5.9,Low,No Significant Pest,No Spray Needed (monitor only)
Tobacco,29.1,76.7,1.2,39.0,46.8,Medium,Spodoptera Caterpillar,Emamectin Benzoate 5% SG
Tobacco,30.3,60.3,20.0,37.7,26.8,Low,Spodoptera Caterpillar,Emamectin Benzoate 5% SG
Millets,37.4,41.5,49.9,15.0,2.7,Low,No Significant Pest,No Spray Needed (monitor only)
Oil seeds,25.2,67.0,0.0,22.7,29.5,Low,Mustard Aphid,Dimethoate 30% EC
Wheat,17.5,65.9,9.4,32.3,56.4,Medium,Aphid,Imidacloprid 17.8% SL
Ground Nuts,27.4,81.5,53.9,17.3,48.5,Medium,Aphid,Imidacloprid 17.8% SL
Sugarcane,37.0,73.6,14.2,38.3,33.8,Medium,Early Shoot Borer,Chlorantraniliprole 18.5% SC
Cotton,24.3,82.2,35.5,19.4,24.5,Low,Jassid,Thiamethoxam 25% WG
Tobacco,17.9,59.1,10.9,32.7,27.2,Low,Aphid,Imidacloprid 17.8% SL
Oil seeds,27.0,74.0,89.7,40.3,54.6,Medium,Girdle Beetle,Lambda-cyhalothrin 5% EC
Barley,23.4,64.0,0.5,28.2,51.2,Medium,Aphid,Imidacloprid 17.8% SL
Oil seeds,32.3,47.8,21.4,31.6,0.0,Low,No Significant Pest,No Spray Needed (monitor only)
Ground Nuts,32.8,85.0,0.0,39.1,45.2,Medium,Leaf Miner,Chlorpyrifos 20% EC
Paddy,23.6,83.0,0.0,63.3,20.7,Low,Stem Borer,Cartap Hydrochloride 4% G
Tobacco,30.0,44.7,8.1,43.9,0.7,Low,No Significant Pest,No Spray Needed (monitor only)
Maize,29.7,54.1,30.0,27.3,15.9,Low,Fall Armyworm,Spinetoram 11.7% SC
Ground Nuts,27.0,59.8,38.1,31.0,26.2,Low,Aphid,Imidacloprid 17.8% SL
Sugarcane,28.7,93.9,0.0,41.1,59.3,Medium,Early Shoot Borer,Chlorantraniliprole 18.5% SC
Pulses,11.1,67.1,1.0,27.3,14.8,Low,No Significant Pest,No Spray Needed (monitor only)
Oil seeds,23.7,54.8,88.7,34.3,10.2,Low,No Significant Pest,No Spray Needed (monitor only)
Pulses,23.6,68.7,1.7,21.7,71.8,High,Pod Borer (Helicoverpa),Emamectin Benzoate 5% SG
Oil seeds,23.1,65.8,0.0,36.5,35.0,Medium,Mustard Aphid,Dimethoate 30% EC
Sugarcane,23.1,69.6,35.1,58.5,8.9,Low,No Significant Pest,No Spray Needed (monitor only)
Maize,25.6,61.1,37.7,28.6,21.0,Low,Fall Armyworm,Spinetoram 11.7% SC
Ground Nuts,28.5,66.3,49.0,43.4,25.3,Low,Leaf Miner,Chlorpyrifos 20% EC
Paddy,30.5,86.6,46.4,69.1,56.6,Medium,Stem Borer,Cartap Hydrochloride 4% G
Wheat,26.4,86.2,1.7,44.4,52.1,Medium,Termite,Chlorpyrifos 20% EC
Tobacco,25.0,50.7,14.5,23.9,18.9,Low,Aphid,Imidacloprid 17.8% SL
Pulses,20.1,45.8,0.4,33.7,23.5,Low,Aphid,Thiamethoxam 25% WG
Millets,24.5,55.3,2.8,12.1,23.7,Low,Earhead Bug,Malathion 50% EC
Oil seeds,24.3,82.2,30.8,43.7,42.2,Medium,Alternaria Blight,Mancozeb 75% WP
Tobacco,24.2,68.5,26.8,44.5,37.9,Medium,Spodoptera Caterpillar,Emamectin Benzoate 5% SG
Tobacco,30.7,57.8,0.0,43.0,10.6,Low,No Significant Pest,No Spray Needed (monitor only)
Ground Nuts,35.3,73.7,3.0,14.8,31.7,Medium,Leaf Miner,Chlorpyrifos 20% EC
Sugarcane,25.2,92.1,6.0,40.6,30.8,Medium,Woolly Aphid,Imidacloprid 17.8% SL
Barley,22.0,53.3,0.5,16.0,58.2,Medium,Aphid,Imidacloprid 17.8% SL
Oil seeds,29.4,85.6,0.0,22.8,38.6,Medium,Girdle Beetle,Lambda-cyhalothrin 5% EC
Paddy,31.2,75.4,89.4,84.9,47.6,Medium,Stem Borer,Cartap Hydrochloride 4% G
Millets,24.7,66.8,0.0,31.8,37.5,Medium,Shoot Fly,Thiamethoxam 30% FS
Wheat,24.5,71.3,15.5,41.9,36.8,Medium,Termite,Chlorpyrifos 20% EC
Maize,34.7,55.2,0.0,26.7,1.1,Low,No Significant Pest,No Spray Needed (monitor only)
Millets,24.4,66.6,0.0,19.6,26.1,Low,Earhead Bug,Malathion 50% EC
Ground Nuts,30.1,52.9,31.6,31.0,24.9,Low,Leaf Miner,Chlorpyrifos 20% EC
Ground Nuts,28.4,82.8,9.9,13.0,87.8,High,Aphid,Imidacloprid 17.8% SL
Millets,24.2,78.1,18.2,14.9,28.0,Low,Shoot Fly,Thiamethoxam 30% FS
Cotton,26.1,69.0,10.7,20.1,40.4,Medium,Jassid,Thiamethoxam 25% WG
Oil seeds,27.4,51.6,2.6,27.8,4.9,Low,No Significant Pest,No Spray Needed (monitor only)
Cotton,30.5,61.7,5.1,40.5,47.2,Medium,Jassid,Thiamethoxam 25% WG
Oil seeds,27.1,87.8,0.0,43.9,58.7,Medium,Girdle Beetle,Lambda-cyhalothrin 5% EC
Pulses,32.4,54.1,13.2,40.8,10.7,Low,No Significant Pest,No Spray Needed (monitor only)
Wheat,8.7,79.5,3.6,27.9,15.4,Low,Aphid,Imidacloprid 17.8% SL
Wheat,23.1,71.2,0.5,23.2,81.0,High,Termite,Chlorpyrifos 20% EC
Ground Nuts,35.6,72.1,2.3,31.7,25.5,Low,Leaf Miner,Chlorpyrifos 20% EC
Maize,33.5,63.8,24.7,26.4,18.2,Low,Fall Armyworm,Spinetoram 11.7% SC
Maize,25.5,60.4,101.9,26.3,28.6,Low,Fall Armyworm,Spinetoram 11.7% SC
Oil seeds,33.3,63.2,23.7,26.4,0.0,Low,No Significant Pest,No Spray Needed (monitor only)
Barley,8.2,35.8,1.8,31.9,6.2,Low,No Significant Pest,No Spray Needed (monitor only)
Barley,24.8,49.3,0.0,33.5,27.7,Low,Aphid,Imidacloprid 17.8% SL
Millets,36.3,81.0,0.0,20.7,19.2,Low,Earhead Bug,Malathion 50% EC
Barley,25.0,58.8,0.0,40.0,22.5,Low,Aphid,Imidacloprid 17.8% SL
Cotton,35.5,85.2,60.1,23.0,31.8,Medium,Whitefly,Diafenthiuron 50% WP
Cotton,27.8,88.0,0.0,40.4,55.0,Medium,Jassid,Thiamethoxam 25% WG
Paddy,27.5,86.7,0.0,45.3,31.0,Medium,Stem Borer,Cartap Hydrochloride 4% G
Pulses,23.2,78.0,0.0,38.8,54.3,Medium,Wilt,Carbendazim 50% WP
Barley,15.0,84.3,9.4,30.0,63.4,High,Yellow Rust,Propiconazole 25% EC
Wheat,11.2,71.6,13.0,31.8,29.7,Low,Yellow Rust,Propiconazole 25% EC
Pulses,30.5,67.7,0.2,31.0,43.2,Medium,Pod Borer (Helicoverpa),Emamectin Benzoate 5% SG
Sugarcane,31.0,89.2,0.0,41.0,73.0,High,Early Shoot Borer,Chlorantraniliprole 18.5% SC
Oil seeds,19.3,77.7,0.0,43.2,65.8,High,Mustard Aphid,Dimethoate 30% EC
Pulses,19.2,58.3,0.0,27.9,60.6,High,Aphid,Thiamethoxam 25% WG
Pulses,12.9,48.7,12.5,18.8,11.4,Low,No Significant Pest,No Spray Needed (monitor only)
Barley,27.1,78.6,4.3,31.9,22.3,Low,Aphid,Imidacloprid 17.8% SL
Sugarcane,25.1,51.2,18.8,52.3,6.1,Low,No Significant Pest,No Spray Needed (monitor only)
Tobacco,21.1,63.9,0.0,39.2,43.6,Medium,Aphid,Imidacloprid 17.8% SL
Maize,28.1,58.2,0.0,30.6,20.9,Low,Fall Armyworm,Spinetoram 11.7% SC
Pulses,12.8,46.3,10.3,20.2,10.5,Low,No Significant Pest,No Spray Needed (monitor only)
Oil seeds,13.5,85.7,0.0,31.4,48.7,Medium,Mustard Aphid,Dimethoate 30% EC
Wheat,27.0,49.5,1.2,29.5,48.6,Medium,Termite,Chlorpyrifos 20% EC
Millets,29.2,53.1,17.1,19.8,40.4,Medium,Earhead Bug,Malathion 50% EC
Oil seeds,13.0,82.0,0.0,21.9,62.0,High,Mustard Aphid,Dimethoate 30% EC
Tobacco,15.5,44.1,0.0,37.0,4.1,Low,No Significant Pest,No Spray Needed (monitor only)
Tobacco,22.8,56.9,2.7,41.8,29.6,Low,Aphid,Imidacloprid 17.8% SL
Barley,27.2,70.0,15.0,23.4,20.1,Low,Aphid,Imidacloprid 17.8% SL
Sugarcane,30.3,62.5,81.5,37.5,34.7,Medium,Early Shoot Borer,Chlorantraniliprole 18.5% SC
Barley,14.9,52.7,8.3,24.7,47.1,Medium,Aphid,Imidacloprid 17.8% SL
Cotton,36.1,53.4,36.6,35.6,16.4,Low,Whitefly,Diafenthiuron 50% WP
Pulses,29.2,68.9,25.9,33.9,35.9,Medium,Wilt,Carbendazim 50% WP
Sugarcane,30.7,63.1,61.3,44.8,34.9,Medium,Early Shoot Borer,Chlorantraniliprole 18.5% SC
Sugarcane,28.4,74.2,4.6,45.7,37.7,Medium,Early Shoot Borer,Chlorantraniliprole 18.5% SC
Sugarcane,23.8,54.6,61.1,59.0,3.4,Low,No Significant Pest,No Spray Needed (monitor only)
Maize,26.5,67.3,0.0,18.6,19.2,Low,Fall Armyworm,Spinetoram 11.7% SC
Oil seeds,23.0,59.5,0.0,35.0,35.4,Medium,Mustard Aphid,Dimethoate 30% EC
Sugarcane,36.8,90.4,25.2,27.2,47.3,Medium,Early Shoot Borer,Chlorantraniliprole 18.5% SC
Cotton,29.3,88.0,0.0,19.3,91.8,High,Jassid,Thiamethoxam 25% WG
Paddy,35.3,87.2,150.0,78.7,32.6,Medium,Stem Borer,Cartap Hydrochloride 4% G
Millets,27.7,69.6,0.0,16.0,70.2,High,Earhead Bug,Malathion 50% EC
Pulses,32.8,58.0,32.7,24.2,18.5,Low,Pod Borer (Helicoverpa),Emamectin Benzoate 5% SG
Ground Nuts,24.9,88.9,90.4,24.3,57.9,Medium,Leaf Spot (Tikka),Hexaconazole 5% EC
Wheat,22.0,55.8,1.1,36.8,53.9,Medium,Termite,Chlorpyrifos 20% EC
Millets,33.9,71.9,0.0,32.9,37.5,Medium,Earhead Bug,Malathion 50% EC
Oil seeds,27.4,63.6,53.7,26.3,17.6,Low,Girdle Beetle,Lambda-cyhalothrin 5% EC
Wheat,25.6,46.7,0.0,24.9,62.2,High,Termite,Chlorpyrifos 20% EC
Wheat,8.1,70.3,4.7,37.7,10.9,Low,No Significant Pest,No Spray Needed (monitor only)
Cotton,26.2,67.3,0.0,38.0,30.2,Medium,Jassid,Thiamethoxam 25% WG
Cotton,29.2,79.7,109.8,35.6,90.2,High,Pink Bollworm,Emamectin Benzoate 5% SG
Ground Nuts,26.0,64.7,15.5,37.8,39.2,Medium,Aphid,Imidacloprid 17.8% SL
Barley,18.3,47.7,3.1,17.3,62.8,High,Aphid,Imidacloprid 17.8% SL
Ground Nuts,33.0,77.1,0.0,14.7,71.2,High,Leaf Miner,Chlorpyrifos 20% EC
Barley,26.1,48.2,8.2,21.4,20.8,Low,Aphid,Imidacloprid 17.8% SL
Pulses,14.1,82.9,60.0,37.3,14.0,Low,No Significant Pest,No Spray Needed (monitor only)
Tobacco,25.7,67.8,20.9,32.1,34.0,Medium,Spodoptera Caterpillar,Emamectin Benzoate 5% SG
Paddy,23.4,67.4,5.4,78.4,11.6,Low,No Significant Pest,No Spray Needed (monitor only)
Sugarcane,31.4,76.8,17.7,27.2,84.6,High,Early Shoot Borer,Chlorantraniliprole 18.5% SC
Tobacco,17.4,82.2,0.0,21.9,53.3,Medium,Aphid,Imidacloprid 17.8% SL
Millets,27.7,74.9,8.1,25.8,56.1,Medium,Shoot Fly,Thiamethoxam 30% FS
Millets,37.6,69.7,33.9,20.3,9.9,Low,No Significant Pest,No Spray Needed (monitor only)
Oil seeds,18.1,88.1,42.9,18.8,49.0,Medium,Mustard Aphid,Dimethoate 30% EC
Paddy,29.3,89.8,27.0,42.8,39.8,Medium,Stem Borer,Cartap Hydrochloride 4% G
Paddy,32.2,62.6,80.6,68.8,16.2,Low,Stem Borer,Cartap Hydrochloride 4% G
Paddy,35.2,89.8,98.4,54.3,21.3,Low,Stem Borer,Cartap Hydrochloride 4% G
Millets,28.7,51.2,6.9,24.7,35.6,Medium,Earhead Bug,Malathion 50% EC
Pulses,16.4,65.4,0.7,16.2,70.3,High,Aphid,Thiamethoxam 25% WG
Ground Nuts,27.2,78.7,100.0,22.6,51.6,Medium,Leaf Spot (Tikka),Hexaconazole 5% EC
Millets,31.3,54.5,18.2,31.9,31.6,Medium,Earhead Bug,Malathion 50% EC
Wheat,19.5,65.9,13.1,23.3,50.7,Medium,Aphid,Imidacloprid 17.8% SL
Ground Nuts,34.9,75.5,0.0,23.9,34.6,Medium,Leaf Miner,Chlorpyrifos 20% EC
Ground Nuts,35.9,71.8,14.7,37.6,15.7,Low,Leaf Miner,Chlorpyrifos 20% EC
Oil seeds,24.7,46.8,0.0,27.7,14.4,Low,No Significant Pest,No Spray Needed (monitor only)
Tobacco,31.1,79.4,4.7,37.9,41.3,Medium,Spodoptera Caterpillar,Emamectin Benzoate 5% SG
Cotton,27.0,82.1,3.4,43.5,49.9,Medium,Pink Bollworm,Emamectin Benzoate 5% SG
Maize,32.4,82.8,0.0,23.9,27.7,Low,Fall Armyworm,Spinetoram 11.7% SC
Ground Nuts,33.2,73.2,6.4,19.6,58.7,Medium,Leaf Miner,Chlorpyrifos 20% EC
Cotton,32.5,52.1,2.2,28.7,40.3,Medium,Whitefly,Diafenthiuron 50% WP
Sugarcane,32.8,91.3,84.4,64.6,31.3,Medium,Red Rot,Carbendazim 50% WP
Millets,25.4,61.6,54.0,27.1,55.0,Medium,Shoot Fly,Thiamethoxam 30% FS
Sugarcane,31.2,82.3,0.0,32.7,83.6,High,Early Shoot Borer,Chlorantraniliprole 18.5% SC
Millets,36.8,48.0,0.0,30.4,2.3,Low,No Significant Pest,No Spray Needed (monitor only)
Tobacco,18.4,76.5,0.0,25.0,64.6,High,Aphid,Imidacloprid 17.8% SL
Wheat,14.2,53.3,0.0,33.6,43.3,Medium,Aphid,Imidacloprid 17.8% SL
Millets,26.4,63.4,41.1,15.5,48.7,Medium,Shoot Fly,Thiamethoxam 30% FS
Paddy,30.3,96.6,2.7,51.3,40.9,Medium,Stem Borer,Cartap Hydrochloride 4% G
Wheat,26.5,46.1,14.2,35.7,32.6,Medium,Termite,Chlorpyrifos 20% EC
Millets,36.7,65.0,0.0,23.0,19.7,Low,Earhead Bug,Malathion 50% EC
Millets,36.7,85.3,21.1,31.0,10.7,Low,No Significant Pest,No Spray Needed (monitor only)
Sugarcane,25.1,69.5,0.0,52.5,11.9,Low,No Significant Pest,No Spray Needed (monitor only)
Cotton,30.2,50.5,14.3,38.6,34.4,Medium,Whitefly,Diafenthiuron 50% WP
Oil seeds,29.2,44.0,3.1,32.9,0.4,Low,No Significant Pest,No Spray Needed (monitor only)
Barley,24.6,35.0,4.6,32.0,7.0,Low,No Significant Pest,No Spray Needed (monitor only)
Ground Nuts,28.0,81.5,10.2,22.8,79.7,High,Aphid,Imidacloprid 17.8% SL
Wheat,12.7,51.0,0.0,25.4,37.6,Medium,Aphid,Imidacloprid 17.8% SL
Oil seeds,25.9,46.1,7.7,17.3,10.8,Low,No Significant Pest,No Spray Needed (monitor only)
Millets,29.8,87.0,57.2,38.9,85.5,High,Shoot Fly,Thiamethoxam 30% FS
Maize,31.4,51.7,0.0,27.2,10.0,Low,No Significant Pest,No Spray Needed (monitor only)
Millets,30.7,85.7,15.4,32.9,52.1,Medium,Earhead Bug,Malathion 50% EC
Paddy,29.2,73.0,0.0,68.2,34.8,Medium,Stem Borer,Cartap Hydrochloride 4% G
Oil seeds,19.8,82.2,1.3,21.9,82.1,High,Mustard Aphid,Dimethoate 30% EC
Millets,25.1,57.9,0.0,28.2,23.5,Low,Earhead Bug,Malathion 50% EC
Barley,21.9,52.0,0.0,19.0,55.0,Medium,Aphid,Imidacloprid 17.8% SL
Cotton,28.3,45.4,0.0,41.5,16.6,Low,Whitefly,Diafenthiuron 50% WP
Pulses,19.5,76.2,17.3,20.6,54.3,Medium,Aphid,Thiamethoxam 25% WG
Paddy,29.6,78.4,62.1,51.4,44.4,Medium,Stem Borer,Cartap Hydrochloride 4% G
Millets,31.9,69.5,1.3,13.7,75.9,High,Earhead Bug,Malathion 50% EC
Wheat,13.2,50.4,14.9,27.6,27.9,Low,Aphid,Imidacloprid 17.8% SL
Paddy,27.3,69.2,96.8,49.2,29.6,Low,Stem Borer,Cartap Hydrochloride 4% G
Cotton,35.7,57.6,73.8,40.7,17.0,Low,Whitefly,Diafenthiuron 50% WP
Tobacco,13.0,48.6,38.2,36.1,1.8,Low,No Significant Pest,No Spray Needed (monitor only)
Maize,27.6,61.2,0.0,45.0,32.4,Medium,Fall Armyworm,Spinetoram 11.7% SC
Ground Nuts,33.1,73.8,0.0,28.7,43.8,Medium,Leaf Miner,Chlorpyrifos 20% EC
Sugarcane,21.7,61.4,0.0,39.1,1.9,Low,No Significant Pest,No Spray Needed (monitor only)
Wheat,20.5,70.9,1.4,32.4,61.8,High,Aphid,Imidacloprid 17.8% SL
Cotton,37.2,82.2,52.3,48.1,16.2,Low,Whitefly,Diafenthiuron 50% WP
Oil seeds,21.6,47.4,12.8,43.9,12.9,Low,No Significant Pest,No Spray Needed (monitor only)
Wheat,9.4,87.7,30.0,29.3,40.5,Medium,Yellow Rust,Propiconazole 25% EC
Millets,34.1,49.8,26.4,14.0,18.2,Low,Earhead Bug,Malathion 50% EC
Paddy,35.5,82.3,38.0,44.5,11.8,Low,No Significant Pest,No Spray Needed (monitor only)
Ground Nuts,29.5,87.8,0.0,17.6,96.0,High,Leaf Miner,Chlorpyrifos 20% EC
Pulses,22.0,36.0,0.0,33.2,8.9,Low,No Significant Pest,No Spray Needed (monitor only)
Cotton,36.1,82.4,19.0,27.8,34.9,Medium,Whitefly,Diafenthiuron 50% WP
Oil seeds,22.5,83.8,36.9,35.4,50.8,Medium,Alternaria Blight,Mancozeb 75% WP
Millets,35.5,63.6,0.0,19.9,24.9,Low,Earhead Bug,Malathion 50% EC
Tobacco,30.5,67.9,0.1,24.6,24.3,Low,Spodoptera Caterpillar,Emamectin Benzoate 5% SG
Paddy,25.6,88.6,0.0,70.2,37.6,Medium,Stem Borer,Cartap Hydrochloride 4% G
Ground Nuts,33.9,50.7,40.0,42.9,8.0,Low,No Significant Pest,No Spray Needed (monitor only)
Pulses,12.8,53.2,0.0,31.8,14.6,Low,No Significant Pest,No Spray Needed (monitor only)
Paddy,25.4,82.8,0.0,68.7,32.3,Medium,Stem Borer,Cartap Hydrochloride 4% G
Paddy,31.7,86.8,0.0,60.7,39.1,Medium,Stem Borer,Cartap Hydrochloride 4% G
Pulses,33.6,38.5,0.0,19.8,4.2,Low,No Significant Pest,No Spray Needed (monitor only)
Millets,33.3,86.4,0.0,14.3,61.5,High,Earhead Bug,Malathion 50% EC
Sugarcane,31.0,57.7,0.0,55.1,35.5,Medium,Early Shoot Borer,Chlorantraniliprole 18.5% SC
Barley,26.1,77.8,0.0,31.7,29.3,Low,Aphid,Imidacloprid 17.8% SL
Oil seeds,31.1,42.5,0.0,19.6,1.1,Low,No Significant Pest,No Spray Needed (monitor only)
Maize,31.8,65.2,120.0,40.1,56.0,Medium,Fall Armyworm,Spinetoram 11.7% SC
Sugarcane,22.5,52.5,20.9,37.3,4.4,Low,No Significant Pest,No Spray Needed (monitor only)
Tobacco,15.1,75.3,0.1,36.8,27.3,Low,Aphid,Imidacloprid 17.8% SL
Millets,32.2,84.8,83.1,17.7,51.8,Medium,Shoot Fly,Thiamethoxam 30% FS
Millets,24.6,59.4,27.3,15.7,22.0,Low,Shoot Fly,Thiamethoxam 30% FS
Maize,24.3,85.3,0.0,47.9,46.4,Medium,Turcicum Leaf Blight,Mancozeb 75% WP
Tobacco,25.5,61.3,19.9,29.8,20.4,Low,Aphid,Imidacloprid 17.8% SL
Ground Nuts,35.3,83.0,10.9,40.2,24.1,Low,Leaf Miner,Chlorpyrifos 20% EC
Pulses,10.1,89.5,1.3,27.0,7.2,Low,No Significant Pest,No Spray Needed (monitor only)
Paddy,22.7,81.8,118.5,82.3,26.3,Low,Stem Borer,Cartap Hydrochloride 4% G
Maize,26.3,57.8,4.1,47.6,17.3,Low,Fall Armyworm,Spinetoram 11.7% SC
Barley,25.0,67.4,8.5,40.0,25.1,Low,Aphid,Imidacloprid 17.8% SL
Paddy,23.2,93.7,0.0,70.2,33.0,Medium,Blast,Tricyclazole 75% WP
Oil seeds,31.0,72.8,0.0,42.4,30.6,Medium,Girdle Beetle,Lambda-cyhalothrin 5% EC
Cotton,27.1,56.1,12.2,28.6,33.3,Medium,Whitefly,Diafenthiuron 50% WP
Barley,8.4,81.7,2.0,28.5,21.5,Low,Aphid,Imidacloprid 17.8% SL
Sugarcane,34.6,81.4,94.0,46.4,33.0,Medium,Early Shoot Borer,Chlorantraniliprole 18.5% SC
Maize,22.3,80.3,78.1,52.7,42.8,Medium,Turcicum Leaf Blight,Mancozeb 75% WP
Sugarcane,29.7,50.4,24.8,57.6,17.3,Low,Early Shoot Borer,Chlorantraniliprole 18.5% SC
Wheat,27.9,48.9,4.6,24.1,55.0,Medium,Termite,Chlorpyrifos 20% EC
Maize,35.9,90.6,83.6,25.3,23.5,Low,Stem Borer,Chlorantraniliprole 18.5% SC
Maize,33.2,67.7,0.0,20.1,15.0,Low,Fall Armyworm,Spinetoram 11.7% SC
Wheat,26.8,46.0,1.2,38.6,42.3,Medium,Termite,Chlorpyrifos 20% EC
Pulses,19.2,49.9,51.3,24.3,22.5,Low,Aphid,Thiamethoxam 25% WG
Oil seeds,12.6,61.6,10.8,21.5,29.6,Low,Mustard Aphid,Dimethoate 30% EC
Ground Nuts,25.4,64.9,0.0,25.7,49.1,Medium,Aphid,Imidacloprid 17.8% SL
Maize,24.7,69.2,65.3,38.5,30.0,Medium,Fall Armyworm,Spinetoram 11.7% SC
Sugarcane,20.3,55.8,33.1,52.4,0.0,Low,No Significant Pest,No Spray Needed (monitor only)
Oil seeds,29.5,58.6,0.0,23.4,5.5,Low,No Significant Pest,No Spray Needed (monitor only)
Sugarcane,32.2,76.7,7.4,64.9,51.6,Medium,Early Shoot Borer,Chlorantraniliprole 18.5% SC
Barley,23.8,76.1,7.3,24.3,41.7,Medium,Aphid,Imidacloprid 17.8% SL
Oil seeds,17.2,55.1,78.2,27.5,31.4,Medium,Mustard Aphid,Dimethoate 30% EC
Maize,31.3,66.8,0.0,25.3,28.1,Low,Fall Armyworm,Spinetoram 11.7% SC
Wheat,14.3,50.9,0.8,25.6,45.2,Medium,Aphid,Imidacloprid 17.8% SL
Tobacco,25.1,82.4,10.5,38.7,54.1,Medium,Spodoptera Caterpillar,Emamectin Benzoate 5% SG
Paddy,22.4,91.2,35.2,76.5,32.3,Medium,Blast,Tricyclazole 75% WP
Cotton,26.6,83.4,92.0,46.3,80.8,High,Pink Bollworm,Emamectin Benzoate 5% SG
Paddy,34.0,75.8,1.9,78.5,21.9,Low,Stem Borer,Cartap Hydrochloride 4% G
Ground Nuts,31.0,53.4,100.0,41.4,9.1,Low,No Significant Pest,No Spray Needed (monitor only)
Ground Nuts,27.4,71.6,23.4,17.0,66.5,High,Aphid,Imidacloprid 17.8% SL
Paddy,34.5,86.1,36.6,43.9,17.2,Low,Stem Borer,Cartap Hydrochloride 4% G
Paddy,29.1,76.8,0.0,53.8,31.5,Medium,Stem Borer,Cartap Hydrochloride 4% G
Wheat,26.7,66.3,17.1,39.4,36.1,Medium,Termite,Chlorpyrifos 20% EC
Pulses,16.0,77.0,60.0,32.1,23.8,Low,Aphid,Thiamethoxam 25% WG
Barley,25.7,61.6,0.3,22.7,34.4,Medium,Aphid,Imidacloprid 17.8% SL
Ground Nuts,26.6,57.0,78.7,37.3,12.9,Low,No Significant Pest,No Spray Needed (monitor only)
Ground Nuts,25.4,68.9,0.0,14.4,74.9,High,Aphid,Imidacloprid 17.8% SL
Millets,35.7,74.9,4.2,14.4,28.0,Low,Earhead Bug,Malathion 50% EC
Tobacco,12.3,56.3,0.0,35.2,5.6,Low,No Significant Pest,No Spray Needed (monitor only)
Cotton,36.3,86.4,0.0,19.9,42.6,Medium,Whitefly,Diafenthiuron 50% WP
Pulses,13.6,49.9,0.0,30.1,19.5,Low,Aphid,Thiamethoxam 25% WG
Maize,23.6,79.5,0.0,37.4,25.2,Low,Turcicum Leaf Blight,Mancozeb 75% WP
Pulses,29.6,63.9,10.2,23.8,47.5,Medium,Pod Borer (Helicoverpa),Emamectin Benzoate 5% SG
Millets,25.0,85.5,0.0,20.4,36.5,Medium,Earhead Bug,Malathion 50% EC
Oil seeds,17.0,78.4,0.3,37.3,71.4,High,Mustard Aphid,Dimethoate 30% EC
Pulses,22.3,57.0,0.0,16.6,61.9,High,Aphid,Thiamethoxam 25% WG
Wheat,14.8,55.6,0.0,21.5,68.4,High,Aphid,Imidacloprid 17.8% SL
Maize,34.6,62.1,0.0,46.3,17.2,Low,Fall Armyworm,Spinetoram 11.7% SC
Wheat,25.5,79.4,0.0,44.3,51.1,Medium,Termite,Chlorpyrifos 20% EC
Ground Nuts,27.6,90.3,0.0,17.3,95.1,High,Aphid,Imidacloprid 17.8% SL
Millets,30.3,76.1,14.7,16.9,73.1,High,Earhead Bug,Malathion 50% EC
Ground Nuts,29.9,65.9,0.0,28.2,60.5,High,Leaf Miner,Chlorpyrifos 20% EC
Cotton,29.9,65.7,110.0,31.0,43.4,Medium,Pink Bollworm,Emamectin Benzoate 5% SG
Maize,26.9,85.8,0.0,25.3,33.7,Medium,Fall Armyworm,Spinetoram 11.7% SC
Maize,32.5,85.3,13.9,31.4,33.8,Medium,Stem Borer,Chlorantraniliprole 18.5% SC
Maize,32.9,70.1,0.0,45.2,28.2,Low,Fall Armyworm,Spinetoram 11.7% SC
Millets,26.4,59.5,23.0,36.2,45.9,Medium,Shoot Fly,Thiamethoxam 30% FS
Wheat,22.2,64.5,21.3,27.4,41.1,Medium,Termite,Chlorpyrifos 20% EC
Cotton,30.3,79.1,23.8,46.2,64.9,High,Pink Bollworm,Emamectin Benzoate 5% SG
Paddy,23.8,61.0,0.0,73.7,1.3,Low,No Significant Pest,No Spray Needed (monitor only)
Paddy,29.0,60.1,39.1,71.7,14.0,Low,No Significant Pest,No Spray Needed (monitor only)
Maize,33.8,90.5,120.0,56.2,68.8,High,Stem Borer,Chlorantraniliprole 18.5% SC
Cotton,35.8,89.3,8.3,24.9,44.9,Medium,Whitefly,Diafenthiuron 50% WP
Pulses,30.4,80.8,0.0,30.2,53.0,Medium,Pod Borer (Helicoverpa),Emamectin Benzoate 5% SG
Millets,31.9,45.2,0.0,26.6,25.9,Low,Earhead Bug,Malathion 50% EC
Pulses,20.2,60.3,11.1,28.2,49.3,Medium,Aphid,Thiamethoxam 25% WG
Paddy,28.9,88.3,9.4,70.8,56.4,Medium,Stem Borer,Cartap Hydrochloride 4% G
Sugarcane,34.8,78.1,99.5,42.5,29.4,Low,Early Shoot Borer,Chlorantraniliprole 18.5% SC
Pulses,28.8,41.3,0.0,37.4,8.7,Low,No Significant Pest,No Spray Needed (monitor only)
Pulses,27.9,68.3,5.2,17.7,70.4,High,Pod Borer (Helicoverpa),Emamectin Benzoate 5% SG
Maize,32.7,72.1,0.0,36.1,28.1,Low,Stem Borer,Chlorantraniliprole 18.5% SC
Millets,30.7,42.0,78.3,38.3,12.2,Low,No Significant Pest,No Spray Needed (monitor only)
Millets,24.4,74.3,0.0,19.1,30.9,Medium,Earhead Bug,Malathion 50% EC
Millets,35.8,53.0,56.2,35.4,11.1,Low,No Significant Pest,No Spray Needed (monitor only)
Ground Nuts,35.6,77.8,0.0,22.7,32.0,Medium,Leaf Miner,Chlorpyrifos 20% EC
Millets,29.9,51.0,11.0,21.4,35.0,Medium,Earhead Bug,Malathion 50% EC
Barley,12.4,79.0,9.6,20.7,50.0,Medium,Aphid,Imidacloprid 17.8% SL
Maize,26.7,88.2,75.5,28.2,58.8,Medium,Fall Armyworm,Spinetoram 11.7% SC
Maize,24.4,67.4,16.8,48.8,29.9,Low,Fall Armyworm,Spinetoram 11.7% SC
Barley,15.8,81.3,0.5,27.9,75.7,High,Aphid,Imidacloprid 17.8% SL
Tobacco,25.5,43.8,0.1,34.9,8.6,Low,No Significant Pest,No Spray Needed (monitor only)
Tobacco,29.2,55.2,0.0,31.3,14.8,Low,No Significant Pest,No Spray Needed (monitor only)
Cotton,37.8,56.6,43.0,42.4,6.6,Low,No Significant Pest,No Spray Needed (monitor only)
Tobacco,14.8,58.4,3.6,28.9,18.7,Low,Aphid,Imidacloprid 17.8% SL
Wheat,22.6,38.6,4.4,34.5,33.2,Medium,Termite,Chlorpyrifos 20% EC
Ground Nuts,25.5,73.3,33.5,29.3,39.6,Medium,Aphid,Imidacloprid 17.8% SL
Barley,9.3,53.7,3.6,31.9,15.8,Low,Aphid,Imidacloprid 17.8% SL
Pulses,13.2,75.1,15.3,34.9,18.4,Low,Aphid,Thiamethoxam 25% WG
Wheat,12.3,58.8,18.9,25.7,27.7,Low,Aphid,Imidacloprid 17.8% SL
Paddy,31.8,97.9,5.3,75.8,47.9,Medium,Stem Borer,Cartap Hydrochloride 4% G
Pulses,26.1,51.1,40.2,25.5,24.8,Low,Wilt,Carbendazim 50% WP
Sugarcane,24.4,88.2,37.6,67.7,52.9,Medium,Woolly Aphid,Imidacloprid 17.8% SL
Pulses,14.0,83.9,18.9,40.9,16.8,Low,Aphid,Thiamethoxam 25% WG
Oil seeds,31.8,61.3,0.0,18.5,6.2,Low,No Significant Pest,No Spray Needed (monitor only)
Maize,29.9,65.2,44.1,46.8,60.2,High,Fall Armyworm,Spinetoram 11.7% SC
Tobacco,16.3,63.8,22.6,20.7,19.6,Low,Aphid,Imidacloprid 17.8% SL
Millets,33.1,83.6,0.0,19.9,55.8,Medium,Earhead Bug,Malathion 50% EC
Sugarcane,34.1,75.3,2.4,44.0,59.8,Medium,Early Shoot Borer,Chlorantraniliprole 18.5% SC
Pulses,30.1,78.8,0.0,23.3,58.3,Medium,Pod Borer (Helicoverpa),Emamectin Benzoate 5% SG
Cotton,36.2,65.1,4.1,35.6,25.8,Low,Whitefly,Diafenthiuron 50% WP
Maize,34.6,77.7,87.2,39.6,38.4,Medium,Stem Borer,Chlorantraniliprole 18.5% SC
Maize,24.8,60.4,0.0,18.6,9.9,Low,No Significant Pest,No Spray Needed (monitor only)
Barley,14.4,65.8,0.0,36.8,50.1,Medium,Aphid,Imidacloprid 17.8% SL
Maize,31.6,69.4,1.8,38.0,36.1,Medium,Fall Armyworm,Spinetoram 11.7% SC
Maize,24.4,52.6,25.1,38.2,9.5,Low,No Significant Pest,No Spray Needed (monitor only)
Paddy,25.1,66.3,0.0,79.3,13.8,Low,No Significant Pest,No Spray Needed (monitor only)
Cotton,34.6,51.9,0.4,42.3,24.9,Low,Whitefly,Diafenthiuron 50% WP
Cotton,28.9,47.2,45.6,44.4,19.7,Low,Whitefly,Diafenthiuron 50% WP
Sugarcane,37.4,90.1,47.2,57.4,18.6,Low,Early Shoot Borer,Chlorantraniliprole 18.5% SC
Sugarcane,23.7,68.6,0.0,33.4,13.4,Low,No Significant Pest,No Spray Needed (monitor only)
Ground Nuts,30.4,88.3,16.6,35.4,50.7,Medium,Leaf Miner,Chlorpyrifos 20% EC
Paddy,23.8,72.5,30.5,66.2,14.8,Low,No Significant Pest,No Spray Needed (monitor only)
Sugarcane,31.8,70.7,0.0,60.6,49.5,Medium,Early Shoot Borer,Chlorantraniliprole 18.5% SC
Millets,35.3,68.6,90.0,33.8,21.3,Low,Shoot Fly,Thiamethoxam 30% FS
Sugarcane,20.5,65.5,0.0,43.4,3.8,Low,No Significant Pest,No Spray Needed (monitor only)
Tobacco,26.5,67.1,0.0,22.7,57.9,Medium,Aphid,Imidacloprid 17.8% SL
Barley,10.0,68.3,19.5,20.1,22.1,Low,Aphid,Imidacloprid 17.8% SL
Millets,37.0,74.7,4.6,33.2,11.7,Low,No Significant Pest,No Spray Needed (monitor only)
Tobacco,31.1,50.3,7.8,38.9,3.2,Low,No Significant Pest,No Spray Needed (monitor only)
Sugarcane,35.4,93.0,0.0,49.8,43.5,Medium,Early Shoot Borer,Chlorantraniliprole 18.5% SC
Tobacco,12.6,55.5,0.0,24.8,5.5,Low,No Significant Pest,No Spray Needed (monitor only)
Maize,25.8,58.2,0.0,27.3,15.7,Low,Fall Armyworm,Spinetoram 11.7% SC
Tobacco,22.4,79.5,19.7,21.1,46.9,Medium,Aphid,Imidacloprid 17.8% SL
Paddy,25.9,88.6,99.6,62.2,60.8,High,Stem Borer,Cartap Hydrochloride 4% G
Cotton,30.5,68.7,33.4,45.9,46.7,Medium,Whitefly,Diafenthiuron 50% WP
Ground Nuts,25.0,51.2,9.6,26.2,15.6,Low,Aphid,Imidacloprid 17.8% SL
Paddy,22.5,68.6,0.0,66.6,6.1,Low,No Significant Pest,No Spray Needed (monitor only)
Sugarcane,22.4,89.2,1.1,31.2,19.6,Low,Woolly Aphid,Imidacloprid 17.8% SL
Millets,36.8,84.5,0.0,27.9,20.6,Low,Earhead Bug,Malathion 50% EC
Barley,8.4,48.0,0.0,31.3,14.3,Low,No Significant Pest,No Spray Needed (monitor only)
Paddy,33.0,96.5,21.1,73.7,38.6,Medium,Stem Borer,Cartap Hydrochloride 4% G
Wheat,9.8,79.9,4.0,40.5,22.0,Low,Yellow Rust,Propiconazole 25% EC
Millets,32.1,73.1,0.0,26.9,63.4,High,Earhead Bug,Malathion 50% EC
Pulses,31.3,37.7,9.2,37.4,4.4,Low,No Significant Pest,No Spray Needed (monitor only)
Maize,31.1,90.1,5.8,19.2,39.8,Medium,Stem Borer,Chlorantraniliprole 18.5% SC
Barley,15.1,65.1,8.0,28.2,45.2,Medium,Aphid,Imidacloprid 17.8% SL
Tobacco,22.3,44.3,0.0,26.9,17.9,Low,Aphid,Imidacloprid 17.8% SL
Sugarcane,29.2,62.8,0.0,37.9,46.7,Medium,Early Shoot Borer,Chlorantraniliprole 18.5% SC
Ground Nuts,33.6,91.5,0.1,27.6,50.8,Medium,Leaf Miner,Chlorpyrifos 20% EC
Sugarcane,25.8,88.8,51.4,62.3,61.6,High,Woolly Aphid,Imidacloprid 17.8% SL
Paddy,35.2,95.3,96.8,49.6,16.1,Low,Stem Borer,Cartap Hydrochloride 4% G
Sugarcane,26.1,57.1,19.5,45.9,12.8,Low,No Significant Pest,No Spray Needed (monitor only)
Ground Nuts,24.2,69.1,0.0,21.5,52.6,Medium,Aphid,Imidacloprid 17.8% SL
Pulses,11.5,72.7,0.0,36.9,14.5,Low,No Significant Pest,No Spray Needed (monitor only)
Barley,19.2,57.8,0.0,36.5,53.1,Medium,Aphid,Imidacloprid 17.8% SL
Oil seeds,32.1,58.1,0.6,20.1,4.2,Low,No Significant Pest,No Spray Needed (monitor only)
Wheat,23.0,85.6,10.6,28.1,60.2,High,Termite,Chlorpyrifos 20% EC
Barley,8.3,71.3,0.0,15.4,24.4,Low,Aphid,Imidacloprid 17.8% SL
Paddy,32.3,84.9,10.1,52.6,27.8,Low,Stem Borer,Cartap Hydrochloride 4% G
Oil seeds,27.4,58.8,47.7,28.8,12.4,Low,No Significant Pest,No Spray Needed (monitor only)
Pulses,23.8,50.0,0.0,38.7,24.2,Low,Aphid,Thiamethoxam 25% WG
Wheat,23.2,80.2,0.3,32.8,65.2,High,Termite,Chlorpyrifos 20% EC
Barley,21.6,75.7,25.0,27.4,34.6,Medium,Aphid,Imidacloprid 17.8% SL
Ground Nuts,32.1,76.9,12.1,13.3,80.2,High,Leaf Miner,Chlorpyrifos 20% EC
Pulses,15.1,46.3,39.5,18.9,9.6,Low,No Significant Pest,No Spray Needed (monitor only)
Oil seeds,24.7,81.1,11.4,19.7,29.2,Low,Mustard Aphid,Dimethoate 30% EC
Barley,14.9,37.6,0.0,28.9,19.9,Low,Aphid,Imidacloprid 17.8% SL
Ground Nuts,29.0,72.7,0.0,25.1,65.4,High,Leaf Miner,Chlorpyrifos 20% EC
Pulses,21.3,78.9,26.0,21.9,45.6,Medium,Aphid,Thiamethoxam 25% WG
Sugarcane,31.0,68.4,4.4,59.8,51.4,Medium,Early Shoot Borer,Chlorantraniliprole 18.5% SC
Pulses,33.5,74.5,0.0,33.2,20.1,Low,Pod Borer (Helicoverpa),Emamectin Benzoate 5% SG
Pulses,18.0,54.3,9.8,31.1,40.4,Medium,Aphid,Thiamethoxam 25% WG
Tobacco,16.9,54.6,0.0,33.5,18.3,Low,Aphid,Imidacloprid 17.8% SL
Pulses,12.8,57.2,0.0,26.2,20.6,Low,Aphid,Thiamethoxam 25% WG
Paddy,31.9,69.7,45.7,53.4,17.4,Low,Stem Borer,Cartap Hydrochloride 4% G
Maize,33.2,54.7,4.5,43.3,8.6,Low,No Significant Pest,No Spray Needed (monitor only)
Paddy,33.8,64.2,9.2,43.0,8.9,Low,No Significant Pest,No Spray Needed (monitor only)
Millets,36.6,58.4,0.0,16.8,13.8,Low,No Significant Pest,No Spray Needed (monitor only)
Tobacco,15.5,73.0,0.0,43.5,25.6,Low,Aphid,Imidacloprid 17.8% SL
Cotton,27.8,77.6,16.7,22.6,75.7,High,Jassid,Thiamethoxam 25% WG
Pulses,29.9,64.4,4.3,36.6,33.6,Medium,Pod Borer (Helicoverpa),Emamectin Benzoate 5% SG
Cotton,24.9,66.7,0.0,26.8,28.4,Low,Whitefly,Diafenthiuron 50% WP
Wheat,24.4,37.7,0.0,26.9,41.6,Medium,Termite,Chlorpyrifos 20% EC
Maize,27.3,76.7,0.0,41.7,50.6,Medium,Fall Armyworm,Spinetoram 11.7% SC
Paddy,30.1,91.2,131.6,71.4,95.9,High,Stem Borer,Cartap Hydrochloride 4% G
Wheat,11.5,80.3,0.0,42.2,40.4,Medium,Yellow Rust,Propiconazole 25% EC
Tobacco,13.0,42.3,40.0,21.7,1.9,Low,No Significant Pest,No Spray Needed (monitor only)
Wheat,11.1,37.2,19.8,19.6,1.3,Low,No Significant Pest,No Spray Needed (monitor only)
Sugarcane,34.8,86.6,0.0,54.9,49.0,Medium,Early Shoot Borer,Chlorantraniliprole 18.5% SC
Tobacco,18.9,55.9,4.2,33.0,26.2,Low,Aphid,Imidacloprid 17.8% SL
Paddy,33.2,89.0,59.4,51.8,30.5,Medium,Stem Borer,Cartap Hydrochloride 4% G
Cotton,32.8,60.2,52.5,26.1,41.6,Medium,Whitefly,Diafenthiuron 50% WP
Cotton,24.6,47.7,4.8,25.3,11.9,Low,No Significant Pest,No Spray Needed (monitor only)
Pulses,32.3,82.6,5.4,22.5,36.2,Medium,Pod Borer (Helicoverpa),Emamectin Benzoate 5% SG
Millets,28.1,75.3,90.0,34.9,99.6,High,Shoot Fly,Thiamethoxam 30% FS
Cotton,32.4,75.6,6.6,28.7,72.4,High,Whitefly,Diafenthiuron 50% WP
Tobacco,20.0,43.1,23.1,21.4,8.7,Low,No Significant Pest,No Spray Needed (monitor only)
Paddy,24.9,75.6,27.5,66.6,23.0,Low,Stem Borer,Cartap Hydrochloride 4% G
Pulses,29.1,81.8,14.4,40.3,41.5,Medium,Wilt,Carbendazim 50% WP
Pulses,31.7,58.9,0.0,38.6,16.8,Low,Pod Borer (Helicoverpa),Emamectin Benzoate 5% SG
Maize,33.3,77.8,0.0,43.0,31.8,Medium,Stem Borer,Chlorantraniliprole 18.5% SC
Ground Nuts,30.2,91.5,0.0,31.7,67.1,High,Leaf Miner,Chlorpyrifos 20% EC
Barley,10.3,61.6,12.1,33.0,19.8,Low,Aphid,Imidacloprid 17.8% SL
Oil seeds,18.9,61.9,0.0,22.3,73.7,High,Mustard Aphid,Dimethoate 30% EC
Ground Nuts,30.4,81.4,27.4,28.0,50.0,Medium,Leaf Miner,Chlorpyrifos 20% EC
Pulses,20.8,82.9,13.6,18.4,65.8,High,Aphid,Thiamethoxam 25% WG
Ground Nuts,29.0,64.9,40.3,38.5,33.7,Medium,Leaf Miner,Chlorpyrifos 20% EC
Tobacco,24.0,49.4,0.0,25.9,23.8,Low,Aphid,Imidacloprid 17.8% SL
Ground Nuts,26.5,68.5,23.2,40.0,38.4,Medium,Aphid,Imidacloprid 17.8% SL
Oil seeds,30.8,87.2,15.8,40.5,46.1,Medium,Girdle Beetle,Lambda-cyhalothrin 5% EC
Sugarcane,30.2,70.1,4.7,58.3,41.7,Medium,Early Shoot Borer,Chlorantraniliprole 18.5% SC
Maize,29.1,67.4,120.0,32.2,60.6,High,Fall Armyworm,Spinetoram 11.7% SC
Wheat,15.0,78.3,0.0,26.0,73.9,High,Aphid,Imidacloprid 17.8% SL
Oil seeds,28.3,55.8,58.5,41.4,11.6,Low,No Significant Pest,No Spray Needed (monitor only)
Barley,22.4,78.0,2.1,21.1,68.5,High,Aphid,Imidacloprid 17.8% SL
Paddy,24.0,88.4,0.0,79.0,33.0,Medium,Blast,Tricyclazole 75% WP
Sugarcane,33.0,81.3,30.7,52.9,48.9,Medium,Early Shoot Borer,Chlorantraniliprole 18.5% SC
Paddy,22.0,88.4,30.5,61.2,16.6,Low,Blast,Tricyclazole 75% WP
Millets,27.1,84.2,27.6,21.6,62.8,High,Shoot Fly,Thiamethoxam 30% FS
Ground Nuts,25.0,90.3,32.1,41.4,62.2,High,Leaf Spot (Tikka),Hexaconazole 5% EC
Oil seeds,26.9,43.3,0.0,34.2,7.1,Low,No Significant Pest,No Spray Needed (monitor only)
Cotton,34.2,55.5,24.0,19.3,45.9,Medium,Whitefly,Diafenthiuron 50% WP
Tobacco,12.1,86.1,0.0,43.9,9.5,Low,No Significant Pest,No Spray Needed (monitor only)
Wheat,11.0,65.7,18.1,28.0,17.3,Low,Aphid,Imidacloprid 17.8% SL
Pulses,33.7,40.8,49.8,41.1,4.8,Low,No Significant Pest,No Spray Needed (monitor only)
Maize,35.8,91.7,26.4,31.7,16.4,Low,Stem Borer,Chlorantraniliprole 18.5% SC
Ground Nuts,25.3,71.5,49.8,16.9,45.3,Medium,Aphid,Imidacloprid 17.8% SL
Pulses,32.0,59.9,21.8,37.7,18.9,Low,Pod Borer (Helicoverpa),Emamectin Benzoate 5% SG
Ground Nuts,30.5,54.9,17.6,17.3,36.1,Medium,Leaf Miner,Chlorpyrifos 20% EC
Tobacco,16.4,84.9,15.3,42.9,22.1,Low,Aphid,Imidacloprid 17.8% SL
Millets,33.5,87.5,0.6,31.8,42.0,Medium,Earhead Bug,Malathion 50% EC
Sugarcane,36.9,77.5,106.3,69.0,12.8,Low,No Significant Pest,No Spray Needed (monitor only)
Pulses,18.6,36.5,14.8,25.8,9.1,Low,No Significant Pest,No Spray Needed (monitor only)
Millets,25.1,58.0,15.7,25.2,30.3,Medium,Shoot Fly,Thiamethoxam 30% FS
Oil seeds,33.4,72.2,0.0,23.6,6.9,Low,No Significant Pest,No Spray Needed (monitor only)
Cotton,34.5,49.8,11.9,20.0,33.6,Medium,Whitefly,Diafenthiuron 50% WP
Wheat,22.1,66.0,8.8,33.8,52.9,Medium,Termite,Chlorpyrifos 20% EC
Paddy,32.2,64.8,4.0,68.6,13.8,Low,No Significant Pest,No Spray Needed (monitor only)
Ground Nuts,24.5,54.6,0.0,25.8,23.7,Low,Aphid,Imidacloprid 17.8% SL
Sugarcane,33.5,52.3,36.1,39.5,22.8,Low,Early Shoot Borer,Chlorantraniliprole 18.5% SC
Paddy,24.0,60.7,128.7,57.2,5.2,Low,No Significant Pest,No Spray Needed (monitor only)
Paddy,25.5,85.6,150.0,90.7,62.5,High,Stem Borer,Cartap Hydrochloride 4% G
Tobacco,16.1,50.5,0.0,44.7,11.4,Low,No Significant Pest,No Spray Needed (monitor only)
Oil seeds,12.1,66.0,11.0,33.9,23.1,Low,Mustard Aphid,Dimethoate 30% EC
Pulses,28.6,38.0,43.7,21.1,2.3,Low,No Significant Pest,No Spray Needed (monitor only)
Maize,30.9,83.7,0.0,23.9,41.0,Medium,Stem Borer,Chlorantraniliprole 18.5% SC
Oil seeds,25.4,78.5,29.0,47.1,44.2,Medium,Girdle Beetle,Lambda-cyhalothrin 5% EC
Millets,32.4,73.0,90.0,39.6,58.4,Medium,Shoot Fly,Thiamethoxam 30% FS
Pulses,28.5,38.8,0.0,38.9,3.5,Low,No Significant Pest,No Spray Needed (monitor only)
Ground Nuts,31.3,72.3,4.9,28.9,55.9,Medium,Leaf Miner,Chlorpyrifos 20% EC
Sugarcane,37.7,83.8,65.5,67.6,13.4,Low,No Significant Pest,No Spray Needed (monitor only)
Cotton,36.2,87.1,110.0,25.0,20.3,Low,Whitefly,Diafenthiuron 50% WP
Millets,30.1,68.9,14.3,14.4,74.4,High,Earhead Bug,Malathion 50% EC
Oil seeds,19.3,76.6,44.3,44.5,32.4,Medium,Alternaria Blight,Mancozeb 75% WP
Wheat,12.3,77.4,3.8,24.7,38.7,Medium,Aphid,Imidacloprid 17.8% SL
Millets,28.6,72.3,25.7,20.5,63.6,High,Shoot Fly,Thiamethoxam 30% FS
Barley,25.7,65.0,0.0,37.5,28.3,Low,Aphid,Imidacloprid 17.8% SL
Tobacco,26.5,80.5,3.3,26.2,51.6,Medium,Aphid,Imidacloprid 17.8% SL
Tobacco,24.4,52.9,17.3,29.4,18.2,Low,Aphid,Imidacloprid 17.8% SL
Tobacco,23.8,41.3,40.0,37.1,2.0,Low,No Significant Pest,No Spray Needed (monitor only)
Millets,30.6,56.6,0.0,14.4,64.1,High,Earhead Bug,Malathion 50% EC
Maize,22.3,85.6,3.9,48.7,37.1,Medium,Turcicum Leaf Blight,Mancozeb 75% WP
Barley,26.1,49.2,0.0,28.7,18.2,Low,Aphid,Imidacloprid 17.8% SL
Wheat,9.4,76.9,14.7,31.4,23.8,Low,Yellow Rust,Propiconazole 25% EC
Paddy,35.9,94.0,7.3,69.2,12.2,Low,No Significant Pest,No Spray Needed (monitor only)
Ground Nuts,34.8,61.0,0.0,22.7,25.4,Low,Leaf Miner,Chlorpyrifos 20% EC
Pulses,28.5,44.7,8.0,28.5,9.4,Low,No Significant Pest,No Spray Needed (monitor only)
Ground Nuts,30.6,51.0,0.0,22.0,33.9,Medium,Leaf Miner,Chlorpyrifos 20% EC
Pulses,21.9,48.7,10.0,37.1,23.3,Low,Aphid,Thiamethoxam 25% WG
Tobacco,17.3,53.1,0.0,29.3,21.1,Low,Aphid,Imidacloprid 17.8% SL
Millets,28.6,43.3,33.1,17.0,13.1,Low,No Significant Pest,No Spray Needed (monitor only)
Millets,36.4,50.4,0.0,12.3,11.2,Low,No Significant Pest,No Spray Needed (monitor only)
Sugarcane,26.9,75.7,21.3,45.3,29.7,Low,Early Shoot Borer,Chlorantraniliprole 18.5% SC
Pulses,26.5,45.1,9.9,34.1,10.3,Low,No Significant Pest,No Spray Needed (monitor only)
Ground Nuts,30.2,87.6,0.0,22.8,81.1,High,Leaf Miner,Chlorpyrifos 20% EC
Sugarcane,33.6,80.3,0.0,49.3,54.2,Medium,Early Shoot Borer,Chlorantraniliprole 18.5% SC
Maize,23.9,87.3,0.0,28.7,32.8,Medium,Turcicum Leaf Blight,Mancozeb 75% WP
Pulses,18.5,53.8,0.0,19.5,62.3,High,Aphid,Thiamethoxam 25% WG
Sugarcane,32.4,90.9,25.1,65.1,49.9,Medium,Early Shoot Borer,Chlorantraniliprole 18.5% SC
Wheat,16.1,72.0,11.4,29.9,50.3,Medium,Aphid,Imidacloprid 17.8% SL
Maize,24.2,52.8,0.0,27.4,4.5,Low,No Significant Pest,No Spray Needed (monitor only)
Pulses,20.1,60.6,28.2,37.9,39.9,Medium,Wilt,Carbendazim 50% WP
Barley,15.1,77.5,3.0,36.4,65.7,High,Aphid,Imidacloprid 17.8% SL
Cotton,36.7,61.5,0.0,18.0,29.6,Low,Whitefly,Diafenthiuron 50% WP
Barley,9.5,45.5,0.0,27.0,15.0,Low,No Significant Pest,No Spray Needed (monitor only)
Tobacco,26.2,51.2,6.7,38.5,15.4,Low,Aphid,Imidacloprid 17.8% SL
Oil seeds,16.3,58.6,0.0,43.9,42.1,Medium,Mustard Aphid,Dimethoate 30% EC
Pulses,24.6,69.7,12.8,18.2,59.7,Medium,Pod Borer (Helicoverpa),Emamectin Benzoate 5% SG
Tobacco,24.8,56.5,3.5,32.9,32.0,Medium,Aphid,Imidacloprid 17.8% SL
Cotton,26.4,51.0,45.5,45.3,15.3,Low,Whitefly,Diafenthiuron 50% WP
Cotton,27.3,56.6,86.6,45.1,24.8,Low,Pink Bollworm,Emamectin Benzoate 5% SG
Maize,33.9,61.3,35.6,39.6,19.7,Low,Fall Armyworm,Spinetoram 11.7% SC
Ground Nuts,29.2,82.1,23.6,22.2,66.8,High,Leaf Miner,Chlorpyrifos 20% EC
Wheat,12.5,66.7,30.0,36.6,29.0,Low,Yellow Rust,Propiconazole 25% EC
Maize,30.2,81.4,5.4,19.5,33.1,Medium,Stem Borer,Chlorantraniliprole 18.5% SC
Oil seeds,19.7,92.0,40.3,25.6,52.8,Medium,Alternaria Blight,Mancozeb 75% WP
Pulses,30.6,40.5,0.0,38.6,0.4,Low,No Significant Pest,No Spray Needed (monitor only)
Sugarcane,20.3,70.6,10.8,46.8,2.7,Low,No Significant Pest,No Spray Needed (monitor only)
Millets,31.6,82.5,56.8,22.4,51.2,Medium,Shoot Fly,Thiamethoxam 30% FS
Maize,31.1,50.8,0.0,21.3,9.6,Low,No Significant Pest,No Spray Needed (monitor only)
Cotton,29.7,58.8,40.6,22.5,53.9,Medium,Whitefly,Diafenthiuron 50% WP
Pulses,31.7,55.7,25.5,32.9,11.3,Low,No Significant Pest,No Spray Needed (monitor only)
Wheat,17.6,58.8,4.5,25.3,71.5,High,Aphid,Imidacloprid 17.8% SL
Tobacco,20.4,86.8,0.0,30.4,82.5,High,Aphid,Imidacloprid 17.8% SL
Maize,28.3,76.1,55.0,45.2,75.5,High,Fall Armyworm,Spinetoram 11.7% SC
Wheat,19.4,87.3,12.2,20.6,71.9,High,Aphid,Imidacloprid 17.8% SL
Sugarcane,36.0,68.0,0.0,55.6,32.8,Medium,Early Shoot Borer,Chlorantraniliprole 18.5% SC
Barley,27.0,76.2,11.2,25.3,22.3,Low,Aphid,Imidacloprid 17.8% SL
Tobacco,30.9,43.5,0.0,26.4,2.8,Low,No Significant Pest,No Spray Needed (monitor only)
Millets,33.2,80.5,20.7,18.9,44.5,Medium,Earhead Bug,Malathion 50% EC
Oil seeds,13.0,66.4,0.0,34.2,43.7,Medium,Mustard Aphid,Dimethoate 30% EC
Cotton,34.8,77.4,0.0,39.6,40.2,Medium,Whitefly,Diafenthiuron 50% WP
Cotton,24.4,46.1,17.2,24.5,6.6,Low,No Significant Pest,No Spray Needed (monitor only)
Pulses,30.5,82.0,36.9,30.5,30.8,Medium,Wilt,Carbendazim 50% WP
Oil seeds,29.8,74.1,65.6,37.5,41.4,Medium,Girdle Beetle,Lambda-cyhalothrin 5% EC
Sugarcane,27.1,80.5,0.0,53.4,27.0,Low,Early Shoot Borer,Chlorantraniliprole 18.5% SC
Paddy,28.1,72.4,53.2,73.8,36.0,Medium,Stem Borer,Cartap Hydrochloride 4% G
Wheat,15.7,45.8,0.0,30.5,35.1,Medium,Aphid,Imidacloprid 17.8% SL
Tobacco,24.5,51.9,1.3,44.1,22.0,Low,Aphid,Imidacloprid 17.8% SL
Pulses,11.3,71.0,6.0,40.5,9.3,Low,No Significant Pest,No Spray Needed (monitor only)
Wheat,15.9,63.8,0.0,26.8,67.3,High,Aphid,Imidacloprid 17.8% SL
Millets,30.2,54.3,0.0,16.7,57.8,Medium,Earhead Bug,Malathion 50% EC
Sugarcane,37.8,87.1,87.0,39.6,17.5,Low,Early Shoot Borer,Chlorantraniliprole 18.5% SC
Ground Nuts,33.5,66.1,38.5,37.1,25.2,Low,Leaf Miner,Chlorpyrifos 20% EC
Paddy,33.7,66.0,0.0,44.4,3.5,Low,No Significant Pest,No Spray Needed (monitor only)
Tobacco,18.4,64.3,3.1,28.4,43.3,Medium,Aphid,Imidacloprid 17.8% SL
Tobacco,20.8,52.4,0.0,33.9,26.9,Low,Aphid,Imidacloprid 17.8% SL
Sugarcane,35.6,52.2,32.9,54.8,14.3,Low,No Significant Pest,No Spray Needed (monitor only)
Barley,8.4,44.2,15.5,31.3,9.2,Low,No Significant Pest,No Spray Needed (monitor only)
Pulses,15.8,51.5,22.9,22.0,21.0,Low,Aphid,Thiamethoxam 25% WG
Tobacco,24.4,80.1,2.9,25.8,73.9,High,Aphid,Imidacloprid 17.8% SL
Oil seeds,30.3,43.4,3.4,21.3,2.9,Low,No Significant Pest,No Spray Needed (monitor only)
Tobacco,22.3,74.8,1.4,28.0,75.4,High,Aphid,Imidacloprid 17.8% SL
Wheat,26.5,76.1,11.1,30.2,54.0,Medium,Termite,Chlorpyrifos 20% EC
Millets,26.1,69.7,0.0,34.4,57.4,Medium,Shoot Fly,Thiamethoxam 30% FS
Pulses,10.2,42.8,0.0,39.7,3.3,Low,No Significant Pest,No Spray Needed (monitor only)
Cotton,28.4,82.1,22.6,22.7,71.5,High,Jassid,Thiamethoxam 25% WG
Wheat,26.9,76.5,5.4,34.9,49.9,Medium,Termite,Chlorpyrifos 20% EC
Cotton,28.4,53.6,9.7,20.9,53.3,Medium,Whitefly,Diafenthiuron 50% WP
Sugarcane,30.1,89.3,30.1,59.5,40.9,Medium,Early Shoot Borer,Chlorantraniliprole 18.5% SC
Paddy,31.2,90.5,0.0,54.2,37.1,Medium,Stem Borer,Cartap Hydrochloride 4% G
Cotton,29.3,86.5,55.8,37.1,79.1,High,Pink Bollworm,Emamectin Benzoate 5% SG
Maize,33.0,74.7,30.2,47.4,42.4,Medium,Stem Borer,Chlorantraniliprole 18.5% SC
Cotton,26.5,69.3,0.0,21.1,55.8,Medium,Jassid,Thiamethoxam 25% WG
Tobacco,26.8,74.2,35.6,41.4,76.0,High,Spodoptera Caterpillar,Emamectin Benzoate 5% SG
Wheat,11.0,60.2,7.6,27.1,20.8,Low,Aphid,Imidacloprid 17.8% SL
Tobacco,27.1,56.3,0.0,27.8,24.5,Low,Aphid,Imidacloprid 17.8% SL
Pulses,25.3,49.3,20.9,27.4,18.7,Low,Wilt,Carbendazim 50% WP
Barley,13.1,41.2,1.3,32.2,18.5,Low,Aphid,Imidacloprid 17.8% SL
Ground Nuts,24.9,76.4,0.0,14.8,79.4,High,Aphid,Imidacloprid 17.8% SL
Millets,30.9,56.5,19.3,11.8,51.9,Medium,Earhead Bug,Malathion 50% EC
Tobacco,22.9,85.8,8.0,43.2,51.0,Medium,Aphid,Imidacloprid 17.8% SL
Barley,25.9,61.5,9.6,28.5,26.4,Low,Aphid,Imidacloprid 17.8% SL
Wheat,11.8,37.2,4.4,31.6,12.0,Low,No Significant Pest,No Spray Needed (monitor only)
Maize,23.2,84.3,0.0,49.4,31.1,Medium,Turcicum Leaf Blight,Mancozeb 75% WP
Maize,35.4,91.0,0.0,43.0,22.5,Low,Stem Borer,Chlorantraniliprole 18.5% SC
Ground Nuts,28.9,61.2,10.5,28.2,54.3,Medium,Leaf Miner,Chlorpyrifos 20% EC
Pulses,17.8,44.1,0.1,15.2,23.3,Low,Aphid,Thiamethoxam 25% WG
Paddy,26.9,68.8,0.2,61.7,24.4,Low,Stem Borer,Cartap Hydrochloride 4% G
Cotton,34.0,82.9,4.0,40.6,44.8,Medium,Whitefly,Diafenthiuron 50% WP
Ground Nuts,32.4,54.2,52.4,41.4,13.3,Low,No Significant Pest,No Spray Needed (monitor only)
Cotton,25.8,82.6,46.9,33.9,52.3,Medium,Pink Bollworm,Emamectin Benzoate 5% SG
Millets,24.1,51.0,66.9,37.9,24.5,Low,Shoot Fly,Thiamethoxam 30% FS
Pulses,31.5,55.3,0.0,27.5,20.6,Low,Pod Borer (Helicoverpa),Emamectin Benzoate 5% SG
Pulses,11.6,61.5,0.0,24.4,17.9,Low,Aphid,Thiamethoxam 25% WG
Tobacco,23.2,67.9,14.0,26.8,50.3,Medium,Aphid,Imidacloprid 17.8% SL
Ground Nuts,31.2,65.3,0.0,15.6,71.9,High,Leaf Miner,Chlorpyrifos 20% EC
Millets,35.3,72.9,0.0,33.5,25.4,Low,Earhead Bug,Malathion 50% EC
Maize,27.5,75.7,71.7,53.3,87.7,High,Fall Armyworm,Spinetoram 11.7% SC
Tobacco,25.2,40.4,4.4,30.9,6.0,Low,No Significant Pest,No Spray Needed (monitor only)
Tobacco,30.0,78.6,0.0,33.9,40.6,Medium,Spodoptera Caterpillar,Emamectin Benzoate 5% SG
Ground Nuts,27.9,90.5,5.9,14.1,81.9,High,Aphid,Imidacloprid 17.8% SL
Ground Nuts,29.0,65.9,100.0,27.5,26.4,Low,Leaf Miner,Chlorpyrifos 20% EC
Barley,25.8,47.4,0.0,23.0,20.9,Low,Aphid,Imidacloprid 17.8% SL
Ground Nuts,27.3,52.0,0.0,30.5,24.8,Low,Leaf Miner,Chlorpyrifos 20% EC
Paddy,29.1,78.0,18.8,50.7,32.3,Medium,Stem Borer,Cartap Hydrochloride 4% G
Wheat,17.1,37.2,29.7,21.0,13.4,Low,No Significant Pest,No Spray Needed (monitor only)
Wheat,12.1,52.9,11.3,33.5,22.0,Low,Aphid,Imidacloprid 17.8% SL
Ground Nuts,25.2,53.0,100.0,38.1,6.4,Low,No Significant Pest,No Spray Needed (monitor only)
Maize,33.1,82.1,0.0,39.2,30.1,Medium,Stem Borer,Chlorantraniliprole 18.5% SC
Maize,30.8,80.9,28.0,21.8,44.3,Medium,Stem Borer,Chlorantraniliprole 18.5% SC
Maize,27.2,67.6,0.0,39.8,40.2,Medium,Fall Armyworm,Spinetoram 11.7% SC
Maize,22.4,72.1,9.9,35.1,8.8,Low,No Significant Pest,No Spray Needed (monitor only)
Sugarcane,35.3,58.3,52.8,43.3,22.5,Low,Early Shoot Borer,Chlorantraniliprole 18.5% SC
Sugarcane,37.7,86.8,0.0,38.7,31.8,Medium,Early Shoot Borer,Chlorantraniliprole 18.5% SC
Pulses,10.7,62.0,0.0,39.7,7.5,Low,No Significant Pest,No Spray Needed (monitor only)
Barley,17.0,58.8,15.2,35.0,37.5,Medium,Aphid,Imidacloprid 17.8% SL
Barley,25.6,40.4,11.1,37.2,8.9,Low,No Significant Pest,No Spray Needed (monitor only)
Paddy,24.2,64.4,0.0,78.1,11.5,Low,No Significant Pest,No Spray Needed (monitor only)
Ground Nuts,35.7,56.3,26.6,27.0,9.7,Low,No Significant Pest,No Spray Needed (monitor only)
Barley,21.6,66.6,6.0,25.2,66.3,High,Aphid,Imidacloprid 17.8% SL
Barley,27.0,37.8,0.0,36.9,7.6,Low,No Significant Pest,No Spray Needed (monitor only)
Tobacco,26.2,63.4,0.0,40.9,32.9,Medium,Aphid,Imidacloprid 17.8% SL
Millets,30.5,79.0,0.0,25.4,74.3,High,Earhead Bug,Malathion 50% EC
Barley,23.2,36.8,6.8,17.1,14.7,Low,No Significant Pest,No Spray Needed (monitor only)
Wheat,26.5,58.9,4.3,26.3,66.1,High,Termite,Chlorpyrifos 20% EC
Maize,26.5,61.2,37.4,26.5,22.5,Low,Fall Armyworm,Spinetoram 11.7% SC
Paddy,34.4,65.0,0.0,75.2,6.6,Low,No Significant Pest,No Spray Needed (monitor only)
Cotton,33.8,50.5,11.0,29.1,32.2,Medium,Whitefly,Diafenthiuron 50% WP
Tobacco,25.8,74.7,0.0,24.8,61.3,High,Aphid,Imidacloprid 17.8% SL
Wheat,24.0,71.9,30.0,38.7,31.5,Medium,Termite,Chlorpyrifos 20% EC
Wheat,19.0,70.9,0.0,40.1,67.1,High,Aphid,Imidacloprid 17.8% SL
Oil seeds,16.0,82.0,38.0,23.2,47.3,Medium,Mustard Aphid,Dimethoate 30% EC
Tobacco,26.3,57.5,1.2,25.4,31.8,Medium,Aphid,Imidacloprid 17.8% SL
Cotton,28.6,53.2,0.0,29.5,30.7,Medium,Whitefly,Diafenthiuron 50% WP
Barley,15.4,50.8,0.0,31.6,46.3,Medium,Aphid,Imidacloprid 17.8% SL
Ground Nuts,26.4,51.3,0.0,17.9,21.9,Low,Leaf Miner,Chlorpyrifos 20% EC
Ground Nuts,32.3,54.9,36.5,32.3,20.8,Low,Leaf Miner,Chlorpyrifos 20% EC
Pulses,10.9,84.0,25.5,31.8,9.5,Low,No Significant Pest,No Spray Needed (monitor only)
Millets,31.8,41.9,0.0,16.3,11.1,Low,No Significant Pest,No Spray Needed (monitor only)
Wheat,10.5,83.0,3.6,25.1,28.0,Low,Aphid,Imidacloprid 17.8% SL
Tobacco,18.3,76.2,0.0,33.5,50.0,Medium,Aphid,Imidacloprid 17.8% SL
Paddy,29.5,63.3,0.0,68.3,13.1,Low,No Significant Pest,No Spray Needed (monitor only)
Pulses,24.6,89.1,26.5,37.5,86.6,High,Wilt,Carbendazim 50% WP
Barley,23.5,51.2,4.6,27.8,38.0,Medium,Aphid,Imidacloprid 17.8% SL
Barley,13.2,70.1,0.0,28.4,65.2,High,Aphid,Imidacloprid 17.8% SL
Ground Nuts,34.7,82.4,0.0,18.1,46.6,Medium,Leaf Miner,Chlorpyrifos 20% EC
Millets,25.4,81.3,40.5,28.2,65.3,High,Shoot Fly,Thiamethoxam 30% FS
Millets,37.3,42.6,0.0,12.5,6.4,Low,No Significant Pest,No Spray Needed (monitor only)
Cotton,29.8,63.8,0.0,21.3,75.0,High,Whitefly,Diafenthiuron 50% WP
Barley,17.5,62.8,15.9,39.9,38.5,Medium,Aphid,Imidacloprid 17.8% SL
Millets,25.6,77.4,67.3,22.5,67.4,High,Shoot Fly,Thiamethoxam 30% FS
Sugarcane,22.3,60.1,0.4,40.4,4.2,Low,No Significant Pest,No Spray Needed (monitor only)
Paddy,33.1,85.3,0.0,51.8,23.9,Low,Stem Borer,Cartap Hydrochloride 4% G
Wheat,8.4,46.1,27.8,26.0,2.7,Low,No Significant Pest,No Spray Needed (monitor only)
Maize,27.1,85.6,0.1,44.8,42.8,Medium,Fall Armyworm,Spinetoram 11.7% SC
Wheat,19.5,73.2,0.0,39.8,62.7,High,Aphid,Imidacloprid 17.8% SL
Cotton,37.8,59.7,4.0,34.2,12.0,Low,No Significant Pest,No Spray Needed (monitor only)
Barley,17.1,68.7,14.1,27.2,50.1,Medium,Aphid,Imidacloprid 17.8% SL
Barley,15.7,77.1,22.5,33.4,64.8,High,Yellow Rust,Propiconazole 25% EC
Maize,24.2,89.9,0.0,41.8,45.5,Medium,Turcicum Leaf Blight,Mancozeb 75% WP
Millets,33.8,48.1,0.0,21.7,21.3,Low,Earhead Bug,Malathion 50% EC
Cotton,24.1,54.5,18.6,17.1,14.3,Low,No Significant Pest,No Spray Needed (monitor only)
Ground Nuts,27.5,62.3,72.8,21.7,29.1,Low,Aphid,Imidacloprid 17.8% SL
Oil seeds,20.6,87.5,63.1,44.4,71.9,High,Alternaria Blight,Mancozeb 75% WP
Barley,27.6,76.2,25.0,40.2,8.8,Low,No Significant Pest,No Spray Needed (monitor only)
Ground Nuts,29.1,90.4,0.0,25.4,79.7,High,Leaf Miner,Chlorpyrifos 20% EC
Maize,30.0,59.6,63.0,35.7,40.5,Medium,Fall Armyworm,Spinetoram 11.7% SC
Cotton,36.0,68.1,6.8,40.9,25.2,Low,Whitefly,Diafenthiuron 50% WP
Millets,37.2,61.4,55.5,14.9,5.9,Low,No Significant Pest,No Spray Needed (monitor only)
Paddy,34.9,84.5,29.7,54.7,16.4,Low,Stem Borer,Cartap Hydrochloride 4% G
Cotton,29.5,80.8,6.0,28.9,81.5,High,Jassid,Thiamethoxam 25% WG
Paddy,22.6,65.1,38.5,63.4,5.0,Low,No Significant Pest,No Spray Needed (monitor only)
Maize,35.0,88.5,0.0,34.4,20.2,Low,Stem Borer,Chlorantraniliprole 18.5% SC
Pulses,18.2,43.1,2.5,37.7,15.5,Low,Aphid,Thiamethoxam 25% WG
Sugarcane,22.2,73.6,0.0,43.5,9.6,Low,No Significant Pest,No Spray Needed (monitor only)
Paddy,26.1,84.3,2.4,55.4,30.6,Medium,Stem Borer,Cartap Hydrochloride 4% G
Paddy,23.6,66.8,9.7,56.6,10.7,Low,No Significant Pest,No Spray Needed (monitor only)
Pulses,19.5,70.8,0.0,38.0,58.2,Medium,Aphid,Thiamethoxam 25% WG
Wheat,26.8,87.3,5.5,33.2,58.6,Medium,Termite,Chlorpyrifos 20% EC
Pulses,22.0,46.3,2.4,23.6,30.1,Medium,Aphid,Thiamethoxam 25% WG
Pulses,15.1,35.8,0.0,24.6,3.0,Low,No Significant Pest,No Spray Needed (monitor only)
Cotton,32.1,50.8,68.6,44.2,14.4,Low,No Significant Pest,No Spray Needed (monitor only)
Barley,20.8,57.9,0.0,39.5,52.7,Medium,Aphid,Imidacloprid 17.8% SL
Oil seeds,30.8,71.0,0.0,26.8,15.7,Low,Girdle Beetle,Lambda-cyhalothrin 5% EC
Maize,33.6,52.8,56.7,41.7,14.1,Low,No Significant Pest,No Spray Needed (monitor only)
Barley,10.6,49.0,0.0,16.2,33.1,Medium,Aphid,Imidacloprid 17.8% SL
Oil seeds,19.4,81.9,9.1,17.4,86.1,High,Mustard Aphid,Dimethoate 30% EC
Maize,31.4,57.8,0.0,45.9,20.4,Low,Fall Armyworm,Spinetoram 11.7% SC
Wheat,24.7,53.0,10.5,32.9,44.2,Medium,Termite,Chlorpyrifos 20% EC
Paddy,30.4,97.4,0.0,49.5,36.0,Medium,Stem Borer,Cartap Hydrochloride 4% G
Barley,24.0,49.9,0.9,15.3,37.8,Medium,Aphid,Imidacloprid 17.8% SL
Sugarcane,20.4,54.1,0.0,51.5,0.0,Low,No Significant Pest,No Spray Needed (monitor only)
Cotton,31.6,88.7,64.7,21.1,58.7,Medium,Whitefly,Diafenthiuron 50% WP
Tobacco,22.4,62.1,14.4,25.4,36.5,Medium,Aphid,Imidacloprid 17.8% SL
Paddy,22.6,89.7,0.0,79.1,22.2,Low,Blast,Tricyclazole 75% WP
Cotton,32.8,61.8,29.1,44.9,36.2,Medium,Whitefly,Diafenthiuron 50% WP
Pulses,14.4,72.9,14.6,37.5,20.9,Low,Aphid,Thiamethoxam 25% WG
Cotton,25.2,47.0,23.4,17.1,8.6,Low,No Significant Pest,No Spray Needed (monitor only)
Oil seeds,25.6,60.0,0.0,24.9,19.0,Low,Mustard Aphid,Dimethoate 30% EC
Tobacco,14.1,59.3,0.0,33.0,9.0,Low,No Significant Pest,No Spray Needed (monitor only)
Oil seeds,33.7,55.2,39.3,35.1,3.5,Low,No Significant Pest,No Spray Needed (monitor only)
Barley,27.6,71.5,6.5,17.4,21.1,Low,Aphid,Imidacloprid 17.8% SL
Tobacco,16.5,81.8,9.3,35.6,30.8,Medium,Aphid,Imidacloprid 17.8% SL
Cotton,31.1,75.3,21.4,34.2,64.7,High,Jassid,Thiamethoxam 25% WG
Barley,24.3,38.6,0.5,37.5,9.6,Low,No Significant Pest,No Spray Needed (monitor only)
Paddy,28.6,68.5,0.0,75.1,26.4,Low,Stem Borer,Cartap Hydrochloride 4% G
Wheat,22.3,62.0,26.2,46.9,29.0,Low,Termite,Chlorpyrifos 20% EC
Tobacco,28.0,56.5,0.0,34.5,20.3,Low,Aphid,Imidacloprid 17.8% SL
Cotton,27.0,50.2,6.7,16.5,33.6,Medium,Whitefly,Diafenthiuron 50% WP
Wheat,16.5,66.0,0.0,35.6,61.6,High,Aphid,Imidacloprid 17.8% SL
Barley,18.6,46.8,3.2,40.1,36.3,Medium,Aphid,Imidacloprid 17.8% SL
Paddy,22.4,90.0,0.6,57.2,14.5,Low,No Significant Pest,No Spray Needed (monitor only)
Paddy,27.9,70.8,5.7,61.8,26.7,Low,Stem Borer,Cartap Hydrochloride 4% G
Maize,33.5,87.9,27.0,32.2,39.8,Medium,Stem Borer,Chlorantraniliprole 18.5% SC
Oil seeds,18.1,88.9,33.8,38.5,42.7,Medium,Alternaria Blight,Mancozeb 75% WP
Ground Nuts,26.0,57.5,0.0,18.0,37.8,Medium,Aphid,Imidacloprid 17.8% SL
Millets,34.2,58.7,0.0,21.2,37.8,Medium,Earhead Bug,Malathion 50% EC
Cotton,28.2,66.2,18.7,29.2,50.8,Medium,Jassid,Thiamethoxam 25% WG
Maize,33.1,88.5,0.0,27.9,30.6,Medium,Stem Borer,Chlorantraniliprole 18.5% SC
Millets,28.3,45.9,27.7,21.1,19.1,Low,Earhead Bug,Malathion 50% EC
Maize,28.6,70.7,63.3,24.0,53.1,Medium,Fall Armyworm,Spinetoram 11.7% SC
Sugarcane,34.6,63.8,61.9,43.7,28.2,Low,Early Shoot Borer,Chlorantraniliprole 18.5% SC
Millets,29.4,64.3,0.0,21.3,68.5,High,Earhead Bug,Malathion 50% EC
Pulses,33.3,88.3,0.2,31.9,22.8,Low,Pod Borer (Helicoverpa),Emamectin Benzoate 5% SG
Paddy,33.7,76.7,19.1,67.7,24.0,Low,Stem Borer,Cartap Hydrochloride 4% G
Maize,29.4,60.8,14.1,23.5,23.9,Low,Fall Armyworm,Spinetoram 11.7% SC
Ground Nuts,25.1,55.5,56.2,22.1,18.7,Low,Aphid,Imidacloprid 17.8% SL
Paddy,28.0,78.3,17.8,80.7,53.7,Medium,Stem Borer,Cartap Hydrochloride 4% G
Pulses,20.6,64.5,25.6,31.9,44.4,Medium,Wilt,Carbendazim 50% WP
Oil seeds,23.4,77.7,36.9,39.5,37.2,Medium,Alternaria Blight,Mancozeb 75% WP
Tobacco,14.6,46.3,0.0,41.8,8.1,Low,No Significant Pest,No Spray Needed (monitor only)
Pulses,20.4,76.0,0.5,31.6,73.3,High,Aphid,Thiamethoxam 25% WG
Oil seeds,25.1,80.9,0.0,30.5,27.0,Low,Girdle Beetle,Lambda-cyhalothrin 5% EC
Cotton,26.9,55.8,59.2,30.0,20.3,Low,Whitefly,Diafenthiuron 50% WP
Wheat,8.2,47.6,6.0,44.0,2.6,Low,No Significant Pest,No Spray Needed (monitor only)
Sugarcane,33.1,68.7,0.0,40.6,62.5,High,Early Shoot Borer,Chlorantraniliprole 18.5% SC
Sugarcane,30.6,77.4,0.0,35.0,78.5,High,Early Shoot Borer,Chlorantraniliprole 18.5% SC
Tobacco,25.0,64.1,1.0,29.3,53.2,Medium,Aphid,Imidacloprid 17.8% SL
Ground Nuts,33.1,57.8,0.0,34.5,30.3,Medium,Leaf Miner,Chlorpyrifos 20% EC
Barley,23.0,62.5,8.3,21.6,49.8,Medium,Aphid,Imidacloprid 17.8% SL
Pulses,32.8,70.3,2.0,28.7,26.0,Low,Pod Borer (Helicoverpa),Emamectin Benzoate 5% SG
Wheat,22.6,82.7,3.3,37.9,53.9,Medium,Termite,Chlorpyrifos 20% EC
Millets,28.7,55.4,30.1,37.1,36.8,Medium,Shoot Fly,Thiamethoxam 30% FS
Ground Nuts,28.2,62.3,0.0,22.9,52.3,Medium,Leaf Miner,Chlorpyrifos 20% EC
Barley,19.7,50.4,3.2,22.3,57.7,Medium,Aphid,Imidacloprid 17.8% SL
Barley,17.9,83.4,4.8,21.2,82.3,High,Aphid,Imidacloprid 17.8% SL
Sugarcane,29.8,86.3,70.5,66.0,38.1,Medium,Woolly Aphid,Imidacloprid 17.8% SL
Pulses,27.7,66.1,0.0,20.7,70.0,High,Pod Borer (Helicoverpa),Emamectin Benzoate 5% SG
Paddy,33.6,86.7,45.7,44.8,21.1,Low,Stem Borer,Cartap Hydrochloride 4% G
Tobacco,15.8,59.5,0.0,23.2,31.2,Medium,Aphid,Imidacloprid 17.8% SL
Sugarcane,34.6,51.3,7.2,53.2,16.4,Low,Early Shoot Borer,Chlorantraniliprole 18.5% SC
Oil seeds,15.6,55.6,0.0,33.9,44.9,Medium,Mustard Aphid,Dimethoate 30% EC
Oil seeds,13.8,60.8,0.0,25.6,48.9,Medium,Mustard Aphid,Dimethoate 30% EC
Barley,19.6,55.2,2.3,33.6,48.3,Medium,Aphid,Imidacloprid 17.8% SL
Barley,22.8,62.3,12.6,19.6,44.4,Medium,Aphid,Imidacloprid 17.8% SL
Barley,20.1,65.1,0.0,30.6,74.2,High,Aphid,Imidacloprid 17.8% SL
Maize,33.3,83.9,51.0,44.4,52.1,Medium,Stem Borer,Chlorantraniliprole 18.5% SC
Oil seeds,25.7,58.6,0.0,35.6,19.1,Low,Mustard Aphid,Dimethoate 30% EC
Wheat,17.6,87.4,0.0,27.3,82.7,High,Aphid,Imidacloprid 17.8% SL
Paddy,25.8,60.2,0.0,46.1,7.8,Low,No Significant Pest,No Spray Needed (monitor only)
Sugarcane,22.5,55.6,0.0,40.5,5.0,Low,No Significant Pest,No Spray Needed (monitor only)
Oil seeds,22.6,42.3,0.0,31.7,9.9,Low,No Significant Pest,No Spray Needed (monitor only)
Pulses,32.4,79.1,5.8,19.1,35.5,Medium,Pod Borer (Helicoverpa),Emamectin Benzoate 5% SG
Maize,34.1,57.3,0.0,31.9,10.2,Low,No Significant Pest,No Spray Needed (monitor only)
Cotton,33.3,69.1,42.9,24.1,58.6,Medium,Whitefly,Diafenthiuron 50% WP
Barley,24.0,74.2,16.5,35.1,26.8,Low,Aphid,Imidacloprid 17.8% SL
Paddy,32.0,61.7,71.0,78.5,17.5,Low,Stem Borer,Cartap Hydrochloride 4% G
Maize,23.2,59.4,0.0,27.0,8.5,Low,No Significant Pest,No Spray Needed (monitor only)
Paddy,23.3,82.2,0.0,35.5,8.6,Low,No Significant Pest,No Spray Needed (monitor only)
Oil seeds,22.0,46.5,0.0,27.1,21.5,Low,Mustard Aphid,Dimethoate 30% EC
Ground Nuts,28.5,65.2,0.0,33.1,45.7,Medium,Leaf Miner,Chlorpyrifos 20% EC
Pulses,12.0,38.7,23.7,23.4,4.1,Low,No Significant Pest,No Spray Needed (monitor only)
Sugarcane,32.1,80.2,0.0,63.7,56.6,Medium,Early Shoot Borer,Chlorantraniliprole 18.5% SC
Wheat,16.3,62.1,0.0,31.2,74.7,High,Aphid,Imidacloprid 17.8% SL
Oil seeds,18.2,66.9,32.3,38.4,33.8,Medium,Mustard Aphid,Dimethoate 30% EC
Barley,21.6,64.5,10.6,25.0,56.4,Medium,Aphid,Imidacloprid 17.8% SL
Pulses,31.4,68.7,9.5,36.4,30.9,Medium,Pod Borer (Helicoverpa),Emamectin Benzoate 5% SG
Millets,25.1,64.5,11.2,25.3,35.6,Medium,Shoot Fly,Thiamethoxam 30% FS
Maize,30.4,75.4,27.8,21.5,36.7,Medium,Stem Borer,Chlorantraniliprole 18.5% SC
Millets,35.0,84.3,6.7,35.4,27.7,Low,Earhead Bug,Malathion 50% EC
Ground Nuts,25.1,67.2,0.0,25.8,47.8,Medium,Aphid,Imidacloprid 17.8% SL
Maize,26.3,90.4,8.2,31.0,37.0,Medium,Fall Armyworm,Spinetoram 11.7% SC
Pulses,23.8,63.0,15.1,32.6,47.1,Medium,Wilt,Carbendazim 50% WP
Wheat,19.1,55.5,1.1,31.3,59.2,Medium,Aphid,Imidacloprid 17.8% SL
Maize,33.0,70.0,2.8,19.9,18.0,Low,Fall Armyworm,Spinetoram 11.7% SC
Barley,13.6,79.7,0.0,38.6,48.2,Medium,Yellow Rust,Propiconazole 25% EC
Paddy,32.5,74.3,0.0,54.6,17.7,Low,Stem Borer,Cartap Hydrochloride 4% G
Barley,11.2,62.5,0.0,28.6,41.3,Medium,Aphid,Imidacloprid 17.8% SL
Pulses,22.9,64.1,0.0,29.4,62.4,High,Aphid,Thiamethoxam 25% WG
Barley,8.4,55.9,25.0,27.5,8.7,Low,No Significant Pest,No Spray Needed (monitor only)
Tobacco,12.7,51.3,0.0,22.0,6.0,Low,No Significant Pest,No Spray Needed (monitor only)
Oil seeds,18.0,45.1,72.9,24.6,16.5,Low,Mustard Aphid,Dimethoate 30% EC
Barley,26.3,68.3,1.8,40.0,20.2,Low,Aphid,Imidacloprid 17.8% SL
Tobacco,13.3,47.8,0.0,22.2,9.2,Low,No Significant Pest,No Spray Needed (monitor only)
Barley,22.8,43.6,4.1,27.1,25.0,Low,Aphid,Imidacloprid 17.8% SL
Wheat,15.7,71.5,0.0,21.7,83.8,High,Aphid,Imidacloprid 17.8% SL
Wheat,26.5,41.5,14.4,38.4,31.1,Medium,Termite,Chlorpyrifos 20% EC
Wheat,21.6,51.8,3.6,22.7,60.3,High,Termite,Chlorpyrifos 20% EC
Pulses,15.8,50.1,4.6,23.7,28.0,Low,Aphid,Thiamethoxam 25% WG
Wheat,27.3,41.1,1.0,19.4,49.7,Medium,Termite,Chlorpyrifos 20% EC
Ground Nuts,31.8,87.6,29.2,41.8,37.3,Medium,Leaf Miner,Chlorpyrifos 20% EC
Maize,24.8,86.0,0.0,39.1,37.3,Medium,Turcicum Leaf Blight,Mancozeb 75% WP
Wheat,20.5,40.2,0.0,38.4,28.7,Low,Termite,Chlorpyrifos 20% EC
Wheat,12.9,86.3,2.7,35.8,46.9,Medium,Yellow Rust,Propiconazole 25% EC
Oil seeds,30.6,60.2,63.4,35.5,10.9,Low,No Significant Pest,No Spray Needed (monitor only)
Millets,30.2,42.7,0.0,27.2,20.5,Low,Earhead Bug,Malathion 50% EC
Sugarcane,27.5,91.3,40.7,54.9,49.0,Medium,Woolly Aphid,Imidacloprid 17.8% SL
Oil seeds,30.7,68.7,0.0,25.3,16.9,Low,Girdle Beetle,Lambda-cyhalothrin 5% EC
Paddy,24.1,78.2,0.0,52.8,16.7,Low,Stem Borer,Cartap Hydrochloride 4% G
Paddy,34.4,89.8,42.3,80.5,31.7,Medium,Stem Borer,Cartap Hydrochloride 4% G
Barley,12.7,75.1,4.3,26.1,53.9,Medium,Aphid,Imidacloprid 17.8% SL
Barley,16.4,72.1,5.1,22.4,78.9,High,Aphid,Imidacloprid 17.8% SL
Sugarcane,28.5,82.0,0.0,52.3,45.1,Medium,Early Shoot Borer,Chlorantraniliprole 18.5% SC
Maize,31.6,90.0,0.0,42.4,53.0,Medium,Stem Borer,Chlorantraniliprole 18.5% SC
Ground Nuts,25.0,70.3,2.2,31.8,55.7,Medium,Aphid,Imidacloprid 17.8% SL
Tobacco,22.0,80.3,0.0,41.0,63.4,High,Aphid,Imidacloprid 17.8% SL
Oil seeds,26.5,78.7,39.0,36.1,44.8,Medium,Girdle Beetle,Lambda-cyhalothrin 5% EC
Cotton,31.2,58.9,0.0,21.3,67.9,High,Whitefly,Diafenthiuron 50% WP
Ground Nuts,33.5,67.6,14.6,37.7,38.1,Medium,Leaf Miner,Chlorpyrifos 20% EC
Millets,36.9,58.6,0.0,28.4,10.1,Low,No Significant Pest,No Spray Needed (monitor only)
Oil seeds,26.2,81.7,90.0,33.7,61.2,High,Girdle Beetle,Lambda-cyhalothrin 5% EC
Millets,37.5,54.9,0.0,23.8,7.2,Low,No Significant Pest,No Spray Needed (monitor only)
Paddy,25.7,79.6,15.3,37.4,23.5,Low,Stem Borer,Cartap Hydrochloride 4% G
Millets,37.5,64.2,0.0,26.3,8.8,Low,No Significant Pest,No Spray Needed (monitor only)
Paddy,23.0,72.7,0.0,66.7,13.4,Low,No Significant Pest,No Spray Needed (monitor only)
Oil seeds,13.8,91.6,35.6,20.0,35.9,Medium,Mustard Aphid,Dimethoate 30% EC
Millets,31.4,87.4,54.5,37.2,68.0,High,Shoot Fly,Thiamethoxam 30% FS
Paddy,32.4,62.1,0.0,47.7,6.3,Low,No Significant Pest,No Spray Needed (monitor only)
Millets,33.3,61.6,5.9,18.2,47.1,Medium,Earhead Bug,Malathion 50% EC
Maize,33.9,61.3,2.2,23.5,8.7,Low,No Significant Pest,No Spray Needed (monitor only)
Ground Nuts,27.6,55.4,0.0,16.0,32.1,Medium,Leaf Miner,Chlorpyrifos 20% EC
Sugarcane,31.3,78.3,35.5,33.0,65.2,High,Early Shoot Borer,Chlorantraniliprole 18.5% SC
Oil seeds,19.5,80.6,0.0,25.1,75.4,High,Mustard Aphid,Dimethoate 30% EC
Wheat,18.6,62.7,7.3,39.6,53.9,Medium,Aphid,Imidacloprid 17.8% SL
Oil seeds,15.4,88.3,0.0,23.4,77.1,High,Mustard Aphid,Dimethoate 30% EC
Barley,19.0,65.0,1.1,30.2,64.4,High,Aphid,Imidacloprid 17.8% SL
Paddy,25.4,97.9,128.5,55.8,68.7,High,Blast,Tricyclazole 75% WP
Millets,32.3,53.6,5.0,23.7,40.8,Medium,Earhead Bug,Malathion 50% EC
Cotton,35.2,60.8,110.0,50.0,14.0,Low,No Significant Pest,No Spray Needed (monitor only)
Oil seeds,14.5,91.5,0.0,16.4,76.0,High,Mustard Aphid,Dimethoate 30% EC
Sugarcane,25.0,67.5,4.0,63.0,10.6,Low,No Significant Pest,No Spray Needed (monitor only)
Millets,34.7,66.7,15.7,32.5,21.5,Low,Earhead Bug,Malathion 50% EC
Sugarcane,27.2,76.2,0.0,63.9,31.2,Medium,Early Shoot Borer,Chlorantraniliprole 18.5% SC
Paddy,31.1,66.3,11.5,71.6,19.1,Low,Stem Borer,Cartap Hydrochloride 4% G
Pulses,33.0,65.2,0.0,39.6,18.2,Low,Pod Borer (Helicoverpa),Emamectin Benzoate 5% SG
Pulses,17.0,61.1,11.3,39.8,29.1,Low,Aphid,Thiamethoxam 25% WG
Pulses,17.8,82.2,60.0,31.5,39.4,Medium,Aphid,Thiamethoxam 25% WG
Cotton,36.2,51.6,0.0,16.1,18.8,Low,Whitefly,Diafenthiuron 50% WP
Cotton,27.2,62.3,18.5,27.2,48.8,Medium,Jassid,Thiamethoxam 25% WG
Ground Nuts,34.6,52.0,37.6,42.3,8.4,Low,No Significant Pest,No Spray Needed (monitor only)
Wheat,8.4,68.5,0.0,40.0,7.2,Low,No Significant Pest,No Spray Needed (monitor only)
Oil seeds,26.0,43.2,59.3,36.3,4.6,Low,No Significant Pest,No Spray Needed (monitor only)
Maize,30.8,89.8,0.0,18.4,35.3,Medium,Stem Borer,Chlorantraniliprole 18.5% SC
Cotton,28.0,56.6,0.0,18.2,54.0,Medium,Whitefly,Diafenthiuron 50% WP
Oil seeds,28.4,75.5,20.6,29.1,32.6,Medium,Girdle Beetle,Lambda-cyhalothrin 5% EC
Sugarcane,29.0,87.2,75.5,55.4,50.5,Medium,Woolly Aphid,Imidacloprid 17.8% SL
Wheat,10.2,72.7,0.0,21.2,22.2,Low,Aphid,Imidacloprid 17.8% SL
Pulses,20.1,63.3,0.0,35.1,55.7,Medium,Aphid,Thiamethoxam 25% WG
Cotton,26.6,45.1,0.0,28.3,12.0,Low,No Significant Pest,No Spray Needed (monitor only)
Millets,30.1,50.8,13.0,13.4,48.6,Medium,Earhead Bug,Malathion 50% EC
Oil seeds,23.0,61.2,0.0,44.6,28.8,Low,Mustard Aphid,Dimethoate 30% EC
Cotton,32.8,49.8,83.6,34.5,14.8,Low,No Significant Pest,No Spray Needed (monitor only)
Ground Nuts,24.7,56.5,44.0,36.8,13.7,Low,No Significant Pest,No Spray Needed (monitor only)
Wheat,24.8,42.9,2.4,29.9,45.8,Medium,Termite,Chlorpyrifos 20% EC
Pulses,33.1,50.1,0.0,18.3,14.0,Low,No Significant Pest,No Spray Needed (monitor only)
Pulses,12.0,37.4,0.0,37.9,2.8,Low,No Significant Pest,No Spray Needed (monitor only)
Ground Nuts,30.6,65.5,0.0,24.0,64.9,High,Leaf Miner,Chlorpyrifos 20% EC
Ground Nuts,35.3,62.3,0.0,13.4,22.8,Low,Leaf Miner,Chlorpyrifos 20% EC
Tobacco,25.8,56.8,0.0,21.7,40.2,Medium,Aphid,Imidacloprid 17.8% SL
Maize,27.7,79.0,60.6,25.5,62.1,High,Fall Armyworm,Spinetoram 11.7% SC
Barley,22.9,68.7,5.9,30.2,51.0,Medium,Aphid,Imidacloprid 17.8% SL
Oil seeds,21.9,77.3,8.8,20.7,58.7,Medium,Mustard Aphid,Dimethoate 30% EC
Millets,27.5,71.9,0.0,24.7,59.7,Medium,Earhead Bug,Malathion 50% EC
Cotton,37.6,63.8,0.0,37.9,14.5,Low,No Significant Pest,No Spray Needed (monitor only)
Barley,18.0,38.9,3.4,23.4,25.3,Low,Aphid,Imidacloprid 17.8% SL
Ground Nuts,34.6,89.5,4.0,29.1,36.4,Medium,Leaf Miner,Chlorpyrifos 20% EC
Sugarcane,30.7,51.0,1.8,58.4,18.0,Low,Early Shoot Borer,Chlorantraniliprole 18.5% SC
Maize,30.7,76.6,39.6,34.3,49.9,Medium,Fall Armyworm,Spinetoram 11.7% SC
Maize,22.3,72.8,0.0,36.9,9.6,Low,No Significant Pest,No Spray Needed (monitor only)
Barley,13.9,46.4,8.5,15.9,31.4,Medium,Aphid,Imidacloprid 17.8% SL
Millets,37.1,74.9,21.7,36.5,14.1,Low,No Significant Pest,No Spray Needed (monitor only)
Tobacco,26.8,70.1,2.4,26.5,44.5,Medium,Aphid,Imidacloprid 17.8% SL
Cotton,31.6,54.9,99.3,49.1,18.2,Low,Whitefly,Diafenthiuron 50% WP
Oil seeds,25.1,78.9,90.0,50.0,56.3,Medium,Girdle Beetle,Lambda-cyhalothrin 5% EC
Ground Nuts,32.8,73.3,0.0,38.6,43.1,Medium,Leaf Miner,Chlorpyrifos 20% EC
Oil seeds,16.6,83.4,0.0,41.3,53.8,Medium,Mustard Aphid,Dimethoate 30% EC
Tobacco,28.7,59.0,0.0,24.4,22.4,Low,Aphid,Imidacloprid 17.8% SL
Tobacco,17.1,70.3,0.0,40.3,31.4,Medium,Aphid,Imidacloprid 17.8% SL
Sugarcane,36.8,78.6,0.0,42.9,36.9,Medium,Early Shoot Borer,Chlorantraniliprole 18.5% SC
Millets,27.2,64.1,14.0,33.4,44.8,Medium,Shoot Fly,Thiamethoxam 30% FS
Tobacco,15.6,63.5,34.9,37.0,8.0,Low,No Significant Pest,No Spray Needed (monitor only)
Oil seeds,18.5,46.3,0.0,41.2,25.2,Low,Mustard Aphid,Dimethoate 30% EC
Wheat,27.3,72.7,11.6,27.5,44.5,Medium,Termite,Chlorpyrifos 20% EC
Ground Nuts,32.4,52.1,92.1,35.1,13.1,Low,No Significant Pest,No Spray Needed (monitor only)
Cotton,25.0,75.7,110.0,46.1,52.4,Medium,Pink Bollworm,Emamectin Benzoate 5% SG
Paddy,35.6,67.5,1.3,64.2,6.0,Low,No Significant Pest,No Spray Needed (monitor only)
Wheat,26.0,69.9,17.5,24.6,52.9,Medium,Termite,Chlorpyrifos 20% EC
Wheat,26.3,48.0,11.0,21.6,52.7,Medium,Termite,Chlorpyrifos 20% EC
Cotton,34.7,55.3,0.0,30.2,40.5,Medium,Whitefly,Diafenthiuron 50% WP
Ground Nuts,28.5,59.1,17.5,37.8,27.6,Low,Leaf Miner,Chlorpyrifos 20% EC
Cotton,33.0,75.9,0.0,24.8,69.8,High,Whitefly,Diafenthiuron 50% WP
Tobacco,16.9,47.2,4.4,43.3,11.3,Low,No Significant Pest,No Spray Needed (monitor only)
Maize,27.2,62.4,0.0,19.1,19.2,Low,Fall Armyworm,Spinetoram 11.7% SC
Millets,27.3,41.4,4.4,33.3,8.6,Low,No Significant Pest,No Spray Needed (monitor only)
Ground Nuts,32.0,65.2,11.8,25.4,46.7,Medium,Leaf Miner,Chlorpyrifos 20% EC
Cotton,32.0,52.5,10.6,43.7,31.3,Medium,Whitefly,Diafenthiuron 50% WP
Millets,28.6,45.9,29.9,36.7,16.4,Low,Shoot Fly,Thiamethoxam 30% FS
Oil seeds,31.7,59.6,38.5,30.4,4.3,Low,No Significant Pest,No Spray Needed (monitor only)
Pulses,24.9,71.0,0.0,35.6,70.1,High,Pod Borer (Helicoverpa),Emamectin Benzoate 5% SG
Millets,33.4,85.4,61.0,35.4,43.2,Medium,Shoot Fly,Thiamethoxam 30% FS
Cotton,25.4,77.5,0.0,34.4,32.8,Medium,Jassid,Thiamethoxam 25% WG
Cotton,30.9,79.3,0.0,26.5,86.7,High,Whitefly,Diafenthiuron 50% WP
Sugarcane,34.6,51.5,1.2,25.4,26.1,Low,Early Shoot Borer,Chlorantraniliprole 18.5% SC
Cotton,32.0,63.2,0.0,29.2,67.2,High,Whitefly,Diafenthiuron 50% WP
Maize,32.5,62.8,116.0,38.2,36.9,Medium,Fall Armyworm,Spinetoram 11.7% SC
Barley,16.4,81.5,0.0,21.7,87.8,High,Aphid,Imidacloprid 17.8% SL
Cotton,27.7,50.7,0.0,44.4,23.0,Low,Whitefly,Diafenthiuron 50% WP
Paddy,22.2,82.9,94.2,57.1,12.1,Low,No Significant Pest,No Spray Needed (monitor only)
Tobacco,15.6,55.9,0.5,20.2,21.2,Low,Aphid,Imidacloprid 17.8% SL
Maize,33.9,57.6,0.2,40.1,12.9,Low,No Significant Pest,No Spray Needed (monitor only)
Ground Nuts,28.8,86.4,0.0,14.9,99.3,High,Leaf Miner,Chlorpyrifos 20% EC
Tobacco,21.4,56.4,5.7,27.6,37.1,Medium,Aphid,Imidacloprid 17.8% SL
Paddy,23.9,97.2,0.0,58.6,36.7,Medium,Blast,Tricyclazole 75% WP
Tobacco,16.3,68.8,0.0,30.1,34.9,Medium,Aphid,Imidacloprid 17.8% SL
Barley,18.6,37.1,0.0,27.9,20.2,Low,Aphid,Imidacloprid 17.8% SL
Maize,31.3,67.1,0.0,23.3,21.5,Low,Fall Armyworm,Spinetoram 11.7% SC
Maize,32.6,85.5,59.9,50.0,60.9,High,Fall Armyworm,Spinetoram 11.7% SC
Millets,33.5,60.3,2.8,23.8,41.9,Medium,Earhead Bug,Malathion 50% EC
Millets,36.6,56.6,0.0,34.1,10.4,Low,No Significant Pest,No Spray Needed (monitor only)
Tobacco,28.7,52.5,5.7,36.7,9.3,Low,No Significant Pest,No Spray Needed (monitor only)
Oil seeds,20.4,48.9,17.3,18.6,25.4,Low,Mustard Aphid,Dimethoate 30% EC
Barley,19.3,56.9,0.0,20.8,75.9,High,Aphid,Imidacloprid 17.8% SL
Wheat,22.5,69.9,0.0,20.3,81.6,High,Termite,Chlorpyrifos 20% EC
Paddy,27.7,97.3,14.7,73.5,59.8,Medium,Stem Borer,Cartap Hydrochloride 4% G
Pulses,12.1,78.8,0.0,29.4,20.1,Low,Aphid,Thiamethoxam 25% WG
Ground Nuts,35.0,75.0,0.0,23.2,32.1,Medium,Leaf Miner,Chlorpyrifos 20% EC
Barley,17.7,37.7,12.6,25.5,17.1,Low,Aphid,Imidacloprid 17.8% SL
Wheat,8.6,48.1,13.7,37.6,5.9,Low,No Significant Pest,No Spray Needed (monitor only)
Wheat,15.3,86.4,13.5,30.4,53.9,Medium,Aphid,Imidacloprid 17.8% SL
Millets,35.0,73.1,5.8,10.9,36.5,Medium,Earhead Bug,Malathion 50% EC
Pulses,14.2,58.1,16.6,39.3,13.4,Low,No Significant Pest,No Spray Needed (monitor only)
Pulses,13.8,45.2,5.1,28.1,11.3,Low,No Significant Pest,No Spray Needed (monitor only)
Maize,30.8,64.3,0.0,29.2,29.5,Low,Fall Armyworm,Spinetoram 11.7% SC
Ground Nuts,28.1,67.6,8.4,31.0,49.9,Medium,Leaf Miner,Chlorpyrifos 20% EC
Barley,24.3,65.7,8.7,16.2,49.5,Medium,Aphid,Imidacloprid 17.8% SL
Ground Nuts,33.6,64.1,100.0,44.2,14.6,Low,No Significant Pest,No Spray Needed (monitor only)
Ground Nuts,27.4,55.7,0.0,22.8,37.7,Medium,Leaf Miner,Chlorpyrifos 20% EC
Barley,23.8,73.3,14.6,21.0,39.2,Medium,Aphid,Imidacloprid 17.8% SL
Ground Nuts,24.4,50.4,2.1,13.4,15.3,Low,Aphid,Imidacloprid 17.8% SL
Cotton,36.1,88.6,0.0,35.5,31.4,Medium,Whitefly,Diafenthiuron 50% WP
Sugarcane,35.6,78.5,120.0,73.3,23.0,Low,Early Shoot Borer,Chlorantraniliprole 18.5% SC
Ground Nuts,26.7,77.8,17.0,32.7,47.9,Medium,Aphid,Imidacloprid 17.8% SL
Pulses,12.4,47.0,34.3,27.4,8.1,Low,No Significant Pest,No Spray Needed (monitor only)
Maize,34.2,79.4,1.8,44.0,26.7,Low,Stem Borer,Chlorantraniliprole 18.5% SC
Oil seeds,12.5,42.0,86.3,41.8,6.8,Low,No Significant Pest,No Spray Needed (monitor only)
Cotton,29.0,51.1,0.0,18.5,51.2,Medium,Whitefly,Diafenthiuron 50% WP
Barley,15.2,70.3,9.1,29.3,65.3,High,Aphid,Imidacloprid 17.8% SL
Millets,32.5,49.5,0.0,33.5,28.4,Low,Earhead Bug,Malathion 50% EC
Maize,24.8,61.3,24.6,20.1,14.3,Low,No Significant Pest,No Spray Needed (monitor only)
Sugarcane,34.7,85.2,120.0,54.1,24.0,Low,Early Shoot Borer,Chlorantraniliprole 18.5% SC
Paddy,35.5,64.6,1.9,66.6,6.1,Low,No Significant Pest,No Spray Needed (monitor only)
Barley,24.3,48.2,0.7,36.0,26.1,Low,Aphid,Imidacloprid 17.8% SL
Pulses,12.6,71.0,6.7,39.7,20.0,Low,Aphid,Thiamethoxam 25% WG
Barley,22.2,51.6,0.0,30.2,43.2,Medium,Aphid,Imidacloprid 17.8% SL
Pulses,33.8,64.1,18.9,32.2,12.9,Low,No Significant Pest,No Spray Needed (monitor only)
Ground Nuts,29.3,66.3,1.8,17.0,59.0,Medium,Leaf Miner,Chlorpyrifos 20% EC
Pulses,29.4,87.9,60.0,26.7,40.7,Medium,Wilt,Carbendazim 50% WP
Barley,15.7,53.6,6.3,35.7,45.8,Medium,Aphid,Imidacloprid 17.8% SL
Paddy,31.4,66.6,19.3,79.5,21.2,Low,Stem Borer,Cartap Hydrochloride 4% G
Maize,28.3,72.9,17.2,33.7,44.1,Medium,Fall Armyworm,Spinetoram 11.7% SC
Tobacco,24.4,63.5,0.0,28.5,57.0,Medium,Aphid,Imidacloprid 17.8% SL
Oil seeds,25.1,46.1,66.7,25.2,7.3,Low,No Significant Pest,No Spray Needed (monitor only)
Millets,36.5,68.7,26.1,18.3,11.5,Low,No Significant Pest,No Spray Needed (monitor only)
Pulses,11.6,81.4,6.6,17.3,20.5,Low,Aphid,Thiamethoxam 25% WG
Maize,23.7,86.2,32.0,47.0,47.9,Medium,Turcicum Leaf Blight,Mancozeb 75% WP
Sugarcane,38.0,85.3,11.7,52.5,23.6,Low,Early Shoot Borer,Chlorantraniliprole 18.5% SC
Maize,30.6,89.4,108.1,50.0,98.1,High,Stem Borer,Chlorantraniliprole 18.5% SC
Barley,14.2,69.4,5.7,17.8,66.9,High,Aphid,Imidacloprid 17.8% SL
Ground Nuts,29.1,68.7,0.0,25.6,67.2,High,Leaf Miner,Chlorpyrifos 20% EC
Paddy,26.5,64.6,24.8,44.0,5.9,Low,No Significant Pest,No Spray Needed (monitor only)
Ground Nuts,29.3,73.3,0.0,32.8,59.4,Medium,Leaf Miner,Chlorpyrifos 20% EC
Wheat,9.4,84.4,5.1,24.5,18.3,Low,Yellow Rust,Propiconazole 25% EC
Oil seeds,29.5,73.6,17.8,25.7,20.1,Low,Girdle Beetle,Lambda-cyhalothrin 5% EC
Millets,29.0,72.8,90.0,21.0,76.8,High,Shoot Fly,Thiamethoxam 30% FS
Cotton,30.8,58.2,27.8,43.9,38.6,Medium,Whitefly,Diafenthiuron 50% WP
Tobacco,13.0,62.1,3.5,43.1,8.1,Low,No Significant Pest,No Spray Needed (monitor only)
Oil seeds,18.3,52.3,0.0,34.5,41.8,Medium,Mustard Aphid,Dimethoate 30% EC
Ground Nuts,26.2,86.9,53.5,36.5,82.6,High,Leaf Spot (Tikka),Hexaconazole 5% EC
Ground Nuts,31.7,66.4,9.7,38.5,48.5,Medium,Leaf Miner,Chlorpyrifos 20% EC
Barley,13.7,80.8,0.0,26.1,71.6,High,Aphid,Imidacloprid 17.8% SL
Pulses,30.1,62.6,41.0,32.8,24.1,Low,Wilt,Carbendazim 50% WP
Paddy,29.1,92.1,0.0,57.9,43.0,Medium,Stem Borer,Cartap Hydrochloride 4% G
Maize,24.0,70.4,4.0,19.2,15.2,Low,Fall Armyworm,Spinetoram 11.7% SC
Millets,37.2,78.9,0.0,31.4,10.2,Low,No Significant Pest,No Spray Needed (monitor only)
Cotton,27.1,50.7,26.3,46.6,19.3,Low,Whitefly,Diafenthiuron 50% WP
Paddy,33.6,78.4,132.8,61.1,36.5,Medium,Stem Borer,Cartap Hydrochloride 4% G
Wheat,13.7,76.3,0.0,35.3,44.4,Medium,Aphid,Imidacloprid 17.8% SL
Cotton,35.1,81.5,0.0,16.6,56.7,Medium,Whitefly,Diafenthiuron 50% WP
Millets,25.3,55.5,0.0,31.8,23.0,Low,Shoot Fly,Thiamethoxam 30% FS
Tobacco,29.9,77.2,0.0,23.8,25.5,Low,Spodoptera Caterpillar,Emamectin Benzoate 5% SG
Ground Nuts,32.4,59.6,18.1,30.1,32.2,Medium,Leaf Miner,Chlorpyrifos 20% EC
Tobacco,23.9,84.3,0.0,27.8,73.1,High,Aphid,Imidacloprid 17.8% SL
Millets,24.4,80.7,28.0,12.4,36.2,Medium,Shoot Fly,Thiamethoxam 30% FS
Pulses,19.7,57.4,6.8,22.1,51.9,Medium,Aphid,Thiamethoxam 25% WG
Maize,23.8,61.6,20.2,21.2,12.4,Low,No Significant Pest,No Spray Needed (monitor only)
Millets,29.1,62.9,15.0,22.7,50.2,Medium,Earhead Bug,Malathion 50% EC
Wheat,19.0,73.9,12.1,20.0,71.4,High,Aphid,Imidacloprid 17.8% SL
Millets,37.7,66.6,0.6,21.9,11.1,Low,No Significant Pest,No Spray Needed (monitor only)
Sugarcane,29.5,50.7,2.9,50.4,20.2,Low,Early Shoot Borer,Chlorantraniliprole 18.5% SC
Millets,30.9,40.5,13.1,16.4,18.6,Low,Earhead Bug,Malathion 50% EC
Tobacco,27.4,71.9,3.1,32.5,43.0,Medium,Spodoptera Caterpillar,Emamectin Benzoate 5% SG
Barley,25.5,70.1,10.2,19.5,36.4,Medium,Aphid,Imidacloprid 17.8% SL
Millets,35.3,54.6,0.0,21.3,22.5,Low,Earhead Bug,Malathion 50% EC
Wheat,8.4,63.9,2.9,32.2,9.4,Low,No Significant Pest,No Spray Needed (monitor only)
Pulses,23.7,47.7,6.0,17.3,25.0,Low,Aphid,Thiamethoxam 25% WG
Maize,24.1,56.4,26.1,26.4,8.4,Low,No Significant Pest,No Spray Needed (monitor only)
Ground Nuts,27.3,61.3,0.0,26.2,40.2,Medium,Leaf Miner,Chlorpyrifos 20% EC
Tobacco,31.8,59.9,0.0,36.6,14.0,Low,No Significant Pest,No Spray Needed (monitor only)
Sugarcane,22.8,65.1,30.4,61.6,5.2,Low,No Significant Pest,No Spray Needed (monitor only)
Paddy,23.0,74.5,7.5,73.5,13.1,Low,No Significant Pest,No Spray Needed (monitor only)
Barley,16.6,68.7,8.3,30.1,67.1,High,Aphid,Imidacloprid 17.8% SL
Maize,28.4,69.3,0.0,44.5,48.3,Medium,Fall Armyworm,Spinetoram 11.7% SC
Pulses,25.8,89.1,34.0,26.9,67.2,High,Wilt,Carbendazim 50% WP
Barley,8.5,64.9,0.0,16.7,25.2,Low,Aphid,Imidacloprid 17.8% SL
Oil seeds,33.1,58.0,3.1,44.2,3.7,Low,No Significant Pest,No Spray Needed (monitor only)
Oil seeds,32.9,68.7,22.3,32.9,9.4,Low,No Significant Pest,No Spray Needed (monitor only)
Wheat,17.8,72.6,0.0,24.3,85.3,High,Aphid,Imidacloprid 17.8% SL
Wheat,21.3,41.9,30.0,46.6,20.3,Low,Termite,Chlorpyrifos 20% EC
Sugarcane,24.1,77.2,24.7,48.1,22.0,Low,Woolly Aphid,Imidacloprid 17.8% SL
Pulses,29.1,47.3,0.0,28.2,17.9,Low,Pod Borer (Helicoverpa),Emamectin Benzoate 5% SG
Sugarcane,22.9,58.3,6.2,60.5,0.0,Low,No Significant Pest,No Spray Needed (monitor only)
Paddy,29.5,67.6,0.0,68.1,25.4,Low,Stem Borer,Cartap Hydrochloride 4% G
Sugarcane,29.6,53.2,10.2,58.2,19.8,Low,Early Shoot Borer,Chlorantraniliprole 18.5% SC
Sugarcane,29.5,60.1,38.7,31.8,40.5,Medium,Early Shoot Borer,Chlorantraniliprole 18.5% SC
Ground Nuts,31.3,66.4,0.0,17.7,70.2,High,Leaf Miner,Chlorpyrifos 20% EC
Barley,23.4,60.6,0.0,17.8,58.9,Medium,Aphid,Imidacloprid 17.8% SL
Maize,34.4,87.0,27.9,21.3,23.7,Low,Stem Borer,Chlorantraniliprole 18.5% SC
Ground Nuts,34.7,76.0,84.1,30.5,18.3,Low,Leaf Miner,Chlorpyrifos 20% EC
Tobacco,24.9,48.4,0.0,37.5,17.6,Low,Aphid,Imidacloprid 17.8% SL
Oil seeds,12.4,46.2,47.0,20.7,9.3,Low,No Significant Pest,No Spray Needed (monitor only)
Oil seeds,23.1,84.7,0.0,27.0,53.3,Medium,Mustard Aphid,Dimethoate 30% EC
Maize,33.6,89.8,0.0,30.9,28.9,Low,Stem Borer,Chlorantraniliprole 18.5% SC
Ground Nuts,26.2,64.2,0.0,37.0,38.1,Medium,Aphid,Imidacloprid 17.8% SL
Oil seeds,27.6,49.2,0.0,40.4,4.0,Low,No Significant Pest,No Spray Needed (monitor only)
Paddy,33.3,71.1,17.1,70.1,18.9,Low,Stem Borer,Cartap Hydrochloride 4% G
Oil seeds,31.6,83.3,18.5,23.4,27.9,Low,Girdle Beetle,Lambda-cyhalothrin 5% EC
Maize,22.7,51.7,120.0,43.2,7.0,Low,No Significant Pest,No Spray Needed (monitor only)
Cotton,27.5,49.1,23.9,22.2,25.8,Low,Whitefly,Diafenthiuron 50% WP
Oil seeds,17.5,85.2,0.0,36.3,61.8,High,Mustard Aphid,Dimethoate 30% EC
Maize,22.8,68.1,1.9,32.2,12.8,Low,No Significant Pest,No Spray Needed (monitor only)
Oil seeds,18.3,60.5,2.9,22.1,69.6,High,Mustard Aphid,Dimethoate 30% EC
Pulses,13.0,79.0,0.0,15.8,33.5,Medium,Aphid,Thiamethoxam 25% WG
Ground Nuts,33.6,68.8,24.7,41.3,28.2,Low,Leaf Miner,Chlorpyrifos 20% EC
Paddy,24.6,70.2,150.0,78.5,29.7,Low,Stem Borer,Cartap Hydrochloride 4% G
Tobacco,17.8,75.0,24.5,22.1,34.6,Medium,Aphid,Imidacloprid 17.8% SL
Ground Nuts,27.4,67.3,0.0,37.8,43.4,Medium,Aphid,Imidacloprid 17.8% SL
Maize,33.2,55.3,59.9,25.9,13.3,Low,No Significant Pest,No Spray Needed (monitor only)
Wheat,26.9,39.1,1.5,25.0,48.6,Medium,Termite,Chlorpyrifos 20% EC
Cotton,37.9,72.8,0.0,21.1,20.0,Low,Whitefly,Diafenthiuron 50% WP
Paddy,28.2,97.9,47.6,60.6,62.9,High,Stem Borer,Cartap Hydrochloride 4% G
Oil seeds,28.1,82.1,90.0,25.2,65.0,High,Girdle Beetle,Lambda-cyhalothrin 5% EC
Paddy,22.1,84.9,82.0,41.6,15.1,Low,Blast,Tricyclazole 75% WP
Sugarcane,37.6,67.2,0.0,37.8,30.0,Medium,Early Shoot Borer,Chlorantraniliprole 18.5% SC
Maize,22.6,60.1,110.7,43.8,18.8,Low,Fall Armyworm,Spinetoram 11.7% SC
Sugarcane,24.3,57.8,33.0,56.5,4.4,Low,No Significant Pest,No Spray Needed (monitor only)
Cotton,32.0,83.3,6.8,36.6,67.1,High,Whitefly,Diafenthiuron 50% WP
Tobacco,25.1,69.4,0.0,26.5,62.9,High,Aphid,Imidacloprid 17.8% SL
Pulses,25.4,81.0,25.8,20.7,59.6,Medium,Pod Borer (Helicoverpa),Emamectin Benzoate 5% SG
Cotton,36.2,47.9,78.5,41.2,8.4,Low,No Significant Pest,No Spray Needed (monitor only)
Paddy,26.3,77.3,0.0,54.9,28.5,Low,Stem Borer,Cartap Hydrochloride 4% G
Tobacco,16.6,57.4,0.0,20.2,32.9,Medium,Aphid,Imidacloprid 17.8% SL
Wheat,23.7,45.3,2.4,36.1,47.8,Medium,Termite,Chlorpyrifos 20% EC
Cotton,26.8,54.7,24.9,24.0,26.5,Low,Jassid,Thiamethoxam 25% WG
Pulses,31.0,75.0,25.8,18.5,29.2,Low,Pod Borer (Helicoverpa),Emamectin Benzoate 5% SG
Pulses,13.5,43.6,60.0,43.1,4.6,Low,No Significant Pest,No Spray Needed (monitor only)
Sugarcane,33.0,80.2,19.0,37.5,74.4,High,Early Shoot Borer,Chlorantraniliprole 18.5% SC
Cotton,35.9,59.7,16.0,23.5,32.1,Medium,Whitefly,Diafenthiuron 50% WP
Wheat,23.0,41.9,5.5,27.0,45.1,Medium,Termite,Chlorpyrifos 20% EC
Paddy,31.7,61.2,0.0,49.1,4.7,Low,No Significant Pest,No Spray Needed (monitor only)
Barley,26.0,72.8,6.0,23.5,34.4,Medium,Aphid,Imidacloprid 17.8% SL
Tobacco,25.2,79.9,0.0,36.9,45.9,Medium,Aphid,Imidacloprid 17.8% SL
Barley,12.6,81.8,4.5,33.8,45.5,Medium,Yellow Rust,Propiconazole 25% EC
Millets,26.2,82.7,1.2,33.6,49.2,Medium,Shoot Fly,Thiamethoxam 30% FS
Oil seeds,16.8,88.2,11.4,35.9,57.8,Medium,Mustard Aphid,Dimethoate 30% EC
Cotton,25.7,72.7,0.0,22.1,46.1,Medium,Jassid,Thiamethoxam 25% WG
Barley,13.0,84.4,0.0,38.0,50.2,Medium,Yellow Rust,Propiconazole 25% EC
Oil seeds,29.6,56.4,0.0,35.0,8.4,Low,No Significant Pest,No Spray Needed (monitor only)
Oil seeds,16.7,66.5,10.9,43.6,40.6,Medium,Mustard Aphid,Dimethoate 30% EC
Oil seeds,26.0,84.4,0.0,16.4,26.1,Low,Girdle Beetle,Lambda-cyhalothrin 5% EC
Paddy,26.4,88.3,2.2,53.8,35.7,Medium,Stem Borer,Cartap Hydrochloride 4% G
Oil seeds,32.8,46.6,58.4,40.1,0.9,Low,No Significant Pest,No Spray Needed (monitor only)
Paddy,24.9,66.0,144.3,64.0,22.1,Low,Stem Borer,Cartap Hydrochloride 4% G
Cotton,25.2,51.4,15.8,18.5,20.9,Low,Whitefly,Diafenthiuron 50% WP
Maize,26.9,81.0,120.0,54.5,91.1,High,Fall Armyworm,Spinetoram 11.7% SC
Millets,34.9,53.1,0.0,23.5,22.7,Low,Earhead Bug,Malathion 50% EC
Sugarcane,29.2,58.3,4.7,40.0,40.6,Medium,Early Shoot Borer,Chlorantraniliprole 18.5% SC
Ground Nuts,34.5,57.2,46.2,15.8,19.7,Low,Leaf Miner,Chlorpyrifos 20% EC
Paddy,24.8,64.4,1.4,60.9,5.2,Low,No Significant Pest,No Spray Needed (monitor only)
Barley,19.0,64.5,0.0,37.2,60.6,High,Aphid,Imidacloprid 17.8% SL
Pulses,23.7,78.2,0.0,26.8,76.0,High,Pod Borer (Helicoverpa),Emamectin Benzoate 5% SG
Sugarcane,36.8,53.0,62.9,36.8,12.9,Low,No Significant Pest,No Spray Needed (monitor only)
Oil seeds,28.7,65.3,1.1,15.8,14.7,Low,No Significant Pest,No Spray Needed (monitor only)
Pulses,22.8,65.0,0.0,33.4,51.1,Medium,Aphid,Thiamethoxam 25% WG
Tobacco,15.2,46.2,2.1,36.9,5.4,Low,No Significant Pest,No Spray Needed (monitor only)
Maize,32.1,59.5,0.0,23.7,13.0,Low,No Significant Pest,No Spray Needed (monitor only)
Pulses,27.8,50.8,9.5,31.6,23.6,Low,Pod Borer (Helicoverpa),Emamectin Benzoate 5% SG
Wheat,21.0,76.8,0.0,25.0,78.9,High,Aphid,Imidacloprid 17.8% SL
Millets,25.5,64.8,2.9,21.3,36.3,Medium,Earhead Bug,Malathion 50% EC
Oil seeds,15.3,67.6,53.0,22.2,41.7,Medium,Mustard Aphid,Dimethoate 30% EC
Ground Nuts,32.9,86.8,0.0,30.8,51.5,Medium,Leaf Miner,Chlorpyrifos 20% EC
Millets,28.5,78.0,2.9,18.2,68.3,High,Earhead Bug,Malathion 50% EC
Paddy,34.3,92.5,0.0,50.1,12.6,Low,No Significant Pest,No Spray Needed (monitor only)
Sugarcane,24.1,91.1,51.9,54.2,51.0,Medium,Woolly Aphid,Imidacloprid 17.8% SL
Ground Nuts,31.8,88.5,41.4,35.0,41.3,Medium,Leaf Miner,Chlorpyrifos 20% EC
Sugarcane,29.7,90.9,61.9,50.8,41.5,Medium,Early Shoot Borer,Chlorantraniliprole 18.5% SC
Maize,31.2,82.2,0.0,21.1,34.1,Medium,Fall Armyworm,Spinetoram 11.7% SC
Paddy,29.2,96.8,0.0,40.0,33.0,Medium,Stem Borer,Cartap Hydrochloride 4% G
Paddy,28.9,95.9,0.0,55.4,47.8,Medium,Stem Borer,Cartap Hydrochloride 4% G
Ground Nuts,25.6,90.9,30.9,19.0,70.1,High,Aphid,Imidacloprid 17.8% SL
Cotton,28.5,64.5,105.9,25.5,36.8,Medium,Pink Bollworm,Emamectin Benzoate 5% SG
Tobacco,17.8,54.7,21.4,44.2,11.9,Low,No Significant Pest,No Spray Needed (monitor only)
Pulses,28.2,76.1,59.1,25.8,51.5,Medium,Wilt,Carbendazim 50% WP
Cotton,28.2,79.7,0.0,37.8,55.6,Medium,Jassid,Thiamethoxam 25% WG
Millets,37.2,71.9,31.3,26.2,12.8,Low,No Significant Pest,No Spray Needed (monitor only)
Barley,10.8,62.5,0.0,16.2,44.3,Medium,Aphid,Imidacloprid 17.8% SL
Paddy,24.3,66.1,0.0,59.3,8.9,Low,No Significant Pest,No Spray Needed (monitor only)
Paddy,24.6,70.8,14.6,64.4,16.2,Low,Stem Borer,Cartap Hydrochloride 4% G
Millets,34.6,65.9,6.0,30.7,31.6,Medium,Earhead Bug,Malathion 50% EC
Pulses,21.3,64.1,0.0,16.6,84.3,High,Aphid,Thiamethoxam 25% WG
Millets,34.5,54.1,6.6,32.7,20.6,Low,Earhead Bug,Malathion 50% EC
Paddy,28.9,85.9,22.4,59.1,52.8,Medium,Stem Borer,Cartap Hydrochloride 4% G
Paddy,32.4,86.9,0.0,71.5,37.2,Medium,Stem Borer,Cartap Hydrochloride 4% G
Sugarcane,24.1,50.7,78.9,38.4,2.8,Low,No Significant Pest,No Spray Needed (monitor only)
Sugarcane,37.3,78.9,0.0,41.9,29.5,Low,Early Shoot Borer,Chlorantraniliprole 18.5% SC
Paddy,24.9,64.1,6.8,55.6,4.0,Low,No Significant Pest,No Spray Needed (monitor only)
Oil seeds,32.0,78.1,0.0,24.5,18.2,Low,Girdle Beetle,Lambda-cyhalothrin 5% EC
Barley,16.4,42.8,6.2,31.8,27.7,Low,Aphid,Imidacloprid 17.8% SL
Paddy,24.2,93.8,0.0,63.0,39.0,Medium,Blast,Tricyclazole 75% WP
Barley,13.2,54.0,10.2,36.7,29.1,Low,Aphid,Imidacloprid 17.8% SL
Oil seeds,15.2,64.3,74.6,50.6,25.7,Low,Mustard Aphid,Dimethoate 30% EC
Paddy,24.1,80.2,0.0,75.2,18.8,Low,Stem Borer,Cartap Hydrochloride 4% G
Barley,18.5,55.3,0.0,15.3,82.5,High,Aphid,Imidacloprid 17.8% SL
Maize,31.6,73.1,0.0,34.6,40.3,Medium,Fall Armyworm,Spinetoram 11.7% SC
Ground Nuts,35.6,62.7,4.5,13.6,26.8,Low,Leaf Miner,Chlorpyrifos 20% EC
Ground Nuts,31.9,62.4,0.0,25.5,56.2,Medium,Leaf Miner,Chlorpyrifos 20% EC
Wheat,19.0,48.9,4.4,28.9,50.4,Medium,Aphid,Imidacloprid 17.8% SL
Cotton,34.9,81.8,110.0,50.6,33.9,Medium,Pink Bollworm,Emamectin Benzoate 5% SG
Cotton,30.4,48.3,26.8,42.8,25.7,Low,Whitefly,Diafenthiuron 50% WP
Tobacco,25.1,78.0,5.1,40.2,46.8,Medium,Aphid,Imidacloprid 17.8% SL
Pulses,31.5,58.3,11.5,24.6,26.4,Low,Pod Borer (Helicoverpa),Emamectin Benzoate 5% SG
Pulses,33.9,89.2,5.0,32.7,22.1,Low,Pod Borer (Helicoverpa),Emamectin Benzoate 5% SG
Wheat,13.8,75.0,0.0,27.9,68.4,High,Aphid,Imidacloprid 17.8% SL
Pulses,11.6,58.1,2.4,15.8,13.6,Low,No Significant Pest,No Spray Needed (monitor only)
Oil seeds,33.2,49.2,54.6,37.4,0.3,Low,No Significant Pest,No Spray Needed (monitor only)
Tobacco,26.9,58.9,3.8,23.1,29.3,Low,Aphid,Imidacloprid 17.8% SL
Tobacco,15.7,60.2,17.9,34.0,10.8,Low,No Significant Pest,No Spray Needed (monitor only)
Ground Nuts,29.4,68.3,12.9,13.1,83.5,High,Leaf Miner,Chlorpyrifos 20% EC
Pulses,26.0,88.8,0.0,29.5,64.7,High,Pod Borer (Helicoverpa),Emamectin Benzoate 5% SG
Ground Nuts,25.9,89.6,40.9,18.8,57.0,Medium,Aphid,Imidacloprid 17.8% SL
Cotton,35.8,86.7,12.9,18.9,42.1,Medium,Whitefly,Diafenthiuron 50% WP
Wheat,9.9,52.4,8.2,38.3,15.9,Low,Aphid,Imidacloprid 17.8% SL
Sugarcane,33.0,80.6,0.0,53.5,61.2,High,Early Shoot Borer,Chlorantraniliprole 18.5% SC
Cotton,35.8,52.1,28.5,34.8,17.7,Low,Whitefly,Diafenthiuron 50% WP
Tobacco,17.8,55.9,6.3,41.3,21.1,Low,Aphid,Imidacloprid 17.8% SL
Paddy,30.1,77.1,34.3,48.5,30.2,Medium,Stem Borer,Cartap Hydrochloride 4% G
Maize,31.9,75.6,1.6,37.1,41.9,Medium,Stem Borer,Chlorantraniliprole 18.5% SC
Pulses,27.0,67.8,5.9,16.2,75.9,High,Pod Borer (Helicoverpa),Emamectin Benzoate 5% SG
Sugarcane,35.4,54.2,90.9,32.5,19.0,Low,Early Shoot Borer,Chlorantraniliprole 18.5% SC
Tobacco,14.3,76.9,11.5,22.8,18.4,Low,Aphid,Imidacloprid 17.8% SL
Maize,27.0,56.5,44.8,53.6,23.7,Low,Fall Armyworm,Spinetoram 11.7% SC
Maize,35.7,89.6,9.0,37.7,18.1,Low,Stem Borer,Chlorantraniliprole 18.5% SC
Ground Nuts,30.5,72.2,3.4,17.4,76.1,High,Leaf Miner,Chlorpyrifos 20% EC
Cotton,26.2,83.4,2.5,16.5,59.5,Medium,Jassid,Thiamethoxam 25% WG
Sugarcane,30.8,73.6,11.2,27.2,86.2,High,Early Shoot Borer,Chlorantraniliprole 18.5% SC
Paddy,25.8,66.5,0.0,60.3,14.9,Low,No Significant Pest,No Spray Needed (monitor only)
Millets,28.8,52.0,16.4,27.6,36.7,Medium,Earhead Bug,Malathion 50% EC
Barley,23.8,58.2,0.0,29.0,43.4,Medium,Aphid,Imidacloprid 17.8% SL
Barley,23.4,58.7,6.8,33.0,33.8,Medium,Aphid,Imidacloprid 17.8% SL
Maize,24.3,53.9,0.0,41.0,6.8,Low,No Significant Pest,No Spray Needed (monitor only)
Pulses,19.9,84.7,15.4,19.4,54.6,Medium,Aphid,Thiamethoxam 25% WG
Oil seeds,18.6,76.2,18.8,34.5,49.4,Medium,Mustard Aphid,Dimethoate 30% EC
Millets,29.3,86.0,6.1,29.2,69.1,High,Earhead Bug,Malathion 50% EC
Wheat,23.8,56.4,1.7,19.4,81.3,High,Termite,Chlorpyrifos 20% EC
Maize,26.8,52.1,0.0,33.7,12.8,Low,No Significant Pest,No Spray Needed (monitor only)
Tobacco,30.0,60.9,19.8,21.4,18.2,Low,Spodoptera Caterpillar,Emamectin Benzoate 5% SG
Maize,26.1,78.7,31.2,30.3,36.0,Medium,Fall Armyworm,Spinetoram 11.7% SC
Tobacco,24.6,50.4,0.0,23.6,24.1,Low,Aphid,Imidacloprid 17.8% SL
Wheat,9.1,43.3,19.3,22.5,6.7,Low,No Significant Pest,No Spray Needed (monitor only)
Tobacco,29.4,86.7,40.0,40.9,87.1,High,Spodoptera Caterpillar,Emamectin Benzoate 5% SG
Millets,28.6,48.3,31.4,22.5,20.5,Low,Earhead Bug,Malathion 50% EC
Wheat,15.9,77.5,8.9,39.4,50.9,Medium,Aphid,Imidacloprid 17.8% SL
Sugarcane,25.7,92.2,0.0,55.5,41.9,Medium,Woolly Aphid,Imidacloprid 17.8% SL
Paddy,29.9,73.1,35.0,66.4,38.8,Medium,Stem Borer,Cartap Hydrochloride 4% G
Cotton,37.3,75.8,110.0,41.5,9.3,Low,No Significant Pest,No Spray Needed (monitor only)
Ground Nuts,24.8,90.1,89.8,34.0,78.4,High,Leaf Spot (Tikka),Hexaconazole 5% EC
Maize,27.4,64.2,1.7,40.2,32.5,Medium,Fall Armyworm,Spinetoram 11.7% SC
Tobacco,27.8,75.7,0.0,31.5,42.0,Medium,Aphid,Imidacloprid 17.8% SL
Paddy,32.5,84.2,34.2,65.6,35.0,Medium,Stem Borer,Cartap Hydrochloride 4% G
Barley,25.7,39.8,1.1,19.5,11.8,Low,No Significant Pest,No Spray Needed (monitor only)
Maize,32.7,54.9,1.3,49.7,14.7,Low,No Significant Pest,No Spray Needed (monitor only)
Tobacco,29.0,62.6,4.9,20.1,28.0,Low,Aphid,Imidacloprid 17.8% SL
Oil seeds,25.1,44.3,0.0,43.5,3.0,Low,No Significant Pest,No Spray Needed (monitor only)
Maize,32.3,63.7,2.0,37.9,28.1,Low,Fall Armyworm,Spinetoram 11.7% SC
Sugarcane,27.4,81.0,15.4,44.9,34.6,Medium,Early Shoot Borer,Chlorantraniliprole 18.5% SC
Maize,34.6,65.7,20.0,49.0,19.5,Low,Fall Armyworm,Spinetoram 11.7% SC
Millets,26.8,44.0,36.5,36.3,14.7,Low,No Significant Pest,No Spray Needed (monitor only)
Tobacco,27.2,60.7,4.8,22.5,37.8,Medium,Aphid,Imidacloprid 17.8% SL
Wheat,17.5,47.8,16.0,40.7,24.7,Low,Aphid,Imidacloprid 17.8% SL
Paddy,34.8,80.4,52.2,60.3,16.1,Low,Stem Borer,Cartap Hydrochloride 4% G
Millets,24.1,75.9,0.0,18.7,25.7,Low,Shoot Fly,Thiamethoxam 30% FS
Maize,35.5,75.2,21.8,20.8,16.8,Low,Stem Borer,Chlorantraniliprole 18.5% SC
Millets,30.4,51.4,23.9,17.8,34.7,Medium,Earhead Bug,Malathion 50% EC
Pulses,29.2,48.7,0.0,26.5,14.8,Low,No Significant Pest,No Spray Needed (monitor only)
Millets,28.3,52.9,31.5,37.5,39.9,Medium,Shoot Fly,Thiamethoxam 30% FS
Oil seeds,26.1,75.5,31.7,36.8,40.0,Medium,Girdle Beetle,Lambda-cyhalothrin 5% EC
Millets,26.1,66.6,0.0,14.7,49.8,Medium,Earhead Bug,Malathion 50% EC
Oil seeds,23.7,89.0,11.6,39.3,54.2,Medium,Alternaria Blight,Mancozeb 75% WP
Barley,17.5,38.5,0.4,16.5,29.5,Low,Aphid,Imidacloprid 17.8% SL
Millets,34.3,53.5,81.7,29.1,12.6,Low,No Significant Pest,No Spray Needed (monitor only)
Paddy,32.5,89.9,66.6,43.8,39.0,Medium,Stem Borer,Cartap Hydrochloride 4% G
Barley,17.6,74.7,4.4,16.7,89.8,High,Aphid,Imidacloprid 17.8% SL
Millets,35.9,59.3,3.1,13.6,22.1,Low,Earhead Bug,Malathion 50% EC
Wheat,27.0,63.2,16.6,22.3,47.6,Medium,Termite,Chlorpyrifos 20% EC
Maize,26.6,79.1,52.8,36.6,58.2,Medium,Fall Armyworm,Spinetoram 11.7% SC
Maize,27.0,78.0,0.0,18.2,32.8,Medium,Fall Armyworm,Spinetoram 11.7% SC
Oil seeds,21.2,66.5,52.3,43.6,25.5,Low,Mustard Aphid,Dimethoate 30% EC
Paddy,27.4,89.0,1.4,69.0,47.7,Medium,Stem Borer,Cartap Hydrochloride 4% G
Sugarcane,25.9,61.9,28.7,60.6,12.5,Low,No Significant Pest,No Spray Needed (monitor only)
Maize,26.9,89.3,0.0,35.5,46.7,Medium,Fall Armyworm,Spinetoram 11.7% SC
Wheat,23.4,53.1,8.9,20.8,55.9,Medium,Termite,Chlorpyrifos 20% EC
Wheat,23.4,44.4,11.6,20.8,53.6,Medium,Termite,Chlorpyrifos 20% EC
Cotton,32.2,55.3,0.0,21.9,58.4,Medium,Whitefly,Diafenthiuron 50% WP
Ground Nuts,29.3,71.5,65.9,31.3,32.2,Medium,Leaf Miner,Chlorpyrifos 20% EC
Cotton,36.7,70.0,0.0,43.2,19.2,Low,Whitefly,Diafenthiuron 50% WP
Maize,33.4,67.4,71.4,24.2,30.6,Medium,Fall Armyworm,Spinetoram 11.7% SC
Paddy,33.8,82.9,36.2,45.5,18.1,Low,Stem Borer,Cartap Hydrochloride 4% G
Oil seeds,16.6,75.1,25.0,21.1,46.4,Medium,Mustard Aphid,Dimethoate 30% EC
Sugarcane,33.6,84.2,0.0,52.0,55.4,Medium,Early Shoot Borer,Chlorantraniliprole 18.5% SC
Maize,35.4,60.1,21.0,23.6,5.5,Low,No Significant Pest,No Spray Needed (monitor only)
Wheat,24.5,71.7,2.5,29.4,68.7,High,Termite,Chlorpyrifos 20% EC
Oil seeds,30.3,86.5,16.9,21.9,30.0,Low,Girdle Beetle,Lambda-cyhalothrin 5% EC
Tobacco,22.9,73.0,40.0,43.6,34.7,Medium,Spodoptera Caterpillar,Emamectin Benzoate 5% SG
Ground Nuts,35.9,62.1,17.7,28.0,15.0,Low,Leaf Miner,Chlorpyrifos 20% EC
Cotton,30.0,87.4,0.0,15.6,100.0,High,Whitefly,Diafenthiuron 50% WP
Barley,22.4,66.6,0.0,29.6,47.3,Medium,Aphid,Imidacloprid 17.8% SL
Pulses,16.7,41.1,4.5,20.7,12.9,Low,No Significant Pest,No Spray Needed (monitor only)
Wheat,26.3,54.3,26.5,45.7,31.4,Medium,Termite,Chlorpyrifos 20% EC
Millets,25.4,83.0,0.0,10.6,47.4,Medium,Earhead Bug,Malathion 50% EC
Paddy,32.0,93.1,149.9,80.0,76.0,High,Stem Borer,Cartap Hydrochloride 4% G
Wheat,9.2,41.7,17.2,46.1,5.0,Low,No Significant Pest,No Spray Needed (monitor only)
Tobacco,15.4,47.9,33.8,35.0,5.8,Low,No Significant Pest,No Spray Needed (monitor only)
Pulses,13.9,64.6,0.0,26.5,36.2,Medium,Aphid,Thiamethoxam 25% WG
Barley,16.7,57.5,8.8,26.1,56.8,Medium,Aphid,Imidacloprid 17.8% SL
Cotton,33.4,78.4,26.8,29.9,54.9,Medium,Whitefly,Diafenthiuron 50% WP
Paddy,24.5,89.3,0.0,52.8,24.4,Low,Blast,Tricyclazole 75% WP
Tobacco,25.6,66.3,2.2,36.9,49.7,Medium,Aphid,Imidacloprid 17.8% SL
Ground Nuts,25.4,75.3,23.9,32.3,46.5,Medium,Aphid,Imidacloprid 17.8% SL
Maize,25.3,69.9,0.0,49.0,33.0,Medium,Fall Armyworm,Spinetoram 11.7% SC
Cotton,28.3,89.1,42.1,45.1,78.6,High,Pink Bollworm,Emamectin Benzoate 5% SG
Pulses,27.5,75.5,0.0,21.5,85.8,High,Pod Borer (Helicoverpa),Emamectin Benzoate 5% SG
Millets,27.7,64.7,0.0,32.1,52.9,Medium,Earhead Bug,Malathion 50% EC
Pulses,29.8,56.3,2.4,19.5,34.7,Medium,Pod Borer (Helicoverpa),Emamectin Benzoate 5% SG
Pulses,29.4,38.9,6.1,35.2,6.4,Low,No Significant Pest,No Spray Needed (monitor only)
Paddy,32.0,97.7,23.6,49.8,35.0,Medium,Stem Borer,Cartap Hydrochloride 4% G
Ground Nuts,24.5,62.6,74.2,39.2,16.6,Low,Aphid,Imidacloprid 17.8% SL
Paddy,32.4,65.4,0.0,36.2,11.5,Low,No Significant Pest,No Spray Needed (monitor only)
Wheat,9.4,66.2,4.3,35.8,10.2,Low,No Significant Pest,No Spray Needed (monitor only)
Sugarcane,31.0,93.6,25.3,51.9,54.7,Medium,Early Shoot Borer,Chlorantraniliprole 18.5% SC
Millets,28.5,70.9,0.0,12.1,77.2,High,Earhead Bug,Malathion 50% EC
Tobacco,14.3,73.3,1.6,44.1,18.0,Low,Aphid,Imidacloprid 17.8% SL
Sugarcane,30.0,76.5,0.0,39.1,66.7,High,Early Shoot Borer,Chlorantraniliprole 18.5% SC
Cotton,32.1,46.1,15.2,17.2,36.6,Medium,Whitefly,Diafenthiuron 50% WP
Pulses,17.9,36.1,0.0,34.5,7.8,Low,No Significant Pest,No Spray Needed (monitor only)
Wheat,14.9,40.8,16.4,36.6,12.8,Low,No Significant Pest,No Spray Needed (monitor only)
Tobacco,32.0,44.8,25.7,24.4,2.8,Low,No Significant Pest,No Spray Needed (monitor only)
Pulses,16.2,42.6,0.0,30.7,11.8,Low,No Significant Pest,No Spray Needed (monitor only)
Tobacco,23.5,46.8,3.4,23.3,17.6,Low,Aphid,Imidacloprid 17.8% SL
Ground Nuts,31.6,58.5,41.7,35.0,25.0,Low,Leaf Miner,Chlorpyrifos 20% EC
Paddy,32.7,74.6,14.3,50.3,18.0,Low,Stem Borer,Cartap Hydrochloride 4% G
Pulses,19.4,38.6,3.4,35.9,7.5,Low,No Significant Pest,No Spray Needed (monitor only)
Tobacco,21.2,46.8,8.0,24.2,14.3,Low,No Significant Pest,No Spray Needed (monitor only)
Paddy,28.5,84.7,54.6,44.9,43.8,Medium,Stem Borer,Cartap Hydrochloride 4% G
Barley,15.4,58.4,14.2,27.7,44.5,Medium,Aphid,Imidacloprid 17.8% SL
Millets,24.6,59.7,46.1,22.4,34.2,Medium,Shoot Fly,Thiamethoxam 30% FS
Tobacco,19.3,62.2,0.0,32.3,43.0,Medium,Aphid,Imidacloprid 17.8% SL
Tobacco,19.3,50.5,0.0,23.5,25.2,Low,Aphid,Imidacloprid 17.8% SL
Paddy,27.0,84.9,5.3,50.4,31.8,Medium,Stem Borer,Cartap Hydrochloride 4% G
Wheat,22.6,55.3,0.0,39.7,53.7,Medium,Termite,Chlorpyrifos 20% EC
Wheat,23.0,35.4,3.1,31.0,34.4,Medium,Termite,Chlorpyrifos 20% EC
Cotton,30.6,69.0,31.2,27.2,63.8,High,Whitefly,Diafenthiuron 50% WP
Millets,36.1,74.0,0.0,34.7,17.5,Low,Earhead Bug,Malathion 50% EC
Pulses,10.5,57.7,0.0,20.5,12.5,Low,No Significant Pest,No Spray Needed (monitor only)
Millets,28.8,74.9,29.2,19.3,53.4,Medium,Earhead Bug,Malathion 50% EC
Wheat,22.0,40.5,0.0,27.6,47.5,Medium,Termite,Chlorpyrifos 20% EC
Maize,26.2,73.8,1.6,28.0,31.8,Medium,Fall Armyworm,Spinetoram 11.7% SC
Oil seeds,32.3,51.8,0.0,44.5,3.0,Low,No Significant Pest,No Spray Needed (monitor only)
Ground Nuts,29.4,55.7,0.0,15.4,47.8,Medium,Leaf Miner,Chlorpyrifos 20% EC
Cotton,25.4,48.4,19.4,33.0,8.0,Low,No Significant Pest,No Spray Needed (monitor only)
Sugarcane,26.8,94.7,0.0,52.2,40.5,Medium,Woolly Aphid,Imidacloprid 17.8% SL
Ground Nuts,34.7,82.2,0.0,24.6,41.7,Medium,Leaf Miner,Chlorpyrifos 20% EC
Cotton,34.2,76.7,0.0,25.0,61.8,High,Whitefly,Diafenthiuron 50% WP
Cotton,29.8,67.8,0.0,36.7,64.4,High,Whitefly,Diafenthiuron 50% WP
Barley,17.3,74.2,3.1,28.8,76.6,High,Aphid,Imidacloprid 17.8% SL
Tobacco,19.9,55.9,17.6,41.9,22.3,Low,Aphid,Imidacloprid 17.8% SL
Cotton,27.0,85.3,65.6,34.4,63.8,High,Pink Bollworm,Emamectin Benzoate 5% SG
Tobacco,12.8,53.0,1.1,42.1,5.4,Low,No Significant Pest,No Spray Needed (monitor only)
Ground Nuts,34.1,76.9,0.0,26.5,39.0,Medium,Leaf Miner,Chlorpyrifos 20% EC
Wheat,17.7,76.3,19.0,26.3,60.6,High,Aphid,Imidacloprid 17.8% SL
Pulses,17.8,36.8,0.0,35.6,6.2,Low,No Significant Pest,No Spray Needed (monitor only)
Sugarcane,21.7,85.1,0.0,32.5,13.1,Low,No Significant Pest,No Spray Needed (monitor only)
Barley,21.1,36.3,1.8,33.7,14.8,Low,No Significant Pest,No Spray Needed (monitor only)
Wheat,15.2,79.2,0.0,32.2,66.6,High,Aphid,Imidacloprid 17.8% SL
Tobacco,21.3,58.7,28.4,46.1,26.0,Low,Aphid,Imidacloprid 17.8% SL
Paddy,28.4,93.0,0.0,53.6,42.4,Medium,Stem Borer,Cartap Hydrochloride 4% G
Pulses,19.6,60.2,54.3,26.3,32.6,Medium,Wilt,Carbendazim 50% WP
Pulses,21.2,56.7,0.0,25.1,58.1,Medium,Aphid,Thiamethoxam 25% WG
Wheat,16.8,82.9,0.0,35.7,65.7,High,Aphid,Imidacloprid 17.8% SL
Pulses,15.1,83.8,0.0,37.0,36.0,Medium,Aphid,Thiamethoxam 25% WG
Cotton,27.2,55.7,13.8,33.8,29.3,Low,Whitefly,Diafenthiuron 50% WP
Tobacco,21.3,57.8,0.0,33.8,35.8,Medium,Aphid,Imidacloprid 17.8% SL
Millets,27.1,86.8,29.3,25.3,64.4,High,Shoot Fly,Thiamethoxam 30% FS
Oil seeds,20.7,49.4,0.6,27.4,40.5,Medium,Mustard Aphid,Dimethoate 30% EC
Sugarcane,32.7,71.6,22.7,63.3,43.4,Medium,Early Shoot Borer,Chlorantraniliprole 18.5% SC
Barley,18.8,54.0,4.9,39.2,38.0,Medium,Aphid,Imidacloprid 17.8% SL
Maize,34.6,61.5,7.3,43.7,12.1,Low,No Significant Pest,No Spray Needed (monitor only)
Oil seeds,13.4,83.9,7.9,39.3,40.2,Medium,Mustard Aphid,Dimethoate 30% EC
Wheat,26.2,74.1,3.6,44.2,53.9,Medium,Termite,Chlorpyrifos 20% EC
Maize,34.5,60.5,0.0,43.9,9.5,Low,No Significant Pest,No Spray Needed (monitor only)
Sugarcane,31.1,86.4,55.8,32.7,66.5,High,Early Shoot Borer,Chlorantraniliprole 18.5% SC
Ground Nuts,27.0,82.7,1.4,23.9,77.6,High,Aphid,Imidacloprid 17.8% SL
Sugarcane,23.9,87.1,35.2,39.1,35.6,Medium,Woolly Aphid,Imidacloprid 17.8% SL
Oil seeds,25.3,63.5,52.6,23.6,14.2,Low,No Significant Pest,No Spray Needed (monitor only)
Maize,32.8,52.6,4.2,42.6,8.2,Low,No Significant Pest,No Spray Needed (monitor only)
Tobacco,12.1,55.6,4.6,28.0,8.8,Low,No Significant Pest,No Spray Needed (monitor only)
Tobacco,19.5,62.1,0.0,24.4,58.0,Medium,Aphid,Imidacloprid 17.8% SL
Wheat,22.4,66.3,18.6,44.3,36.0,Medium,Termite,Chlorpyrifos 20% EC
Oil seeds,20.3,76.9,17.7,40.5,34.6,Medium,Mustard Aphid,Dimethoate 30% EC
Ground Nuts,30.5,64.4,40.9,31.8,40.4,Medium,Leaf Miner,Chlorpyrifos 20% EC
Millets,33.5,55.9,57.0,16.8,25.2,Low,Earhead Bug,Malathion 50% EC
Barley,22.9,70.2,0.0,27.7,50.9,Medium,Aphid,Imidacloprid 17.8% SL
Pulses,26.6,52.4,5.4,18.6,35.2,Medium,Pod Borer (Helicoverpa),Emamectin Benzoate 5% SG
Oil seeds,29.8,48.9,13.2,45.6,5.6,Low,No Significant Pest,No Spray Needed (monitor only)
Oil seeds,20.7,68.9,0.0,15.6,75.5,High,Mustard Aphid,Dimethoate 30% EC
Ground Nuts,28.1,76.3,1.0,17.1,81.6,High,Aphid,Imidacloprid 17.8% SL
Barley,20.8,41.9,25.0,34.5,15.8,Low,Aphid,Imidacloprid 17.8% SL
Maize,31.0,81.6,100.2,43.7,79.9,High,Stem Borer,Chlorantraniliprole 18.5% SC
Maize,34.8,84.4,21.4,28.1,24.9,Low,Stem Borer,Chlorantraniliprole 18.5% SC
Sugarcane,36.7,92.2,6.9,42.3,37.3,Medium,Early Shoot Borer,Chlorantraniliprole 18.5% SC
Oil seeds,21.7,73.5,16.1,35.6,36.7,Medium,Mustard Aphid,Dimethoate 30% EC
Maize,28.8,61.9,3.2,30.1,26.5,Low,Fall Armyworm,Spinetoram 11.7% SC
Tobacco,19.6,58.7,5.3,36.1,34.3,Medium,Aphid,Imidacloprid 17.8% SL
Tobacco,23.4,81.0,13.9,31.2,47.3,Medium,Aphid,Imidacloprid 17.8% SL
Cotton,32.7,61.1,9.5,30.2,64.5,High,Whitefly,Diafenthiuron 50% WP
Cotton,37.5,72.9,54.4,32.1,10.3,Low,No Significant Pest,No Spray Needed (monitor only)
Sugarcane,22.1,85.4,111.9,65.5,47.1,Medium,Woolly Aphid,Imidacloprid 17.8% SL
Sugarcane,28.0,88.3,74.4,35.7,39.8,Medium,Woolly Aphid,Imidacloprid 17.8% SL
Millets,24.9,40.6,0.0,22.7,2.9,Low,No Significant Pest,No Spray Needed (monitor only)
Tobacco,31.4,54.1,17.5,46.0,6.5,Low,No Significant Pest,No Spray Needed (monitor only)
Oil seeds,13.6,91.7,17.9,28.4,40.5,Medium,Mustard Aphid,Dimethoate 30% EC
Barley,20.0,65.1,5.8,17.4,82.8,High,Aphid,Imidacloprid 17.8% SL
Pulses,19.5,71.5,3.0,15.9,88.2,High,Aphid,Thiamethoxam 25% WG
Paddy,25.9,65.4,74.8,83.0,24.8,Low,Stem Borer,Cartap Hydrochloride 4% G
Ground Nuts,35.3,59.4,0.0,24.9,16.9,Low,Leaf Miner,Chlorpyrifos 20% EC
Ground Nuts,30.8,80.1,100.0,24.5,42.3,Medium,Leaf Miner,Chlorpyrifos 20% EC
Barley,21.3,48.8,0.0,34.7,40.0,Medium,Aphid,Imidacloprid 17.8% SL
Oil seeds,13.9,52.8,5.3,39.9,25.2,Low,Mustard Aphid,Dimethoate 30% EC
Oil seeds,27.9,40.0,0.0,32.0,4.7,Low,No Significant Pest,No Spray Needed (monitor only)
Sugarcane,31.1,85.2,0.0,31.5,88.8,High,Early Shoot Borer,Chlorantraniliprole 18.5% SC
Sugarcane,35.4,68.4,52.9,67.5,23.8,Low,Early Shoot Borer,Chlorantraniliprole 18.5% SC
Sugarcane,27.3,87.3,58.3,44.0,42.9,Medium,Woolly Aphid,Imidacloprid 17.8% SL
Millets,35.0,45.9,0.0,19.8,14.5,Low,No Significant Pest,No Spray Needed (monitor only)
Oil seeds,14.4,65.9,59.1,20.7,31.0,Medium,Mustard Aphid,Dimethoate 30% EC
Barley,10.9,73.0,13.8,31.5,43.3,Medium,Yellow Rust,Propiconazole 25% EC
Cotton,26.0,71.6,85.7,36.4,49.3,Medium,Pink Bollworm,Emamectin Benzoate 5% SG
Sugarcane,35.2,92.2,11.9,47.4,48.2,Medium,Early Shoot Borer,Chlorantraniliprole 18.5% SC
Wheat,25.5,48.4,1.2,34.9,45.2,Medium,Termite,Chlorpyrifos 20% EC
Oil seeds,29.0,78.2,0.8,33.5,35.9,Medium,Girdle Beetle,Lambda-cyhalothrin 5% EC
Barley,13.7,62.0,0.0,38.2,49.9,Medium,Aphid,Imidacloprid 17.8% SL
Paddy,27.1,89.5,53.1,50.9,45.1,Medium,Stem Borer,Cartap Hydrochloride 4% G
Ground Nuts,34.0,74.2,0.0,20.6,45.4,Medium,Leaf Miner,Chlorpyrifos 20% EC
Maize,32.0,59.8,113.0,50.6,37.3,Medium,Fall Armyworm,Spinetoram 11.7% SC
Maize,30.3,64.7,79.9,55.9,63.9,High,Fall Armyworm,Spinetoram 11.7% SC
Pulses,33.6,76.7,0.0,17.6,26.5,Low,Pod Borer (Helicoverpa),Emamectin Benzoate 5% SG
Ground Nuts,28.1,62.7,56.8,32.9,25.5,Low,Leaf Miner,Chlorpyrifos 20% EC
Millets,31.9,62.6,59.6,19.6,36.5,Medium,Shoot Fly,Thiamethoxam 30% FS
Cotton,37.1,60.5,27.2,40.5,11.9,Low,No Significant Pest,No Spray Needed (monitor only)
Tobacco,27.1,66.5,16.8,33.9,38.5,Medium,Spodoptera Caterpillar,Emamectin Benzoate 5% SG
Cotton,24.7,58.8,21.6,17.7,23.3,Low,Jassid,Thiamethoxam 25% WG
Ground Nuts,32.6,67.5,0.0,21.6,58.9,Medium,Leaf Miner,Chlorpyrifos 20% EC
Sugarcane,26.7,82.7,0.0,63.8,32.1,Medium,Woolly Aphid,Imidacloprid 17.8% SL
Ground Nuts,28.4,54.7,0.0,27.4,35.2,Medium,Leaf Miner,Chlorpyrifos 20% EC
Wheat,15.1,41.5,0.0,27.7,27.5,Low,Aphid,Imidacloprid 17.8% SL
Oil seeds,16.9,89.3,7.5,28.9,80.2,High,Mustard Aphid,Dimethoate 30% EC
Maize,32.8,84.3,120.0,57.0,83.6,High,Stem Borer,Chlorantraniliprole 18.5% SC
Oil seeds,18.5,52.4,21.9,34.0,27.2,Low,Mustard Aphid,Dimethoate 30% EC
Wheat,10.0,53.6,0.0,39.8,13.1,Low,No Significant Pest,No Spray Needed (monitor only)
Pulses,30.5,89.2,0.0,19.3,63.8,High,Pod Borer (Helicoverpa),Emamectin Benzoate 5% SG
Wheat,8.3,77.1,7.2,29.2,12.1,Low,No Significant Pest,No Spray Needed (monitor only)
Wheat,12.2,47.2,1.0,42.5,18.1,Low,Aphid,Imidacloprid 17.8% SL
Maize,25.2,73.0,10.1,23.0,24.9,Low,Fall Armyworm,Spinetoram 11.7% SC
Ground Nuts,34.5,89.0,8.6,31.0,36.3,Medium,Leaf Miner,Chlorpyrifos 20% EC
Ground Nuts,24.5,82.5,6.7,17.6,68.6,High,Aphid,Imidacloprid 17.8% SL
Barley,24.7,81.8,10.6,16.6,38.5,Medium,Aphid,Imidacloprid 17.8% SL
Barley,11.3,43.9,12.3,29.3,12.6,Low,No Significant Pest,No Spray Needed (monitor only)
Sugarcane,35.7,67.7,0.0,49.5,34.4,Medium,Early Shoot Borer,Chlorantraniliprole 18.5% SC
Pulses,30.6,35.1,1.1,17.9,4.3,Low,No Significant Pest,No Spray Needed (monitor only)
Sugarcane,31.1,80.1,20.4,44.9,65.8,High,Early Shoot Borer,Chlorantraniliprole 18.5% SC
Wheat,25.1,44.0,1.6,24.2,59.3,Medium,Termite,Chlorpyrifos 20% EC
Maize,31.9,64.2,5.6,43.7,29.6,Low,Fall Armyworm,Spinetoram 11.7% SC
Sugarcane,37.2,65.7,96.3,56.4,16.3,Low,Early Shoot Borer,Chlorantraniliprole 18.5% SC
Oil seeds,28.8,48.6,0.0,36.3,4.5,Low,No Significant Pest,No Spray Needed (monitor only)
Pulses,30.1,43.8,0.0,17.2,11.4,Low,No Significant Pest,No Spray Needed (monitor only)
Ground Nuts,24.9,87.6,32.9,39.5,54.7,Medium,Leaf Spot (Tikka),Hexaconazole 5% EC
Sugarcane,28.9,52.6,14.8,41.9,23.6,Low,Early Shoot Borer,Chlorantraniliprole 18.5% SC
Sugarcane,24.3,63.5,0.0,54.0,7.6,Low,No Significant Pest,No Spray Needed (monitor only)
Ground Nuts,31.2,78.5,9.8,29.0,62.0,High,Leaf Miner,Chlorpyrifos 20% EC
Sugarcane,27.2,70.6,0.0,44.2,34.6,Medium,Early Shoot Borer,Chlorantraniliprole 18.5% SC
Ground Nuts,34.5,66.6,0.0,20.1,40.9,Medium,Leaf Miner,Chlorpyrifos 20% EC
Pulses,32.2,87.4,46.0,27.7,21.4,Low,Wilt,Carbendazim 50% WP
Sugarcane,30.5,60.5,0.0,27.9,63.3,High,Early Shoot Borer,Chlorantraniliprole 18.5% SC
Sugarcane,32.8,67.8,104.0,64.5,31.0,Medium,Early Shoot Borer,Chlorantraniliprole 18.5% SC
Wheat,17.5,37.5,0.0,42.5,19.2,Low,Termite,Chlorpyrifos 20% EC
Wheat,13.0,77.3,0.0,42.5,38.8,Medium,Yellow Rust,Propiconazole 25% EC
Ground Nuts,31.4,51.4,0.3,30.0,26.8,Low,Leaf Miner,Chlorpyrifos 20% EC
Millets,27.4,53.3,11.1,26.2,31.1,Medium,Earhead Bug,Malathion 50% EC
Oil seeds,26.9,62.1,0.0,22.8,14.5,Low,No Significant Pest,No Spray Needed (monitor only)
Oil seeds,22.5,58.0,0.0,20.2,46.5,Medium,Mustard Aphid,Dimethoate 30% EC
Oil seeds,28.5,79.1,0.0,36.9,41.4,Medium,Girdle Beetle,Lambda-cyhalothrin 5% EC
Oil seeds,12.7,52.6,0.0,27.6,24.7,Low,Mustard Aphid,Dimethoate 30% EC
Pulses,28.0,84.5,0.0,17.6,84.3,High,Pod Borer (Helicoverpa),Emamectin Benzoate 5% SG
Ground Nuts,24.9,52.0,47.5,17.8,17.2,Low,Aphid,Imidacloprid 17.8% SL
Millets,31.3,85.9,0.0,10.1,97.9,High,Earhead Bug,Malathion 50% EC
Pulses,15.6,43.1,5.0,22.5,11.8,Low,No Significant Pest,No Spray Needed (monitor only)
Tobacco,30.2,81.9,19.4,32.2,63.9,High,Spodoptera Caterpillar,Emamectin Benzoate 5% SG
Barley,10.7,73.8,18.0,38.8,41.5,Medium,Yellow Rust,Propiconazole 25% EC
Wheat,22.1,37.3,0.0,39.7,32.1,Medium,Termite,Chlorpyrifos 20% EC
Millets,32.0,73.9,24.1,26.0,50.6,Medium,Earhead Bug,Malathion 50% EC
Tobacco,28.3,66.3,0.0,38.0,26.7,Low,Spodoptera Caterpillar,Emamectin Benzoate 5% SG
Millets,26.7,71.6,19.0,28.1,57.1,Medium,Shoot Fly,Thiamethoxam 30% FS
Wheat,20.8,47.4,0.0,32.1,45.2,Medium,Termite,Chlorpyrifos 20% EC
Maize,34.6,87.1,7.4,37.0,28.4,Low,Stem Borer,Chlorantraniliprole 18.5% SC
Wheat,24.4,55.6,0.0,40.8,54.9,Medium,Termite,Chlorpyrifos 20% EC
Maize,34.7,82.3,120.0,48.8,47.6,Medium,Stem Borer,Chlorantraniliprole 18.5% SC
Paddy,29.9,87.1,141.7,57.5,71.1,High,Stem Borer,Cartap Hydrochloride 4% G
Oil seeds,24.5,53.9,0.0,28.2,23.4,Low,Mustard Aphid,Dimethoate 30% EC
Tobacco,24.1,87.6,7.2,42.4,50.3,Medium,Frog-eye Leaf Spot,Mancozeb 75% WP
Maize,26.0,64.3,16.1,19.6,16.9,Low,Fall Armyworm,Spinetoram 11.7% SC
Maize,34.7,86.9,120.0,31.3,36.2,Medium,Stem Borer,Chlorantraniliprole 18.5% SC
Cotton,32.6,48.4,0.0,23.4,38.4,Medium,Whitefly,Diafenthiuron 50% WP
Barley,26.9,68.2,19.7,21.1,19.2,Low,Aphid,Imidacloprid 17.8% SL
Oil seeds,15.1,50.6,0.0,34.2,31.3,Medium,Mustard Aphid,Dimethoate 30% EC
Barley,15.1,59.2,20.7,35.9,33.6,Medium,Aphid,Imidacloprid 17.8% SL
Cotton,37.4,58.9,110.0,47.2,13.0,Low,No Significant Pest,No Spray Needed (monitor only)
Tobacco,29.0,46.5,8.1,41.3,3.5,Low,No Significant Pest,No Spray Needed (monitor only)
Paddy,31.9,79.0,0.0,60.0,27.9,Low,Stem Borer,Cartap Hydrochloride 4% G
Paddy,24.2,76.0,12.0,54.0,18.6,Low,Stem Borer,Cartap Hydrochloride 4% G
Pulses,10.4,77.0,0.0,24.1,13.8,Low,No Significant Pest,No Spray Needed (monitor only)
Sugarcane,32.1,91.7,0.0,34.2,92.5,High,Early Shoot Borer,Chlorantraniliprole 18.5% SC
Pulses,16.5,67.9,0.0,39.1,47.5,Medium,Aphid,Thiamethoxam 25% WG
Paddy,23.6,91.6,2.3,39.7,19.5,Low,Blast,Tricyclazole 75% WP
Tobacco,19.8,74.0,0.0,23.1,80.4,High,Aphid,Imidacloprid 17.8% SL
Wheat,17.8,74.4,13.0,39.6,50.8,Medium,Aphid,Imidacloprid 17.8% SL
Sugarcane,27.6,86.1,0.0,50.1,39.1,Medium,Early Shoot Borer,Chlorantraniliprole 18.5% SC
Ground Nuts,24.2,78.0,12.8,22.5,59.1,Medium,Aphid,Imidacloprid 17.8% SL
Cotton,26.8,80.2,0.0,17.0,69.8,High,Jassid,Thiamethoxam 25% WG
Maize,33.8,74.8,12.9,43.2,31.8,Medium,Stem Borer,Chlorantraniliprole 18.5% SC
Maize,27.6,52.9,1.2,44.1,15.2,Low,Fall Armyworm,Spinetoram 11.7% SC
Ground Nuts,24.5,71.8,16.4,35.9,43.2,Medium,Aphid,Imidacloprid 17.8% SL
Tobacco,19.4,85.5,0.0,24.2,72.3,High,Aphid,Imidacloprid 17.8% SL
Barley,20.9,37.6,0.0,22.5,22.1,Low,Aphid,Imidacloprid 17.8% SL
Sugarcane,33.3,78.2,36.5,48.5,52.5,Medium,Early Shoot Borer,Chlorantraniliprole 18.5% SC
Paddy,26.9,93.4,70.1,59.6,58.4,Medium,Brown Planthopper,Buprofezin 25% SC
Sugarcane,28.9,81.0,97.6,40.8,32.5,Medium,Early Shoot Borer,Chlorantraniliprole 18.5% SC
Cotton,28.7,82.3,20.1,20.9,82.6,High,Jassid,Thiamethoxam 25% WG
Millets,27.8,41.3,4.9,29.7,12.1,Low,No Significant Pest,No Spray Needed (monitor only)
Maize,26.4,52.1,42.7,47.9,12.6,Low,No Significant Pest,No Spray Needed (monitor only)
Sugarcane,36.7,64.4,48.7,68.0,15.7,Low,Early Shoot Borer,Chlorantraniliprole 18.5% SC
Barley,19.4,56.9,0.0,33.1,60.0,Medium,Aphid,Imidacloprid 17.8% SL
Ground Nuts,26.5,84.5,0.0,21.7,76.5,High,Aphid,Imidacloprid 17.8% SL
Millets,35.7,71.7,8.2,25.9,24.5,Low,Earhead Bug,Malathion 50% EC
Oil seeds,16.5,52.7,63.5,23.5,33.8,Medium,Mustard Aphid,Dimethoate 30% EC
Paddy,28.2,74.1,0.0,43.7,21.4,Low,Stem Borer,Cartap Hydrochloride 4% G
Pulses,14.9,40.4,0.0,23.6,9.3,Low,No Significant Pest,No Spray Needed (monitor only)
Pulses,20.4,73.1,0.0,37.0,66.1,High,Aphid,Thiamethoxam 25% WG
Oil seeds,13.8,45.2,34.4,45.4,6.3,Low,No Significant Pest,No Spray Needed (monitor only)
Pulses,16.7,72.7,28.1,39.5,25.8,Low,Aphid,Thiamethoxam 25% WG
Sugarcane,23.4,82.6,3.6,57.5,29.4,Low,Woolly Aphid,Imidacloprid 17.8% SL
Ground Nuts,35.7,85.0,19.4,27.6,21.3,Low,Leaf Miner,Chlorpyrifos 20% EC
Millets,33.8,68.7,0.0,10.7,62.3,High,Earhead Bug,Malathion 50% EC
Tobacco,23.3,59.2,17.4,31.6,24.8,Low,Aphid,Imidacloprid 17.8% SL
Paddy,32.6,72.7,0.0,57.1,17.3,Low,Stem Borer,Cartap Hydrochloride 4% G
Cotton,37.5,70.3,47.1,48.5,14.6,Low,No Significant Pest,No Spray Needed (monitor only)
Tobacco,20.1,55.3,0.0,35.3,32.7,Medium,Aphid,Imidacloprid 17.8% SL
Cotton,30.0,56.7,21.9,41.5,41.1,Medium,Whitefly,Diafenthiuron 50% WP
Cotton,35.1,67.4,12.6,32.0,40.4,Medium,Whitefly,Diafenthiuron 50% WP
Maize,30.9,68.2,0.0,47.8,45.0,Medium,Fall Armyworm,Spinetoram 11.7% SC
Barley,19.3,83.1,0.0,22.1,86.5,High,Aphid,Imidacloprid 17.8% SL
Wheat,14.7,70.4,14.2,28.3,47.7,Medium,Aphid,Imidacloprid 17.8% SL
Barley,20.9,64.6,1.5,23.1,75.1,High,Aphid,Imidacloprid 17.8% SL
Millets,28.8,71.3,13.5,24.6,60.0,High,Earhead Bug,Malathion 50% EC
Barley,23.0,40.4,0.0,19.3,21.3,Low,Aphid,Imidacloprid 17.8% SL
Tobacco,21.1,66.3,31.2,44.2,24.0,Low,Aphid,Imidacloprid 17.8% SL
Maize,35.6,72.8,45.1,39.8,15.1,Low,Stem Borer,Chlorantraniliprole 18.5% SC
Millets,37.7,49.2,0.0,30.6,5.9,Low,No Significant Pest,No Spray Needed (monitor only)
Tobacco,19.1,59.8,0.0,44.6,33.1,Medium,Aphid,Imidacloprid 17.8% SL
Maize,35.5,77.6,0.0,45.9,19.1,Low,Stem Borer,Chlorantraniliprole 18.5% SC
Cotton,37.6,63.9,87.1,35.8,8.9,Low,No Significant Pest,No Spray Needed (monitor only)
Maize,24.7,71.5,0.0,23.3,17.9,Low,Fall Armyworm,Spinetoram 11.7% SC
Millets,33.0,69.5,58.4,17.9,38.2,Medium,Earhead Bug,Malathion 50% EC
Ground Nuts,24.3,51.8,13.9,27.3,12.0,Low,No Significant Pest,No Spray Needed (monitor only)
Pulses,33.8,82.7,0.0,17.0,24.6,Low,Pod Borer (Helicoverpa),Emamectin Benzoate 5% SG
Paddy,32.6,74.4,0.0,45.5,19.0,Low,Stem Borer,Cartap Hydrochloride 4% G
Tobacco,28.3,56.4,2.8,43.8,15.7,Low,Spodoptera Caterpillar,Emamectin Benzoate 5% SG
Cotton,26.0,87.2,0.0,20.8,60.5,High,Jassid,Thiamethoxam 25% WG
Cotton,34.8,68.9,9.4,21.9,54.7,Medium,Whitefly,Diafenthiuron 50% WP
Pulses,26.8,63.3,32.2,41.0,64.1,High,Wilt,Carbendazim 50% WP
Pulses,21.6,60.5,0.6,24.3,64.7,High,Aphid,Thiamethoxam 25% WG
Oil seeds,13.2,62.3,3.9,25.1,44.8,Medium,Mustard Aphid,Dimethoate 30% EC
Tobacco,22.8,86.9,0.1,33.4,77.1,High,Aphid,Imidacloprid 17.8% SL
Millets,33.9,52.9,15.0,24.4,25.2,Low,Earhead Bug,Malathion 50% EC
Millets,35.6,81.3,0.0,11.5,39.3,Medium,Earhead Bug,Malathion 50% EC
Millets,31.4,63.5,59.0,17.5,39.7,Medium,Shoot Fly,Thiamethoxam 30% FS
Paddy,26.6,68.1,59.5,83.3,31.7,Medium,Stem Borer,Cartap Hydrochloride 4% G
Maize,35.3,53.7,120.0,48.2,9.3,Low,No Significant Pest,No Spray Needed (monitor only)
Barley,22.1,58.3,0.0,39.2,49.3,Medium,Aphid,Imidacloprid 17.8% SL
Maize,23.2,71.4,42.2,35.7,20.1,Low,Fall Armyworm,Spinetoram 11.7% SC
Millets,33.5,65.1,0.0,14.8,55.6,Medium,Earhead Bug,Malathion 50% EC
Millets,27.0,57.8,18.4,15.4,43.5,Medium,Earhead Bug,Malathion 50% EC
Tobacco,21.7,40.4,10.3,45.2,6.6,Low,No Significant Pest,No Spray Needed (monitor only)
Paddy,29.7,65.8,53.0,82.3,28.7,Low,Stem Borer,Cartap Hydrochloride 4% G
Pulses,32.7,44.8,42.4,28.3,4.4,Low,No Significant Pest,No Spray Needed (monitor only)
Paddy,28.0,66.1,0.0,43.9,11.6,Low,No Significant Pest,No Spray Needed (monitor only)
Sugarcane,24.9,59.3,8.3,61.9,7.3,Low,No Significant Pest,No Spray Needed (monitor only)
Wheat,17.5,52.9,0.4,37.0,56.1,Medium,Aphid,Imidacloprid 17.8% SL
Maize,33.1,71.3,0.9,31.6,24.5,Low,Fall Armyworm,Spinetoram 11.7% SC
Barley,24.8,52.2,6.0,28.7,30.0,Low,Aphid,Imidacloprid 17.8% SL
Ground Nuts,35.7,87.6,0.0,31.4,26.3,Low,Leaf Miner,Chlorpyrifos 20% EC
Pulses,31.3,35.1,7.3,23.8,2.6,Low,No Significant Pest,No Spray Needed (monitor only)
Oil seeds,13.9,63.7,70.9,30.9,28.5,Low,Mustard Aphid,Dimethoate 30% EC
Barley,22.8,55.6,25.0,41.7,19.5,Low,Aphid,Imidacloprid 17.8% SL
Ground Nuts,29.8,77.3,0.0,12.4,89.8,High,Leaf Miner,Chlorpyrifos 20% EC
Maize,27.8,61.9,0.0,25.5,22.9,Low,Fall Armyworm,Spinetoram 11.7% SC
Wheat,24.7,43.6,12.6,43.2,29.6,Low,Termite,Chlorpyrifos 20% EC
Oil seeds,23.8,57.1,0.0,40.8,24.8,Low,Mustard Aphid,Dimethoate 30% EC
Sugarcane,25.9,74.4,0.0,29.5,30.0,Low,Early Shoot Borer,Chlorantraniliprole 18.5% SC
Millets,30.9,70.7,18.4,14.7,72.3,High,Earhead Bug,Malathion 50% EC
Wheat,14.7,66.1,3.3,19.5,68.6,High,Aphid,Imidacloprid 17.8% SL
Paddy,22.7,72.1,150.0,63.1,14.6,Low,No Significant Pest,No Spray Needed (monitor only)
Tobacco,27.0,49.5,0.2,33.5,13.5,Low,No Significant Pest,No Spray Needed (monitor only)
Paddy,32.4,93.6,28.6,70.0,48.2,Medium,Stem Borer,Cartap Hydrochloride 4% G
Ground Nuts,30.6,65.5,36.0,27.4,47.6,Medium,Leaf Miner,Chlorpyrifos 20% EC
Sugarcane,23.3,68.9,0.0,62.6,5.5,Low,No Significant Pest,No Spray Needed (monitor only)
Wheat,20.3,38.7,0.0,29.5,33.1,Medium,Termite,Chlorpyrifos 20% EC
Maize,28.7,86.2,5.8,44.2,62.4,High,Fall Armyworm,Spinetoram 11.7% SC
Ground Nuts,33.5,73.2,0.0,35.8,38.8,Medium,Leaf Miner,Chlorpyrifos 20% EC
Barley,19.9,72.5,10.2,17.9,65.1,High,Aphid,Imidacloprid 17.8% SL
Millets,29.4,58.9,70.4,31.5,57.1,Medium,Shoot Fly,Thiamethoxam 30% FS
Paddy,35.6,90.1,1.9,64.4,17.3,Low,Stem Borer,Cartap Hydrochloride 4% G
Oil seeds,29.0,71.3,9.9,44.6,33.5,Medium,Girdle Beetle,Lambda-cyhalothrin 5% EC
Sugarcane,21.7,62.6,67.6,42.1,3.7,Low,No Significant Pest,No Spray Needed (monitor only)
Paddy,29.3,67.3,0.0,73.1,22.6,Low,Stem Borer,Cartap Hydrochloride 4% G
Sugarcane,29.6,77.5,34.7,65.8,32.6,Medium,Early Shoot Borer,Chlorantraniliprole 18.5% SC
Sugarcane,28.6,60.5,0.0,40.5,36.6,Medium,Early Shoot Borer,Chlorantraniliprole 18.5% SC
Paddy,31.4,96.6,56.6,68.4,62.1,High,Stem Borer,Cartap Hydrochloride 4% G
Cotton,32.4,71.8,110.0,43.6,52.1,Medium,Pink Bollworm,Emamectin Benzoate 5% SG
Cotton,24.4,83.6,3.5,39.9,28.3,Low,Pink Bollworm,Emamectin Benzoate 5% SG
Oil seeds,20.5,76.9,60.8,38.8,39.5,Medium,Alternaria Blight,Mancozeb 75% WP
Tobacco,22.1,45.4,4.6,32.9,13.3,Low,No Significant Pest,No Spray Needed (monitor only)
Wheat,11.8,87.4,0.0,35.9,47.7,Medium,Yellow Rust,Propiconazole 25% EC
Cotton,36.1,77.1,102.6,39.2,15.2,Low,Pink Bollworm,Emamectin Benzoate 5% SG
Ground Nuts,26.1,74.5,0.0,22.2,60.5,High,Aphid,Imidacloprid 17.8% SL
Paddy,27.7,77.3,16.0,42.2,30.1,Medium,Stem Borer,Cartap Hydrochloride 4% G
Barley,12.2,64.7,0.0,20.6,53.4,Medium,Aphid,Imidacloprid 17.8% SL
Millets,35.1,47.0,24.1,36.3,10.2,Low,No Significant Pest,No Spray Needed (monitor only)
Millets,29.1,60.4,45.2,19.5,42.3,Medium,Shoot Fly,Thiamethoxam 30% FS
Paddy,32.3,95.6,0.0,78.0,41.4,Medium,Stem Borer,Cartap Hydrochloride 4% G
Sugarcane,21.0,94.9,0.0,34.9,16.3,Low,Woolly Aphid,Imidacloprid 17.8% SL
Maize,33.1,65.9,0.0,48.2,26.5,Low,Stem Borer,Chlorantraniliprole 18.5% SC
Sugarcane,26.5,50.8,120.0,37.9,5.6,Low,No Significant Pest,No Spray Needed (monitor only)
Wheat,23.1,71.1,0.0,29.8,77.0,High,Termite,Chlorpyrifos 20% EC
Millets,26.3,60.1,41.1,18.0,38.9,Medium,Shoot Fly,Thiamethoxam 30% FS
Cotton,32.6,60.0,93.5,47.0,22.2,Low,Whitefly,Diafenthiuron 50% WP
Pulses,14.9,56.6,0.0,27.8,36.8,Medium,Aphid,Thiamethoxam 25% WG
Pulses,24.1,58.4,0.0,20.7,50.3,Medium,Aphid,Thiamethoxam 25% WG
Millets,30.4,78.6,0.0,19.6,79.7,High,Earhead Bug,Malathion 50% EC
Maize,32.7,61.4,0.0,32.6,16.4,Low,Fall Armyworm,Spinetoram 11.7% SC
Cotton,32.7,84.8,0.0,31.0,64.5,High,Jassid,Thiamethoxam 25% WG
Sugarcane,33.0,50.3,4.5,47.4,19.4,Low,Early Shoot Borer,Chlorantraniliprole 18.5% SC
Cotton,25.2,71.9,0.0,20.2,40.6,Medium,Jassid,Thiamethoxam 25% WG
Cotton,35.0,73.0,0.0,20.6,53.8,Medium,Whitefly,Diafenthiuron 50% WP
Tobacco,31.4,62.2,0.4,44.5,19.2,Low,Spodoptera Caterpillar,Emamectin Benzoate 5% SG
Cotton,32.5,77.9,0.0,28.7,69.1,High,Whitefly,Diafenthiuron 50% WP
Tobacco,28.3,65.6,10.9,44.5,36.7,Medium,Spodoptera Caterpillar,Emamectin Benzoate 5% SG
Sugarcane,34.0,70.8,10.4,37.0,68.9,High,Early Shoot Borer,Chlorantraniliprole 18.5% SC
Cotton,27.4,60.1,7.4,37.2,37.5,Medium,Jassid,Thiamethoxam 25% WG
Tobacco,14.5,55.7,24.0,34.5,7.1,Low,No Significant Pest,No Spray Needed (monitor only)
Maize,23.3,64.5,0.0,49.3,13.3,Low,No Significant Pest,No Spray Needed (monitor only)
Sugarcane,32.4,51.1,3.9,51.6,23.4,Low,Early Shoot Borer,Chlorantraniliprole 18.5% SC
Tobacco,26.9,60.2,0.0,27.4,32.4,Medium,Aphid,Imidacloprid 17.8% SL
Cotton,29.9,62.1,63.9,21.2,45.3,Medium,Whitefly,Diafenthiuron 50% WP
Millets,26.5,42.5,33.1,30.9,8.2,Low,No Significant Pest,No Spray Needed (monitor only)
Ground Nuts,31.6,68.7,20.3,14.9,64.5,High,Leaf Miner,Chlorpyrifos 20% EC
Barley,26.8,63.8,1.1,36.3,22.4,Low,Aphid,Imidacloprid 17.8% SL
Tobacco,20.9,56.9,0.0,27.6,45.9,Medium,Aphid,Imidacloprid 17.8% SL
Cotton,33.4,72.2,0.0,28.4,62.8,High,Whitefly,Diafenthiuron 50% WP
Wheat,17.2,75.4,4.6,41.6,58.6,Medium,Aphid,Imidacloprid 17.8% SL
Sugarcane,37.7,67.8,4.8,32.5,25.0,Low,Early Shoot Borer,Chlorantraniliprole 18.5% SC
Maize,32.0,80.4,42.7,36.9,54.0,Medium,Fall Armyworm,Spinetoram 11.7% SC
Barley,14.5,61.2,0.0,20.1,72.0,High,Aphid,Imidacloprid 17.8% SL
Oil seeds,33.3,65.8,53.9,45.3,13.3,Low,No Significant Pest,No Spray Needed (monitor only)
Tobacco,21.0,85.8,0.0,26.7,73.1,High,Aphid,Imidacloprid 17.8% SL
Cotton,24.9,73.9,29.6,45.4,32.2,Medium,Pink Bollworm,Emamectin Benzoate 5% SG
Sugarcane,35.3,89.6,0.1,48.0,54.9,Medium,Early Shoot Borer,Chlorantraniliprole 18.5% SC
Ground Nuts,32.5,53.6,48.4,18.5,18.4,Low,Leaf Miner,Chlorpyrifos 20% EC
Pulses,18.5,66.2,21.3,32.7,36.9,Medium,Aphid,Thiamethoxam 25% WG
Paddy,29.3,70.1,0.0,65.2,29.9,Low,Stem Borer,Cartap Hydrochloride 4% G
Wheat,27.7,72.2,1.9,26.5,58.6,Medium,Termite,Chlorpyrifos 20% EC
Pulses,10.2,44.9,60.0,29.4,2.6,Low,No Significant Pest,No Spray Needed (monitor only)
Ground Nuts,25.5,68.8,9.4,32.8,44.0,Medium,Aphid,Imidacloprid 17.8% SL
Wheat,12.5,55.0,16.2,31.3,18.6,Low,Aphid,Imidacloprid 17.8% SL
Barley,9.2,73.3,16.5,18.3,23.0,Low,Aphid,Imidacloprid 17.8% SL
Paddy,35.0,75.4,0.0,47.8,9.3,Low,No Significant Pest,No Spray Needed (monitor only)
Maize,23.9,77.6,0.0,47.6,17.6,Low,Turcicum Leaf Blight,Mancozeb 75% WP
Millets,25.8,86.3,90.0,19.1,66.4,High,Shoot Fly,Thiamethoxam 30% FS
Cotton,32.5,58.2,85.4,28.5,33.9,Medium,Whitefly,Diafenthiuron 50% WP
Ground Nuts,26.6,86.5,0.0,13.8,93.9,High,Aphid,Imidacloprid 17.8% SL
Sugarcane,23.5,54.6,7.3,49.6,1.1,Low,No Significant Pest,No Spray Needed (monitor only)
Sugarcane,24.4,89.0,4.3,47.3,30.1,Medium,Woolly Aphid,Imidacloprid 17.8% SL
Paddy,30.8,63.6,115.9,61.9,18.9,Low,Stem Borer,Cartap Hydrochloride 4% G
Sugarcane,26.4,74.2,20.8,66.1,22.4,Low,Woolly Aphid,Imidacloprid 17.8% SL
Wheat,12.2,47.6,11.5,44.0,14.1,Low,No Significant Pest,No Spray Needed (monitor only)
Millets,30.0,48.8,0.0,17.5,38.7,Medium,Earhead Bug,Malathion 50% EC
Oil seeds,29.8,43.9,0.0,26.6,3.0,Low,No Significant Pest,No Spray Needed (monitor only)
Tobacco,18.8,64.4,0.0,30.4,51.3,Medium,Aphid,Imidacloprid 17.8% SL
Barley,14.5,83.1,12.0,31.6,72.6,High,Yellow Rust,Propiconazole 25% EC
Barley,8.0,61.0,0.4,36.8,17.6,Low,Aphid,Imidacloprid 17.8% SL
Cotton,37.4,50.4,0.0,16.5,14.3,Low,No Significant Pest,No Spray Needed (monitor only)
Millets,27.2,55.2,0.0,31.5,33.6,Medium,Earhead Bug,Malathion 50% EC
Wheat,26.6,49.7,9.3,28.1,43.7,Medium,Termite,Chlorpyrifos 20% EC
Paddy,33.2,97.8,49.6,73.0,44.7,Medium,Stem Borer,Cartap Hydrochloride 4% G
Cotton,35.2,66.6,25.9,21.1,36.5,Medium,Whitefly,Diafenthiuron 50% WP
Oil seeds,24.3,72.5,0.0,18.7,48.3,Medium,Mustard Aphid,Dimethoate 30% EC
Sugarcane,32.4,67.0,31.3,54.2,43.5,Medium,Early Shoot Borer,Chlorantraniliprole 18.5% SC
Pulses,24.4,62.1,1.3,25.0,62.9,High,Pod Borer (Helicoverpa),Emamectin Benzoate 5% SG
Paddy,35.4,66.1,37.0,74.9,8.3,Low,No Significant Pest,No Spray Needed (monitor only)
Barley,9.1,36.7,24.1,17.5,4.4,Low,No Significant Pest,No Spray Needed (monitor only)
Ground Nuts,33.0,53.4,0.0,22.6,28.3,Low,Leaf Miner,Chlorpyrifos 20% EC
Tobacco,13.2,80.3,0.0,40.5,15.6,Low,Aphid,Imidacloprid 17.8% SL
Pulses,11.7,66.4,34.0,27.5,11.2,Low,No Significant Pest,No Spray Needed (monitor only)
Barley,9.6,67.6,0.0,36.5,20.7,Low,Aphid,Imidacloprid 17.8% SL
Pulses,27.5,56.6,17.9,41.1,32.6,Medium,Wilt,Carbendazim 50% WP
Ground Nuts,25.3,58.5,0.0,31.1,27.4,Low,Aphid,Imidacloprid 17.8% SL
Barley,26.0,63.8,4.1,19.3,36.0,Medium,Aphid,Imidacloprid 17.8% SL
Cotton,26.6,72.3,20.8,29.7,52.7,Medium,Jassid,Thiamethoxam 25% WG
Maize,28.0,66.2,109.8,39.3,63.7,High,Fall Armyworm,Spinetoram 11.7% SC
Maize,27.5,83.6,18.7,30.1,46.8,Medium,Fall Armyworm,Spinetoram 11.7% SC
Tobacco,21.1,63.0,35.6,47.8,21.8,Low,Aphid,Imidacloprid 17.8% SL
Ground Nuts,31.8,60.1,17.6,29.4,37.5,Medium,Leaf Miner,Chlorpyrifos 20% EC
Barley,11.1,36.0,0.0,17.1,12.1,Low,No Significant Pest,No Spray Needed (monitor only)
Tobacco,30.9,78.8,4.4,39.9,42.6,Medium,Spodoptera Caterpillar,Emamectin Benzoate 5% SG
Tobacco,13.4,45.6,2.4,32.8,1.5,Low,No Significant Pest,No Spray Needed (monitor only)
Oil seeds,12.7,54.7,73.4,49.5,13.3,Low,No Significant Pest,No Spray Needed (monitor only)
Ground Nuts,30.2,73.1,0.0,12.4,93.8,High,Leaf Miner,Chlorpyrifos 20% EC
Ground Nuts,26.1,65.4,0.0,29.9,51.3,Medium,Aphid,Imidacloprid 17.8% SL
Maize,25.2,82.7,0.0,48.4,36.6,Medium,Fall Armyworm,Spinetoram 11.7% SC
Sugarcane,37.9,81.0,27.8,56.7,14.8,Low,No Significant Pest,No Spray Needed (monitor only)
Millets,25.0,49.6,16.5,19.6,15.8,Low,Earhead Bug,Malathion 50% EC
Sugarcane,32.5,52.4,5.2,46.5,23.7,Low,Early Shoot Borer,Chlorantraniliprole 18.5% SC
Cotton,30.8,65.8,63.5,25.7,52.2,Medium,Whitefly,Diafenthiuron 50% WP
Sugarcane,36.6,75.7,19.3,28.8,42.5,Medium,Early Shoot Borer,Chlorantraniliprole 18.5% SC
Pulses,11.0,61.8,0.0,20.2,10.7,Low,No Significant Pest,No Spray Needed (monitor only)
Sugarcane,34.1,80.5,0.0,41.4,60.3,High,Early Shoot Borer,Chlorantraniliprole 18.5% SC
Wheat,22.2,51.9,10.2,37.5,38.4,Medium,Termite,Chlorpyrifos 20% EC
Wheat,22.6,71.7,0.0,44.8,54.3,Medium,Termite,Chlorpyrifos 20% EC
Ground Nuts,28.4,57.0,89.7,23.1,21.1,Low,Leaf Miner,Chlorpyrifos 20% EC
Millets,24.1,74.7,0.0,34.6,33.9,Medium,Shoot Fly,Thiamethoxam 30% FS
Oil seeds,17.4,86.3,0.0,23.0,100.0,High,Mustard Aphid,Dimethoate 30% EC
Tobacco,28.8,45.1,1.6,43.4,3.6,Low,No Significant Pest,No Spray Needed (monitor only)
Maize,22.8,67.8,31.3,50.8,15.1,Low,Fall Armyworm,Spinetoram 11.7% SC
Wheat,13.4,80.1,0.0,31.9,57.5,Medium,Aphid,Imidacloprid 17.8% SL
Paddy,23.5,70.6,0.0,62.8,12.3,Low,No Significant Pest,No Spray Needed (monitor only)
Sugarcane,23.4,55.9,0.0,36.0,5.0,Low,No Significant Pest,No Spray Needed (monitor only)
Pulses,26.2,48.5,0.0,28.6,27.5,Low,Pod Borer (Helicoverpa),Emamectin Benzoate 5% SG
Millets,33.2,44.7,0.5,26.0,16.8,Low,Earhead Bug,Malathion 50% EC
Paddy,31.1,69.1,150.0,55.7,29.9,Low,Stem Borer,Cartap Hydrochloride 4% G
Cotton,29.6,86.4,0.0,32.2,74.0,High,Jassid,Thiamethoxam 25% WG
Paddy,31.6,86.5,0.0,62.2,34.6,Medium,Stem Borer,Cartap Hydrochloride 4% G
Paddy,33.5,80.1,50.8,61.5,29.2,Low,Stem Borer,Cartap Hydrochloride 4% G
Tobacco,14.1,62.7,11.2,32.3,14.8,Low,No Significant Pest,No Spray Needed (monitor only)
Oil seeds,31.6,41.0,60.4,32.3,0.0,Low,No Significant Pest,No Spray Needed (monitor only)
Sugarcane,29.4,86.2,43.6,29.6,55.1,Medium,Early Shoot Borer,Chlorantraniliprole 18.5% SC
Sugarcane,28.5,64.7,120.0,45.4,20.0,Low,Early Shoot Borer,Chlorantraniliprole 18.5% SC
Oil seeds,27.4,53.4,20.7,43.2,7.5,Low,No Significant Pest,No Spray Needed (monitor only)
Cotton,36.1,79.2,15.9,28.6,30.2,Medium,Whitefly,Diafenthiuron 50% WP
Wheat,27.5,39.6,0.0,20.3,47.6,Medium,Termite,Chlorpyrifos 20% EC
Pulses,15.7,73.2,60.0,22.9,31.6,Medium,Aphid,Thiamethoxam 25% WG
Oil seeds,29.0,41.2,2.5,18.1,2.4,Low,No Significant Pest,No Spray Needed (monitor only)
Maize,28.7,90.7,57.1,38.1,85.6,High,Fall Armyworm,Spinetoram 11.7% SC
Tobacco,13.0,62.7,0.0,42.2,8.6,Low,No Significant Pest,No Spray Needed (monitor only)
Wheat,18.0,87.2,0.0,43.0,65.1,High,Aphid,Imidacloprid 17.8% SL
Barley,17.9,54.0,3.0,33.7,60.3,High,Aphid,Imidacloprid 17.8% SL
Oil seeds,16.4,49.2,0.0,39.6,33.8,Medium,Mustard Aphid,Dimethoate 30% EC
Tobacco,20.1,77.9,6.8,25.7,69.5,High,Aphid,Imidacloprid 17.8% SL
Cotton,32.2,49.3,0.0,43.2,26.5,Low,Whitefly,Diafenthiuron 50% WP
Tobacco,29.6,53.8,0.0,18.3,13.6,Low,No Significant Pest,No Spray Needed (monitor only)
Sugarcane,35.3,75.0,120.0,56.9,19.4,Low,Early Shoot Borer,Chlorantraniliprole 18.5% SC
Maize,23.4,81.3,0.0,38.2,27.3,Low,Turcicum Leaf Blight,Mancozeb 75% WP
Cotton,31.5,70.1,0.0,43.4,56.5,Medium,Whitefly,Diafenthiuron 50% WP
Paddy,26.2,65.7,91.7,49.6,16.1,Low,Stem Borer,Cartap Hydrochloride 4% G
Barley,21.7,77.8,13.2,37.3,41.1,Medium,Aphid,Imidacloprid 17.8% SL
Barley,15.2,46.3,17.3,33.4,17.1,Low,Aphid,Imidacloprid 17.8% SL
Paddy,35.9,62.1,68.1,44.1,5.3,Low,No Significant Pest,No Spray Needed (monitor only)
Tobacco,31.3,41.2,29.8,33.8,2.6,Low,No Significant Pest,No Spray Needed (monitor only)
Tobacco,12.7,83.4,0.0,39.8,8.6,Low,No Significant Pest,No Spray Needed (monitor only)
Oil seeds,12.9,48.1,0.0,44.1,15.8,Low,Mustard Aphid,Dimethoate 30% EC
Cotton,26.3,47.4,32.2,27.8,14.8,Low,No Significant Pest,No Spray Needed (monitor only)
Paddy,24.3,78.8,58.2,81.0,35.1,Medium,Stem Borer,Cartap Hydrochloride 4% G
Ground Nuts,28.1,50.5,19.8,32.5,16.2,Low,Leaf Miner,Chlorpyrifos 20% EC
Ground Nuts,32.0,86.7,81.3,36.1,32.3,Medium,Leaf Spot (Tikka),Hexaconazole 5% EC
Paddy,33.2,67.7,0.0,46.9,9.5,Low,No Significant Pest,No Spray Needed (monitor only)
Maize,35.6,77.9,104.3,53.5,39.7,Medium,Stem Borer,Chlorantraniliprole 18.5% SC
Pulses,28.8,78.4,21.7,25.4,48.9,Medium,Pod Borer (Helicoverpa),Emamectin Benzoate 5% SG
Maize,27.7,56.1,18.1,33.5,19.5,Low,Fall Armyworm,Spinetoram 11.7% SC
Millets,27.5,46.5,6.0,33.2,19.1,Low,Earhead Bug,Malathion 50% EC
Wheat,17.3,55.0,4.8,40.1,51.6,Medium,Aphid,Imidacloprid 17.8% SL
Wheat,11.4,64.1,16.2,43.5,22.0,Low,Yellow Rust,Propiconazole 25% EC
Sugarcane,32.7,89.7,0.0,35.0,78.7,High,Early Shoot Borer,Chlorantraniliprole 18.5% SC
Sugarcane,34.4,64.3,52.6,42.9,30.3,Medium,Early Shoot Borer,Chlorantraniliprole 18.5% SC
Maize,29.5,78.5,0.0,25.8,40.8,Medium,Fall Armyworm,Spinetoram 11.7% SC
Maize,33.1,69.0,2.2,46.7,28.7,Low,Fall Armyworm,Spinetoram 11.7% SC
Oil seeds,12.0,76.5,0.2,25.4,45.5,Medium,Mustard Aphid,Dimethoate 30% EC
Sugarcane,34.8,76.3,8.0,37.8,63.3,High,Early Shoot Borer,Chlorantraniliprole 18.5% SC
Millets,28.7,46.9,34.6,13.6,21.4,Low,Earhead Bug,Malathion 50% EC
Maize,27.5,86.3,84.2,32.2,74.9,High,Fall Armyworm,Spinetoram 11.7% SC
Oil seeds,20.9,70.9,0.0,20.6,74.9,High,Mustard Aphid,Dimethoate 30% EC
Cotton,31.6,51.1,0.0,36.7,41.1,Medium,Whitefly,Diafenthiuron 50% WP
Millets,36.4,87.8,37.2,15.4,13.9,Low,No Significant Pest,No Spray Needed (monitor only)
Oil seeds,15.4,52.9,52.5,43.5,14.8,Low,No Significant Pest,No Spray Needed (monitor only)
Sugarcane,31.2,66.7,99.4,68.9,27.2,Low,Early Shoot Borer,Chlorantraniliprole 18.5% SC
Millets,26.8,61.7,0.0,23.9,41.7,Medium,Earhead Bug,Malathion 50% EC
Pulses,12.8,73.8,12.3,36.9,14.1,Low,No Significant Pest,No Spray Needed (monitor only)
Paddy,23.2,64.9,5.1,57.8,3.6,Low,No Significant Pest,No Spray Needed (monitor only)
Barley,12.4,42.0,9.5,37.7,14.6,Low,No Significant Pest,No Spray Needed (monitor only)
Sugarcane,36.7,50.0,120.0,35.4,8.2,Low,No Significant Pest,No Spray Needed (monitor only)
Pulses,20.1,64.2,0.0,32.6,58.5,Medium,Aphid,Thiamethoxam 25% WG
Maize,31.6,70.7,71.2,48.9,72.1,High,Fall Armyworm,Spinetoram 11.7% SC
Ground Nuts,34.8,58.5,0.0,27.7,22.1,Low,Leaf Miner,Chlorpyrifos 20% EC
Oil seeds,12.9,47.0,0.0,37.0,16.2,Low,Mustard Aphid,Dimethoate 30% EC
Pulses,13.4,84.6,0.0,27.0,32.6,Medium,Aphid,Thiamethoxam 25% WG
Oil seeds,30.5,75.1,0.0,38.6,35.2,Medium,Girdle Beetle,Lambda-cyhalothrin 5% EC
Barley,12.6,59.5,0.2,21.4,55.7,Medium,Aphid,Imidacloprid 17.8% SL
Paddy,35.4,76.6,0.0,55.9,11.1,Low,No Significant Pest,No Spray Needed (monitor only)
Wheat,15.4,46.3,18.5,31.4,21.1,Low,Aphid,Imidacloprid 17.8% SL
Wheat,16.6,83.5,3.0,42.7,61.4,High,Aphid,Imidacloprid 17.8% SL
Tobacco,31.9,82.6,2.2,35.4,34.2,Medium,Spodoptera Caterpillar,Emamectin Benzoate 5% SG
Tobacco,13.4,59.8,3.9,19.0,12.9,Low,No Significant Pest,No Spray Needed (monitor only)
Cotton,28.5,50.5,91.5,33.1,14.3,Low,No Significant Pest,No Spray Needed (monitor only)
Sugarcane,25.0,74.9,4.4,38.3,17.6,Low,Early Shoot Borer,Chlorantraniliprole 18.5% SC
Barley,25.3,59.8,10.4,32.4,24.2,Low,Aphid,Imidacloprid 17.8% SL
Maize,35.3,85.5,24.3,46.4,24.1,Low,Stem Borer,Chlorantraniliprole 18.5% SC
Maize,31.3,67.0,0.0,23.6,19.6,Low,Fall Armyworm,Spinetoram 11.7% SC
Barley,16.2,57.4,3.7,32.5,60.1,High,Aphid,Imidacloprid 17.8% SL
Barley,10.2,45.5,0.0,19.6,24.2,Low,Aphid,Imidacloprid 17.8% SL
Pulses,23.7,85.1,41.9,38.6,90.5,High,Wilt,Carbendazim 50% WP
Cotton,32.0,50.8,17.3,40.0,30.0,Low,Whitefly,Diafenthiuron 50% WP
Wheat,19.2,84.6,2.7,36.6,66.0,High,Aphid,Imidacloprid 17.8% SL
Cotton,32.8,54.3,99.8,39.3,21.7,Low,Whitefly,Diafenthiuron 50% WP
Wheat,13.9,58.2,4.6,38.4,40.2,Medium,Aphid,Imidacloprid 17.8% SL
Tobacco,30.6,78.8,0.0,22.3,31.6,Medium,Spodoptera Caterpillar,Emamectin Benzoate 5% SG
Wheat,25.1,67.8,0.0,40.3,57.2,Medium,Termite,Chlorpyrifos 20% EC
Barley,18.1,39.9,5.3,26.4,27.8,Low,Aphid,Imidacloprid 17.8% SL
Tobacco,12.6,58.6,27.4,36.4,6.1,Low,No Significant Pest,No Spray Needed (monitor only)
Wheat,13.6,42.1,0.0,41.3,13.9,Low,No Significant Pest,No Spray Needed (monitor only)
Oil seeds,21.9,64.7,40.4,45.7,20.5,Low,Mustard Aphid,Dimethoate 30% EC
Barley,13.0,81.5,0.0,15.6,74.5,High,Aphid,Imidacloprid 17.8% SL
Ground Nuts,27.5,90.5,0.0,22.9,86.9,High,Aphid,Imidacloprid 17.8% SL
Tobacco,17.7,42.6,0.0,31.5,6.3,Low,No Significant Pest,No Spray Needed (monitor only)
Sugarcane,34.7,71.3,0.0,49.9,43.1,Medium,Early Shoot Borer,Chlorantraniliprole 18.5% SC
Tobacco,14.6,63.0,0.0,19.2,22.9,Low,Aphid,Imidacloprid 17.8% SL
Barley,19.5,38.4,0.0,24.5,21.1,Low,Aphid,Imidacloprid 17.8% SL
Maize,33.9,80.6,40.5,34.1,38.2,Medium,Stem Borer,Chlorantraniliprole 18.5% SC
Wheat,12.7,54.5,30.0,28.4,20.4,Low,Aphid,Imidacloprid 17.8% SL
Paddy,32.1,68.9,0.0,67.9,19.8,Low,Stem Borer,Cartap Hydrochloride 4% G
Cotton,35.5,73.5,18.4,19.1,45.5,Medium,Whitefly,Diafenthiuron 50% WP
Barley,14.1,45.9,1.9,26.7,38.4,Medium,Aphid,Imidacloprid 17.8% SL
Wheat,27.6,40.9,0.0,18.8,47.9,Medium,Termite,Chlorpyrifos 20% EC
Wheat,8.3,42.7,3.1,19.5,5.8,Low,No Significant Pest,No Spray Needed (monitor only)
Pulses,12.5,79.2,0.0,29.6,22.5,Low,Aphid,Thiamethoxam 25% WG
Millets,37.1,64.3,26.5,26.6,7.0,Low,No Significant Pest,No Spray Needed (monitor only)
Oil seeds,19.4,62.9,14.2,23.1,50.8,Medium,Mustard Aphid,Dimethoate 30% EC
Tobacco,20.0,56.1,0.0,30.7,33.5,Medium,Aphid,Imidacloprid 17.8% SL
Cotton,35.4,84.4,22.2,25.3,43.6,Medium,Whitefly,Diafenthiuron 50% WP
Sugarcane,33.9,75.4,0.0,26.2,86.3,High,Early Shoot Borer,Chlorantraniliprole 18.5% SC
Sugarcane,20.0,86.7,28.4,41.9,16.6,Low,Woolly Aphid,Imidacloprid 17.8% SL
Millets,26.2,73.6,63.1,35.5,84.1,High,Shoot Fly,Thiamethoxam 30% FS
Oil seeds,30.7,78.0,0.0,22.0,23.3,Low,Girdle Beetle,Lambda-cyhalothrin 5% EC
Barley,22.9,46.6,2.2,36.5,28.4,Low,Aphid,Imidacloprid 17.8% SL
Sugarcane,31.7,84.2,0.0,49.1,60.2,High,Early Shoot Borer,Chlorantraniliprole 18.5% SC
Pulses,12.7,42.7,0.0,23.5,7.6,Low,No Significant Pest,No Spray Needed (monitor only)
Sugarcane,20.7,78.0,0.0,31.2,5.5,Low,No Significant Pest,No Spray Needed (monitor only)
Barley,10.4,39.5,13.3,32.5,7.1,Low,No Significant Pest,No Spray Needed (monitor only)
Barley,12.6,69.9,9.2,17.8,44.5,Medium,Aphid,Imidacloprid 17.8% SL
Maize,22.4,84.2,0.0,46.8,34.5,Medium,Turcicum Leaf Blight,Mancozeb 75% WP
Maize,29.9,57.0,9.2,39.4,17.2,Low,Fall Armyworm,Spinetoram 11.7% SC
Barley,16.5,77.0,5.3,20.2,88.7,High,Aphid,Imidacloprid 17.8% SL
Sugarcane,21.8,55.0,6.2,38.9,0.1,Low,No Significant Pest,No Spray Needed (monitor only)
Wheat,11.9,51.7,15.2,28.0,20.7,Low,Aphid,Imidacloprid 17.8% SL
Sugarcane,37.8,77.3,0.0,48.2,16.9,Low,Early Shoot Borer,Chlorantraniliprole 18.5% SC
Sugarcane,34.8,63.1,57.9,44.8,35.3,Medium,Early Shoot Borer,Chlorantraniliprole 18.5% SC
Maize,25.1,59.7,0.0,34.4,15.4,Low,Fall Armyworm,Spinetoram 11.7% SC
Barley,20.9,84.6,0.8,31.3,62.5,High,Aphid,Imidacloprid 17.8% SL
Oil seeds,18.0,50.1,0.0,35.8,36.3,Medium,Mustard Aphid,Dimethoate 30% EC
Wheat,12.1,45.0,8.0,37.2,16.5,Low,Aphid,Imidacloprid 17.8% SL
Wheat,21.7,68.1,5.9,38.2,51.8,Medium,Termite,Chlorpyrifos 20% EC
Ground Nuts,34.8,77.1,76.8,38.8,13.1,Low,No Significant Pest,No Spray Needed (monitor only)
Tobacco,29.5,75.3,0.0,24.0,30.1,Medium,Spodoptera Caterpillar,Emamectin Benzoate 5% SG
Maize,32.1,79.9,5.9,45.4,44.4,Medium,Stem Borer,Chlorantraniliprole 18.5% SC
Ground Nuts,30.4,55.0,64.5,42.5,18.0,Low,Leaf Miner,Chlorpyrifos 20% EC
Oil seeds,24.6,50.1,38.9,30.3,8.3,Low,No Significant Pest,No Spray Needed (monitor only)
Oil seeds,28.2,77.9,19.8,30.9,38.8,Medium,Girdle Beetle,Lambda-cyhalothrin 5% EC
Millets,32.1,40.7,22.6,15.2,12.5,Low,No Significant Pest,No Spray Needed (monitor only)
Tobacco,20.0,62.3,28.7,21.9,27.6,Low,Aphid,Imidacloprid 17.8% SL
Oil seeds,24.6,75.6,44.1,31.3,32.4,Medium,Girdle Beetle,Lambda-cyhalothrin 5% EC
Barley,18.2,49.4,1.2,18.0,67.6,High,Aphid,Imidacloprid 17.8% SL
Ground Nuts,29.8,64.5,0.0,32.6,48.2,Medium,Leaf Miner,Chlorpyrifos 20% EC
Millets,24.3,74.8,18.6,30.3,32.3,Medium,Shoot Fly,Thiamethoxam 30% FS
Millets,28.5,51.1,0.0,32.1,32.3,Medium,Earhead Bug,Malathion 50% EC
Cotton,32.7,86.2,30.0,46.3,42.6,Medium,Whitefly,Diafenthiuron 50% WP
Ground Nuts,24.2,60.5,9.3,40.4,24.1,Low,Aphid,Imidacloprid 17.8% SL
Oil seeds,13.3,86.3,24.7,37.8,23.9,Low,Mustard Aphid,Dimethoate 30% EC
Sugarcane,24.9,69.9,17.7,34.6,18.2,Low,Early Shoot Borer,Chlorantraniliprole 18.5% SC
Tobacco,17.9,68.1,21.2,27.1,26.7,Low,Aphid,Imidacloprid 17.8% SL
Barley,25.6,77.3,3.1,39.2,28.5,Low,Aphid,Imidacloprid 17.8% SL
Wheat,11.3,45.5,19.3,41.4,6.3,Low,No Significant Pest,No Spray Needed (monitor only)
Cotton,33.5,78.9,0.0,34.9,56.6,Medium,Whitefly,Diafenthiuron 50% WP
Cotton,36.5,86.1,0.0,23.3,39.6,Medium,Whitefly,Diafenthiuron 50% WP
Sugarcane,31.2,76.7,98.0,41.1,36.5,Medium,Early Shoot Borer,Chlorantraniliprole 18.5% SC
Pulses,18.5,56.5,2.8,29.3,54.4,Medium,Aphid,Thiamethoxam 25% WG
Barley,16.0,60.0,0.0,26.5,67.6,High,Aphid,Imidacloprid 17.8% SL
Sugarcane,23.7,73.9,21.2,47.2,12.6,Low,No Significant Pest,No Spray Needed (monitor only)
Millets,33.9,76.6,0.0,14.7,54.7,Medium,Earhead Bug,Malathion 50% EC
Paddy,23.9,90.7,0.0,39.6,21.0,Low,Blast,Tricyclazole 75% WP
Oil seeds,24.7,77.4,10.1,16.9,35.4,Medium,Mustard Aphid,Dimethoate 30% EC
Ground Nuts,27.1,78.6,98.6,32.0,57.5,Medium,Leaf Spot (Tikka),Hexaconazole 5% EC
Pulses,11.6,65.3,0.0,18.3,18.1,Low,Aphid,Thiamethoxam 25% WG
Maize,32.0,66.3,0.0,45.0,31.5,Medium,Fall Armyworm,Spinetoram 11.7% SC
Barley,10.1,78.8,0.0,30.6,31.8,Medium,Aphid,Imidacloprid 17.8% SL
Tobacco,26.9,63.2,14.0,45.0,37.4,Medium,Spodoptera Caterpillar,Emamectin Benzoate 5% SG
Cotton,36.6,80.1,2.3,32.6,29.2,Low,Whitefly,Diafenthiuron 50% WP
Sugarcane,33.8,66.7,31.2,65.2,33.9,Medium,Early Shoot Borer,Chlorantraniliprole 18.5% SC
Tobacco,29.1,48.0,1.3,23.9,5.1,Low,No Significant Pest,No Spray Needed (monitor only)
Sugarcane,33.0,77.5,0.0,26.7,87.3,High,Early Shoot Borer,Chlorantraniliprole 18.5% SC
Ground Nuts,24.3,91.0,0.0,16.5,78.0,High,Aphid,Imidacloprid 17.8% SL
Tobacco,19.6,43.8,0.0,22.0,12.5,Low,No Significant Pest,No Spray Needed (monitor only)
Ground Nuts,26.1,63.4,0.0,12.8,58.6,Medium,Aphid,Imidacloprid 17.8% SL
Cotton,34.5,85.4,41.1,45.7,29.1,Low,Whitefly,Diafenthiuron 50% WP
Barley,9.0,57.6,6.6,22.1,26.7,Low,Aphid,Imidacloprid 17.8% SL
Barley,16.0,80.2,0.2,37.9,60.7,High,Aphid,Imidacloprid 17.8% SL
Tobacco,13.1,52.5,11.7,36.1,5.8,Low,No Significant Pest,No Spray Needed (monitor only)
Oil seeds,19.6,65.5,36.8,28.2,37.3,Medium,Mustard Aphid,Dimethoate 30% EC
Millets,27.7,83.1,44.1,15.8,58.4,Medium,Shoot Fly,Thiamethoxam 30% FS
Barley,25.5,80.7,7.1,19.4,40.4,Medium,Aphid,Imidacloprid 17.8% SL
Cotton,37.2,45.1,25.0,28.0,4.6,Low,No Significant Pest,No Spray Needed (monitor only)
Sugarcane,36.0,86.8,49.2,54.7,29.1,Low,Early Shoot Borer,Chlorantraniliprole 18.5% SC
Paddy,33.9,78.5,31.9,60.3,16.0,Low,Stem Borer,Cartap Hydrochloride 4% G
Paddy,32.2,90.3,0.0,61.5,33.7,Medium,Stem Borer,Cartap Hydrochloride 4% G
Cotton,37.9,83.2,72.0,22.6,15.2,Low,Whitefly,Diafenthiuron 50% WP
Wheat,23.9,67.0,0.8,37.0,61.2,High,Termite,Chlorpyrifos 20% EC
Ground Nuts,35.7,56.1,41.6,28.4,9.8,Low,No Significant Pest,No Spray Needed (monitor only)
Maize,25.6,61.0,95.5,41.3,32.6,Medium,Fall Armyworm,Spinetoram 11.7% SC
Pulses,27.9,64.9,0.0,26.8,62.4,High,Pod Borer (Helicoverpa),Emamectin Benzoate 5% SG
Barley,20.8,84.0,0.0,16.1,88.8,High,Aphid,Imidacloprid 17.8% SL
Cotton,33.2,81.1,0.0,44.2,54.3,Medium,Whitefly,Diafenthiuron 50% WP
Millets,34.9,79.8,0.0,27.0,32.1,Medium,Earhead Bug,Malathion 50% EC
Pulses,24.0,39.5,0.0,18.4,13.5,Low,No Significant Pest,No Spray Needed (monitor only)
Ground Nuts,30.4,67.6,33.1,18.6,55.0,Medium,Leaf Miner,Chlorpyrifos 20% EC
Oil seeds,33.1,91.9,16.6,32.9,25.8,Low,Girdle Beetle,Lambda-cyhalothrin 5% EC
Sugarcane,22.9,71.5,0.0,42.0,9.8,Low,No Significant Pest,No Spray Needed (monitor only)
Cotton,33.6,70.8,2.8,32.6,51.7,Medium,Whitefly,Diafenthiuron 50% WP
Oil seeds,17.0,88.5,90.0,24.9,51.4,Medium,Mustard Aphid,Dimethoate 30% EC
Barley,10.8,77.0,6.6,36.1,38.7,Medium,Yellow Rust,Propiconazole 25% EC
Wheat,13.3,45.6,7.0,19.6,30.9,Medium,Aphid,Imidacloprid 17.8% SL
Barley,14.2,76.7,0.0,31.8,60.4,High,Aphid,Imidacloprid 17.8% SL
Barley,22.8,44.8,0.0,30.0,26.7,Low,Aphid,Imidacloprid 17.8% SL
Maize,24.6,71.0,47.6,37.4,36.7,Medium,Fall Armyworm,Spinetoram 11.7% SC
Cotton,33.2,76.4,4.6,36.7,57.9,Medium,Whitefly,Diafenthiuron 50% WP
Sugarcane,21.5,87.5,14.5,47.1,16.8,Low,Woolly Aphid,Imidacloprid 17.8% SL
Oil seeds,16.8,76.3,19.7,36.4,44.7,Medium,Mustard Aphid,Dimethoate 30% EC
Tobacco,22.1,76.1,0.0,30.0,74.1,High,Aphid,Imidacloprid 17.8% SL
Ground Nuts,25.3,73.4,40.2,40.5,32.2,Medium,Aphid,Imidacloprid 17.8% SL
Millets,32.3,86.6,0.0,23.9,64.2,High,Earhead Bug,Malathion 50% EC
Maize,30.8,76.7,0.0,44.9,56.0,Medium,Stem Borer,Chlorantraniliprole 18.5% SC
Oil seeds,26.0,71.4,0.0,42.2,27.5,Low,Girdle Beetle,Lambda-cyhalothrin 5% EC
Cotton,36.6,89.0,0.0,17.2,33.3,Medium,Whitefly,Diafenthiuron 50% WP
Maize,31.2,61.4,84.4,47.6,41.8,Medium,Fall Armyworm,Spinetoram 11.7% SC
Tobacco,31.8,55.1,1.7,33.0,8.2,Low,No Significant Pest,No Spray Needed (monitor only)
Sugarcane,32.2,69.8,34.3,40.5,66.6,High,Early Shoot Borer,Chlorantraniliprole 18.5% SC
Barley,26.3,63.4,9.1,31.2,25.9,Low,Aphid,Imidacloprid 17.8% SL
Sugarcane,32.7,90.5,17.8,37.7,70.1,High,Early Shoot Borer,Chlorantraniliprole 18.5% SC
Millets,35.4,68.1,0.0,32.4,23.1,Low,Earhead Bug,Malathion 50% EC
Barley,25.9,77.6,0.0,33.4,31.7,Medium,Aphid,Imidacloprid 17.8% SL
Sugarcane,35.1,82.6,6.0,52.9,45.6,Medium,Early Shoot Borer,Chlorantraniliprole 18.5% SC
Ground Nuts,30.8,52.2,0.0,15.5,32.4,Medium,Leaf Miner,Chlorpyrifos 20% EC
Millets,33.9,52.2,0.0,33.9,22.9,Low,Earhead Bug,Malathion 50% EC
Pulses,11.5,52.5,0.5,23.5,12.6,Low,No Significant Pest,No Spray Needed (monitor only)
Pulses,27.0,84.9,38.2,27.0,63.7,High,Wilt,Carbendazim 50% WP
Paddy,34.5,60.2,0.0,44.2,3.2,Low,No Significant Pest,No Spray Needed (monitor only)
Cotton,24.4,84.7,6.4,16.0,35.0,Medium,Jassid,Thiamethoxam 25% WG
Oil seeds,26.1,72.2,0.0,32.6,27.3,Low,Girdle Beetle,Lambda-cyhalothrin 5% EC
Ground Nuts,29.5,82.0,23.5,19.7,72.2,High,Leaf Miner,Chlorpyrifos 20% EC
Sugarcane,27.6,80.4,51.4,47.0,26.1,Low,Early Shoot Borer,Chlorantraniliprole 18.5% SC
Millets,35.6,65.9,1.6,12.4,27.2,Low,Earhead Bug,Malathion 50% EC
Cotton,34.7,53.6,8.1,43.2,24.3,Low,Whitefly,Diafenthiuron 50% WP
Oil seeds,15.8,57.8,0.0,25.3,64.8,High,Mustard Aphid,Dimethoate 30% EC
Millets,27.7,74.4,50.8,18.5,66.3,High,Shoot Fly,Thiamethoxam 30% FS
Paddy,32.9,71.7,2.9,77.0,24.7,Low,Stem Borer,Cartap Hydrochloride 4% G
Ground Nuts,32.8,66.5,31.8,32.2,31.1,Medium,Leaf Miner,Chlorpyrifos 20% EC
Oil seeds,29.7,89.9,1.7,44.0,53.0,Medium,Girdle Beetle,Lambda-cyhalothrin 5% EC
Sugarcane,24.4,58.1,0.0,37.9,13.6,Low,No Significant Pest,No Spray Needed (monitor only)
Cotton,27.0,82.7,0.0,27.8,59.1,Medium,Jassid,Thiamethoxam 25% WG
Pulses,13.4,73.2,5.1,37.2,19.6,Low,Aphid,Thiamethoxam 25% WG
Pulses,18.9,41.9,5.1,23.0,21.1,Low,Aphid,Thiamethoxam 25% WG
Ground Nuts,29.2,68.9,6.6,38.7,47.3,Medium,Leaf Miner,Chlorpyrifos 20% EC
Tobacco,15.0,81.4,40.0,47.2,10.0,Low,No Significant Pest,No Spray Needed (monitor only)
Paddy,35.4,90.4,62.6,44.5,14.0,Low,No Significant Pest,No Spray Needed (monitor only)
Wheat,16.4,74.0,15.5,32.6,50.7,Medium,Aphid,Imidacloprid 17.8% SL
Paddy,34.8,75.0,26.5,48.2,12.1,Low,No Significant Pest,No Spray Needed (monitor only)
Sugarcane,22.3,81.4,78.2,68.7,29.5,Low,Woolly Aphid,Imidacloprid 17.8% SL
Millets,27.2,84.2,13.6,34.1,64.4,High,Shoot Fly,Thiamethoxam 30% FS
Tobacco,19.2,58.6,0.0,27.7,46.9,Medium,Aphid,Imidacloprid 17.8% SL
Pulses,16.1,75.0,0.0,31.2,47.8,Medium,Aphid,Thiamethoxam 25% WG
Paddy,22.0,85.0,0.0,61.9,11.8,Low,No Significant Pest,No Spray Needed (monitor only)
Paddy,30.6,79.9,0.0,68.8,41.2,Medium,Stem Borer,Cartap Hydrochloride 4% G
Wheat,25.4,71.6,7.9,35.5,52.5,Medium,Termite,Chlorpyrifos 20% EC
Maize,26.8,59.8,0.0,24.1,18.9,Low,Fall Armyworm,Spinetoram 11.7% SC
Sugarcane,24.1,79.6,0.0,55.4,21.3,Low,Woolly Aphid,Imidacloprid 17.8% SL
Pulses,23.1,63.8,0.7,17.1,61.1,High,Aphid,Thiamethoxam 25% WG
Wheat,20.9,69.7,0.3,37.8,60.8,High,Aphid,Imidacloprid 17.8% SL
Oil seeds,21.2,77.5,43.9,27.3,39.9,Medium,Mustard Aphid,Dimethoate 30% EC
Paddy,28.0,80.6,15.5,37.1,29.4,Low,Stem Borer,Cartap Hydrochloride 4% G
Oil seeds,14.2,52.7,0.0,24.2,41.0,Medium,Mustard Aphid,Dimethoate 30% EC
Millets,37.3,69.4,12.1,27.0,10.2,Low,No Significant Pest,No Spray Needed (monitor only)
Tobacco,30.2,84.3,0.0,34.6,40.9,Medium,Spodoptera Caterpillar,Emamectin Benzoate 5% SG
Cotton,33.1,88.9,0.0,19.7,88.9,High,Whitefly,Diafenthiuron 50% WP
Wheat,21.1,79.7,0.0,35.6,63.6,High,Aphid,Imidacloprid 17.8% SL
Sugarcane,27.6,75.9,86.1,55.2,29.5,Low,Woolly Aphid,Imidacloprid 17.8% SL
Pulses,17.9,65.7,0.0,31.2,60.5,High,Aphid,Thiamethoxam 25% WG
Maize,26.4,52.1,21.6,34.8,11.3,Low,No Significant Pest,No Spray Needed (monitor only)
Pulses,12.1,79.6,20.5,32.0,13.2,Low,No Significant Pest,No Spray Needed (monitor only)
Millets,29.4,63.6,14.2,31.6,46.0,Medium,Shoot Fly,Thiamethoxam 30% FS
Tobacco,25.0,52.5,0.0,27.6,31.1,Medium,Aphid,Imidacloprid 17.8% SL
Sugarcane,28.2,82.8,0.0,37.5,48.8,Medium,Early Shoot Borer,Chlorantraniliprole 18.5% SC
Sugarcane,26.5,59.8,71.3,51.9,10.5,Low,No Significant Pest,No Spray Needed (monitor only)
Sugarcane,24.8,51.0,17.5,41.3,3.2,Low,No Significant Pest,No Spray Needed (monitor only)
Millets,32.3,66.0,0.0,19.9,65.5,High,Earhead Bug,Malathion 50% EC
Sugarcane,37.5,69.9,120.0,44.1,17.2,Low,Early Shoot Borer,Chlorantraniliprole 18.5% SC
Barley,22.5,56.5,22.5,27.6,31.8,Medium,Aphid,Imidacloprid 17.8% SL
Wheat,12.0,73.3,4.7,35.8,33.2,Medium,Aphid,Imidacloprid 17.8% SL
Barley,20.4,83.5,0.0,17.5,94.2,High,Aphid,Imidacloprid 17.8% SL
Millets,24.6,66.1,50.6,37.7,56.6,Medium,Shoot Fly,Thiamethoxam 30% FS
Millets,35.4,57.8,0.0,26.8,17.2,Low,Earhead Bug,Malathion 50% EC
Sugarcane,31.2,80.6,104.0,63.7,27.8,Low,Early Shoot Borer,Chlorantraniliprole 18.5% SC
Cotton,27.0,66.3,2.5,32.3,50.8,Medium,Jassid,Thiamethoxam 25% WG
Wheat,27.8,75.7,0.0,19.3,63.8,High,Termite,Chlorpyrifos 20% EC
Oil seeds,19.9,53.6,0.0,41.3,40.3,Medium,Mustard Aphid,Dimethoate 30% EC
Paddy,27.6,80.1,47.0,73.8,56.9,Medium,Stem Borer,Cartap Hydrochloride 4% G
Ground Nuts,27.4,63.4,84.2,38.5,22.0,Low,Aphid,Imidacloprid 17.8% SL
Barley,12.3,50.8,0.0,39.5,32.0,Medium,Aphid,Imidacloprid 17.8% SL
Maize,27.4,69.4,0.0,26.0,28.4,Low,Fall Armyworm,Spinetoram 11.7% SC
Sugarcane,28.5,85.0,91.8,47.1,37.8,Medium,Woolly Aphid,Imidacloprid 17.8% SL
Maize,26.0,70.9,8.4,37.7,30.9,Medium,Fall Armyworm,Spinetoram 11.7% SC
Ground Nuts,34.8,71.4,10.4,23.5,31.2,Medium,Leaf Miner,Chlorpyrifos 20% EC
Wheat,21.1,85.8,0.0,29.0,61.6,High,Aphid,Imidacloprid 17.8% SL
Tobacco,22.3,56.3,0.0,34.2,38.8,Medium,Aphid,Imidacloprid 17.8% SL
Wheat,19.5,35.7,0.0,33.6,26.6,Low,Termite,Chlorpyrifos 20% EC
Cotton,31.4,59.0,0.0,27.8,67.6,High,Whitefly,Diafenthiuron 50% WP
Maize,28.1,88.4,0.0,41.3,52.9,Medium,Fall Armyworm,Spinetoram 11.7% SC
Tobacco,28.4,57.6,6.1,45.5,15.5,Low,Spodoptera Caterpillar,Emamectin Benzoate 5% SG
Millets,37.5,67.0,90.0,38.5,3.2,Low,No Significant Pest,No Spray Needed (monitor only)
Barley,16.8,67.9,0.0,29.7,72.3,High,Aphid,Imidacloprid 17.8% SL
Millets,27.2,65.2,0.0,12.2,67.9,High,Earhead Bug,Malathion 50% EC
Maize,35.5,52.8,14.1,37.5,6.2,Low,No Significant Pest,No Spray Needed (monitor only)
Pulses,30.5,68.0,0.6,20.7,56.0,Medium,Pod Borer (Helicoverpa),Emamectin Benzoate 5% SG
Barley,26.6,42.6,0.0,35.9,10.8,Low,No Significant Pest,No Spray Needed (monitor only)
Oil seeds,17.0,56.0,0.0,30.2,52.0,Medium,Mustard Aphid,Dimethoate 30% EC
Cotton,32.2,53.6,65.8,40.8,23.7,Low,Whitefly,Diafenthiuron 50% WP
Barley,17.1,56.3,0.0,16.7,83.5,High,Aphid,Imidacloprid 17.8% SL
Barley,9.3,72.9,25.0,25.5,24.5,Low,Yellow Rust,Propiconazole 25% EC
Cotton,37.8,48.9,66.4,45.4,2.0,Low,No Significant Pest,No Spray Needed (monitor only)
Millets,31.0,57.3,34.3,35.7,41.0,Medium,Shoot Fly,Thiamethoxam 30% FS
Barley,16.3,81.8,25.0,20.0,52.4,Medium,Yellow Rust,Propiconazole 25% EC
Ground Nuts,35.9,67.7,18.2,29.3,17.6,Low,Leaf Miner,Chlorpyrifos 20% EC
Pulses,27.2,42.2,2.2,25.1,12.2,Low,No Significant Pest,No Spray Needed (monitor only)
Ground Nuts,27.8,54.0,0.0,29.4,29.3,Low,Leaf Miner,Chlorpyrifos 20% EC
Maize,24.1,78.6,0.0,21.3,19.2,Low,Turcicum Leaf Blight,Mancozeb 75% WP
Paddy,31.0,81.3,74.1,51.0,43.5,Medium,Stem Borer,Cartap Hydrochloride 4% G
Paddy,29.7,90.7,56.7,70.2,68.5,High,Stem Borer,Cartap Hydrochloride 4% G
Maize,34.4,78.2,42.9,34.5,31.5,Medium,Stem Borer,Chlorantraniliprole 18.5% SC
Cotton,26.8,65.2,107.1,48.6,47.7,Medium,Pink Bollworm,Emamectin Benzoate 5% SG
Sugarcane,34.5,72.7,0.0,37.9,58.3,Medium,Early Shoot Borer,Chlorantraniliprole 18.5% SC
Tobacco,12.0,42.0,3.8,18.5,2.0,Low,No Significant Pest,No Spray Needed (monitor only)
Sugarcane,36.5,54.4,0.0,53.9,18.2,Low,Early Shoot Borer,Chlorantraniliprole 18.5% SC
Tobacco,22.3,73.2,9.8,23.6,65.9,High,Aphid,Imidacloprid 17.8% SL
Millets,35.4,77.5,4.5,13.6,33.2,Medium,Earhead Bug,Malathion 50% EC
Wheat,13.2,47.5,0.1,42.1,20.0,Low,Aphid,Imidacloprid 17.8% SL
Oil seeds,31.2,62.0,12.3,26.2,9.9,Low,No Significant Pest,No Spray Needed (monitor only)
Cotton,27.8,52.5,16.0,25.0,32.3,Medium,Whitefly,Diafenthiuron 50% WP
Paddy,34.6,64.1,0.0,55.1,5.6,Low,No Significant Pest,No Spray Needed (monitor only)
Tobacco,13.1,75.7,0.0,26.6,15.4,Low,Aphid,Imidacloprid 17.8% SL
Paddy,35.6,61.1,127.1,57.2,5.9,Low,No Significant Pest,No Spray Needed (monitor only)
Cotton,29.2,54.5,60.9,26.4,32.5,Medium,Whitefly,Diafenthiuron 50% WP
Pulses,25.2,50.8,0.0,24.0,28.2,Low,Pod Borer (Helicoverpa),Emamectin Benzoate 5% SG
Paddy,28.0,93.8,71.7,47.2,60.3,High,Stem Borer,Cartap Hydrochloride 4% G
Wheat,13.0,61.5,0.9,38.6,40.2,Medium,Aphid,Imidacloprid 17.8% SL
Cotton,37.1,67.9,0.0,32.8,19.5,Low,Whitefly,Diafenthiuron 50% WP
Oil seeds,33.2,47.9,0.0,39.5,0.2,Low,No Significant Pest,No Spray Needed (monitor only)
Oil seeds,32.7,78.1,33.2,28.4,19.1,Low,Girdle Beetle,Lambda-cyhalothrin 5% EC
Sugarcane,37.3,50.9,0.0,36.9,13.4,Low,No Significant Pest,No Spray Needed (monitor only)
Wheat,22.1,66.8,10.5,41.3,42.5,Medium,Termite,Chlorpyrifos 20% EC
Millets,32.0,43.2,0.0,12.5,25.1,Low,Earhead Bug,Malathion 50% EC
Ground Nuts,30.9,50.5,95.3,28.0,12.9,Low,No Significant Pest,No Spray Needed (monitor only)
Tobacco,15.9,86.5,2.5,35.0,28.3,Low,Aphid,Imidacloprid 17.8% SL
Ground Nuts,33.9,65.1,0.0,27.4,35.5,Medium,Leaf Miner,Chlorpyrifos 20% EC
Wheat,21.8,50.9,0.0,28.5,63.6,High,Termite,Chlorpyrifos 20% EC
Wheat,23.5,75.8,30.0,34.8,38.4,Medium,Termite,Chlorpyrifos 20% EC
Barley,17.6,57.6,0.0,29.2,71.2,High,Aphid,Imidacloprid 17.8% SL
Oil seeds,30.7,77.4,0.0,17.2,20.3,Low,Girdle Beetle,Lambda-cyhalothrin 5% EC
Sugarcane,32.8,53.9,3.2,42.7,33.1,Medium,Early Shoot Borer,Chlorantraniliprole 18.5% SC
Pulses,11.9,55.2,12.6,29.8,6.9,Low,No Significant Pest,No Spray Needed (monitor only)
Millets,30.9,78.9,0.0,11.0,89.6,High,Earhead Bug,Malathion 50% EC
Ground Nuts,30.0,80.7,1.9,35.1,53.1,Medium,Leaf Miner,Chlorpyrifos 20% EC
Wheat,9.1,86.3,4.6,31.0,14.9,Low,No Significant Pest,No Spray Needed (monitor only)
Tobacco,18.4,65.1,0.0,39.8,43.8,Medium,Aphid,Imidacloprid 17.8% SL
Pulses,33.2,69.0,0.0,34.7,23.9,Low,Pod Borer (Helicoverpa),Emamectin Benzoate 5% SG
Cotton,34.3,55.6,35.1,22.2,33.6,Medium,Whitefly,Diafenthiuron 50% WP
Wheat,17.0,57.6,0.0,22.8,77.3,High,Aphid,Imidacloprid 17.8% SL
Wheat,18.6,73.6,30.0,28.5,43.3,Medium,Aphid,Imidacloprid 17.8% SL
Cotton,27.2,87.1,34.5,46.5,66.5,High,Pink Bollworm,Emamectin Benzoate 5% SG
Pulses,29.4,51.1,0.0,31.5,20.5,Low,Pod Borer (Helicoverpa),Emamectin Benzoate 5% SG
Oil seeds,28.8,75.4,21.1,45.2,41.8,Medium,Girdle Beetle,Lambda-cyhalothrin 5% EC
Sugarcane,30.1,60.2,1.8,37.5,57.4,Medium,Early Shoot Borer,Chlorantraniliprole 18.5% SC
Oil seeds,33.1,89.8,47.7,25.8,21.7,Low,Girdle Beetle,Lambda-cyhalothrin 5% EC
Paddy,28.7,68.6,4.7,78.9,34.3,Medium,Stem Borer,Cartap Hydrochloride 4% G
Barley,22.0,40.0,13.9,21.9,13.8,Low,No Significant Pest,No Spray Needed (monitor only)
Sugarcane,36.6,56.9,11.6,63.5,14.9,Low,No Significant Pest,No Spray Needed (monitor only)
Maize,35.2,79.3,0.0,23.8,15.1,Low,Stem Borer,Chlorantraniliprole 18.5% SC
Sugarcane,35.3,93.5,9.2,33.8,67.9,High,Early Shoot Borer,Chlorantraniliprole 18.5% SC
Cotton,34.3,81.4,0.0,35.0,52.7,Medium,Whitefly,Diafenthiuron 50% WP
Cotton,32.9,48.4,48.0,42.1,15.0,Low,No Significant Pest,No Spray Needed (monitor only)
Sugarcane,28.2,71.2,5.7,35.2,53.1,Medium,Early Shoot Borer,Chlorantraniliprole 18.5% SC
Pulses,32.3,77.4,0.0,36.1,25.5,Low,Pod Borer (Helicoverpa),Emamectin Benzoate 5% SG
Barley,15.4,56.6,0.0,26.7,63.2,High,Aphid,Imidacloprid 17.8% SL
Barley,24.5,67.1,19.1,16.8,27.3,Low,Aphid,Imidacloprid 17.8% SL
Paddy,27.7,88.9,0.0,54.7,44.3,Medium,Stem Borer,Cartap Hydrochloride 4% G
Wheat,24.1,63.9,0.0,29.9,71.5,High,Termite,Chlorpyrifos 20% EC
Maize,34.9,71.2,0.0,47.3,16.4,Low,Stem Borer,Chlorantraniliprole 18.5% SC
Barley,23.5,81.6,0.0,27.3,58.6,Medium,Aphid,Imidacloprid 17.8% SL
Sugarcane,32.1,94.4,0.0,29.6,96.7,High,Early Shoot Borer,Chlorantraniliprole 18.5% SC
Wheat,23.5,66.6,0.0,32.1,65.9,High,Termite,Chlorpyrifos 20% EC
Ground Nuts,35.2,54.2,0.0,20.2,18.7,Low,Leaf Miner,Chlorpyrifos 20% EC
Oil seeds,19.5,63.2,0.0,34.0,76.1,High,Mustard Aphid,Dimethoate 30% EC
Barley,16.8,47.5,4.0,33.6,39.7,Medium,Aphid,Imidacloprid 17.8% SL
Ground Nuts,26.5,88.9,46.1,26.4,58.5,Medium,Leaf Spot (Tikka),Hexaconazole 5% EC
Sugarcane,34.7,70.0,65.1,46.6,30.7,Medium,Early Shoot Borer,Chlorantraniliprole 18.5% SC
Sugarcane,24.0,74.8,46.5,57.8,20.9,Low,Woolly Aphid,Imidacloprid 17.8% SL
Oil seeds,29.5,46.7,47.7,46.9,5.8,Low,No Significant Pest,No Spray Needed (monitor only)
Oil seeds,18.8,86.0,66.3,48.5,58.9,Medium,Alternaria Blight,Mancozeb 75% WP
Cotton,34.3,68.5,18.9,34.2,43.3,Medium,Whitefly,Diafenthiuron 50% WP
Pulses,12.4,85.0,30.8,42.0,11.7,Low,No Significant Pest,No Spray Needed (monitor only)
Paddy,33.0,60.5,63.2,48.5,6.1,Low,No Significant Pest,No Spray Needed (monitor only)
Tobacco,19.2,85.9,0.0,41.6,49.0,Medium,Aphid,Imidacloprid 17.8% SL
Pulses,22.2,70.5,0.0,20.7,75.6,High,Aphid,Thiamethoxam 25% WG
Barley,27.6,48.0,25.0,35.7,5.0,Low,No Significant Pest,No Spray Needed (monitor only)
Paddy,33.4,81.5,4.0,70.3,28.1,Low,Stem Borer,Cartap Hydrochloride 4% G
Cotton,34.6,70.3,19.1,46.0,39.3,Medium,Whitefly,Diafenthiuron 50% WP
Wheat,24.0,66.6,0.0,27.0,72.0,High,Termite,Chlorpyrifos 20% EC
Barley,27.1,76.3,13.3,29.7,17.5,Low,Aphid,Imidacloprid 17.8% SL
Millets,25.5,65.2,13.4,16.1,39.6,Medium,Earhead Bug,Malathion 50% EC
Ground Nuts,35.8,66.8,0.0,37.2,15.3,Low,Leaf Miner,Chlorpyrifos 20% EC
Wheat,10.0,36.9,2.2,23.3,4.0,Low,No Significant Pest,No Spray Needed (monitor only)
Paddy,32.3,92.9,0.0,52.0,26.2,Low,Stem Borer,Cartap Hydrochloride 4% G
Millets,37.9,87.0,27.5,23.6,4.7,Low,No Significant Pest,No Spray Needed (monitor only)
Oil seeds,33.8,82.9,90.0,50.0,32.3,Medium,Girdle Beetle,Lambda-cyhalothrin 5% EC
Oil seeds,15.9,44.0,46.2,36.5,10.9,Low,No Significant Pest,No Spray Needed (monitor only)
Sugarcane,31.2,82.9,0.0,25.7,100.0,High,Early Shoot Borer,Chlorantraniliprole 18.5% SC
Maize,26.6,59.4,0.0,41.6,20.2,Low,Fall Armyworm,Spinetoram 11.7% SC
Tobacco,20.3,41.2,0.0,35.9,7.3,Low,No Significant Pest,No Spray Needed (monitor only)
Millets,31.1,59.3,0.0,10.5,74.4,High,Earhead Bug,Malathion 50% EC
Sugarcane,29.1,53.3,18.2,63.3,19.3,Low,Early Shoot Borer,Chlorantraniliprole 18.5% SC
Barley,27.2,45.9,3.0,27.2,11.4,Low,No Significant Pest,No Spray Needed (monitor only)
Millets,25.6,45.7,0.0,21.6,14.4,Low,No Significant Pest,No Spray Needed (monitor only)
Paddy,23.1,63.3,16.0,42.4,1.7,Low,No Significant Pest,No Spray Needed (monitor only)
Barley,22.6,65.0,0.0,21.3,67.6,High,Aphid,Imidacloprid 17.8% SL
Maize,23.3,76.2,0.0,21.7,10.0,Low,No Significant Pest,No Spray Needed (monitor only)
Oil seeds,29.7,57.1,0.0,19.2,1.2,Low,No Significant Pest,No Spray Needed (monitor only)
Tobacco,24.6,82.8,0.0,27.7,72.7,High,Aphid,Imidacloprid 17.8% SL
Tobacco,25.8,61.8,0.0,33.8,42.3,Medium,Aphid,Imidacloprid 17.8% SL
Sugarcane,20.3,76.5,0.0,61.0,8.3,Low,No Significant Pest,No Spray Needed (monitor only)
Pulses,32.0,88.3,32.0,20.1,27.5,Low,Pod Borer (Helicoverpa),Emamectin Benzoate 5% SG
Tobacco,16.5,60.7,38.0,48.0,12.9,Low,No Significant Pest,No Spray Needed (monitor only)
Cotton,29.2,79.7,0.0,34.8,69.2,High,Jassid,Thiamethoxam 25% WG
Wheat,20.7,58.3,0.3,31.0,62.2,High,Aphid,Imidacloprid 17.8% SL
Wheat,20.1,62.7,0.0,19.2,77.2,High,Aphid,Imidacloprid 17.8% SL
Pulses,12.7,35.0,35.4,35.6,0.0,Low,No Significant Pest,No Spray Needed (monitor only)
Wheat,11.4,83.7,8.1,43.2,55.9,Medium,Yellow Rust,Propiconazole 25% EC
Barley,20.4,78.7,0.0,16.1,85.8,High,Aphid,Imidacloprid 17.8% SL
Millets,31.8,75.2,41.6,30.3,52.6,Medium,Shoot Fly,Thiamethoxam 30% FS
Pulses,22.4,41.6,10.5,23.8,9.1,Low,No Significant Pest,No Spray Needed (monitor only)
Pulses,30.6,40.6,1.2,16.2,7.6,Low,No Significant Pest,No Spray Needed (monitor only)
Ground Nuts,27.4,58.8,0.0,35.9,30.3,Medium,Leaf Miner,Chlorpyrifos 20% EC
Paddy,33.8,79.1,0.0,78.4,25.8,Low,Stem Borer,Cartap Hydrochloride 4% G
Cotton,29.7,62.0,110.0,51.5,38.8,Medium,Pink Bollworm,Emamectin Benzoate 5% SG
Tobacco,23.7,44.2,23.9,30.0,1.2,Low,No Significant Pest,No Spray Needed (monitor only)
Wheat,21.0,41.6,1.3,38.7,35.4,Medium,Termite,Chlorpyrifos 20% EC
Paddy,23.5,94.5,27.5,65.7,39.9,Medium,Blast,Tricyclazole 75% WP
Paddy,29.9,90.7,51.9,65.2,66.8,High,Stem Borer,Cartap Hydrochloride 4% G
Maize,30.9,69.5,0.0,34.2,38.4,Medium,Fall Armyworm,Spinetoram 11.7% SC
Tobacco,19.3,82.0,0.0,20.9,71.0,High,Aphid,Imidacloprid 17.8% SL
Tobacco,17.3,45.3,24.3,34.0,5.2,Low,No Significant Pest,No Spray Needed (monitor only)
Wheat,12.6,55.6,0.0,40.4,32.6,Medium,Aphid,Imidacloprid 17.8% SL
Pulses,20.5,60.7,39.4,35.7,54.2,Medium,Wilt,Carbendazim 50% WP
Barley,15.7,37.5,4.6,38.9,15.1,Low,Aphid,Imidacloprid 17.8% SL
Millets,34.5,48.4,0.0,32.0,15.1,Low,Earhead Bug,Malathion 50% EC
Millets,36.5,84.0,44.2,26.1,10.2,Low,No Significant Pest,No Spray Needed (monitor only)
Wheat,9.4,62.6,3.0,34.1,18.2,Low,Aphid,Imidacloprid 17.8% SL
Sugarcane,24.6,54.4,25.0,65.5,8.8,Low,No Significant Pest,No Spray Needed (monitor only)
Cotton,36.7,56.8,0.0,44.7,14.5,Low,No Significant Pest,No Spray Needed (monitor only)
Tobacco,15.6,70.3,6.2,42.2,24.7,Low,Aphid,Imidacloprid 17.8% SL
Barley,26.2,65.1,1.9,28.9,28.5,Low,Aphid,Imidacloprid 17.8% SL
Cotton,25.4,79.0,70.8,44.1,58.3,Medium,Pink Bollworm,Emamectin Benzoate 5% SG
Barley,9.8,74.6,18.1,40.3,37.6,Medium,Yellow Rust,Propiconazole 25% EC
Sugarcane,28.2,78.2,33.8,58.0,29.4,Low,Early Shoot Borer,Chlorantraniliprole 18.5% SC
Barley,23.1,50.5,0.0,29.2,41.7,Medium,Aphid,Imidacloprid 17.8% SL
Oil seeds,21.2,78.6,55.0,37.3,45.4,Medium,Alternaria Blight,Mancozeb 75% WP
Oil seeds,25.1,73.6,0.0,20.2,30.9,Medium,Mustard Aphid,Dimethoate 30% EC
Cotton,31.7,71.6,0.0,18.4,91.7,High,Whitefly,Diafenthiuron 50% WP
Sugarcane,21.0,55.9,0.0,60.7,0.0,Low,No Significant Pest,No Spray Needed (monitor only)
Maize,28.0,88.6,0.0,36.5,52.1,Medium,Fall Armyworm,Spinetoram 11.7% SC
Ground Nuts,33.3,90.3,0.0,15.7,59.7,Medium,Leaf Miner,Chlorpyrifos 20% EC
Maize,22.7,59.7,13.8,39.2,13.2,Low,No Significant Pest,No Spray Needed (monitor only)
Cotton,28.4,53.8,40.5,18.6,37.7,Medium,Whitefly,Diafenthiuron 50% WP
Barley,19.2,54.7,8.4,27.8,50.3,Medium,Aphid,Imidacloprid 17.8% SL
Cotton,33.3,68.7,0.0,32.5,65.6,High,Whitefly,Diafenthiuron 50% WP
Sugarcane,24.7,84.3,93.5,36.3,40.0,Medium,Woolly Aphid,Imidacloprid 17.8% SL
Millets,35.5,58.7,0.0,20.9,25.5,Low,Earhead Bug,Malathion 50% EC
Ground Nuts,25.9,83.4,0.0,14.8,93.4,High,Aphid,Imidacloprid 17.8% SL
Sugarcane,23.4,74.3,27.7,32.9,13.2,Low,No Significant Pest,No Spray Needed (monitor only)
Ground Nuts,33.4,78.4,0.0,20.6,55.3,Medium,Leaf Miner,Chlorpyrifos 20% EC
Oil seeds,19.2,66.0,49.8,26.8,37.5,Medium,Mustard Aphid,Dimethoate 30% EC
Oil seeds,31.7,62.6,1.6,20.7,9.3,Low,No Significant Pest,No Spray Needed (monitor only)
Millets,33.8,74.2,41.3,38.3,30.7,Medium,Shoot Fly,Thiamethoxam 30% FS
Barley,11.9,63.3,25.0,20.3,24.6,Low,Aphid,Imidacloprid 17.8% SL
Maize,34.3,89.3,120.0,56.0,56.5,Medium,Stem Borer,Chlorantraniliprole 18.5% SC
Wheat,24.5,54.6,4.4,18.7,77.0,High,Termite,Chlorpyrifos 20% EC
Ground Nuts,27.5,66.7,0.0,33.5,46.0,Medium,Leaf Miner,Chlorpyrifos 20% EC
Wheat,10.4,62.2,0.0,43.1,18.6,Low,Aphid,Imidacloprid 17.8% SL
Wheat,10.9,62.6,23.6,37.9,17.1,Low,Yellow Rust,Propiconazole 25% EC
Wheat,27.4,50.8,17.0,21.2,37.9,Medium,Termite,Chlorpyrifos 20% EC
Cotton,37.5,88.3,0.0,21.1,23.8,Low,Whitefly,Diafenthiuron 50% WP
Sugarcane,23.5,86.5,2.4,48.2,32.9,Medium,Woolly Aphid,Imidacloprid 17.8% SL
Tobacco,24.0,76.3,0.0,38.2,62.6,High,Aphid,Imidacloprid 17.8% SL
Paddy,27.8,78.1,0.0,70.6,49.4,Medium,Stem Borer,Cartap Hydrochloride 4% G
Paddy,35.3,94.3,75.4,56.7,17.9,Low,Stem Borer,Cartap Hydrochloride 4% G
Cotton,31.1,85.8,2.9,20.8,97.8,High,Whitefly,Diafenthiuron 50% WP
Paddy,27.3,67.4,0.0,72.0,22.8,Low,Stem Borer,Cartap Hydrochloride 4% G
Barley,11.2,52.0,2.3,31.8,30.4,Medium,Aphid,Imidacloprid 17.8% SL
Ground Nuts,27.2,69.2,83.1,38.3,26.8,Low,Leaf Spot (Tikka),Hexaconazole 5% EC
Barley,14.5,59.0,3.9,22.5,58.2,Medium,Aphid,Imidacloprid 17.8% SL
Sugarcane,26.5,71.8,0.0,41.9,26.7,Low,Early Shoot Borer,Chlorantraniliprole 18.5% SC
Tobacco,13.1,50.7,0.0,37.1,3.6,Low,No Significant Pest,No Spray Needed (monitor only)
Cotton,35.2,57.8,2.1,39.8,29.7,Low,Whitefly,Diafenthiuron 50% WP
Ground Nuts,26.6,90.6,22.0,41.0,65.9,High,Leaf Spot (Tikka),Hexaconazole 5% EC
Sugarcane,20.2,56.8,27.8,44.3,0.9,Low,No Significant Pest,No Spray Needed (monitor only)
Ground Nuts,26.1,68.2,0.0,12.5,76.6,High,Aphid,Imidacloprid 17.8% SL
Maize,25.5,66.4,12.1,32.0,20.6,Low,Fall Armyworm,Spinetoram 11.7% SC
Maize,34.9,70.4,0.0,23.1,7.9,Low,No Significant Pest,No Spray Needed (monitor only)
Paddy,34.0,92.2,0.0,45.2,17.6,Low,Stem Borer,Cartap Hydrochloride 4% G
Ground Nuts,32.5,69.6,83.4,38.2,24.3,Low,Leaf Miner,Chlorpyrifos 20% EC
Tobacco,28.9,79.0,5.0,26.9,38.3,Medium,Spodoptera Caterpillar,Emamectin Benzoate 5% SG
Sugarcane,37.3,87.0,32.4,52.9,25.6,Low,Early Shoot Borer,Chlorantraniliprole 18.5% SC
Paddy,28.0,95.8,55.6,71.3,74.7,High,Stem Borer,Cartap Hydrochloride 4% G
Oil seeds,17.5,55.7,7.5,20.2,59.6,Medium,Mustard Aphid,Dimethoate 30% EC
Wheat,27.6,44.4,10.5,43.5,28.6,Low,Termite,Chlorpyrifos 20% EC
Oil seeds,20.2,65.2,0.0,17.1,83.9,High,Mustard Aphid,Dimethoate 30% EC
Ground Nuts,32.0,68.8,31.7,37.0,32.8,Medium,Leaf Miner,Chlorpyrifos 20% EC
Barley,17.1,70.6,0.0,26.7,74.0,High,Aphid,Imidacloprid 17.8% SL
Sugarcane,37.2,89.1,0.0,32.0,41.7,Medium,Early Shoot Borer,Chlorantraniliprole 18.5% SC
Cotton,31.5,89.4,26.6,21.8,74.8,High,Whitefly,Diafenthiuron 50% WP
Ground Nuts,30.4,63.5,47.3,36.8,29.8,Low,Leaf Miner,Chlorpyrifos 20% EC
Maize,23.4,71.3,8.1,37.2,17.6,Low,Fall Armyworm,Spinetoram 11.7% SC
Tobacco,14.2,52.8,2.7,19.7,9.0,Low,No Significant Pest,No Spray Needed (monitor only)
Millets,31.8,52.7,12.2,23.3,35.9,Medium,Earhead Bug,Malathion 50% EC
Cotton,37.0,74.5,0.0,38.7,18.6,Low,Whitefly,Diafenthiuron 50% WP
Cotton,24.9,68.0,9.4,40.8,24.5,Low,Jassid,Thiamethoxam 25% WG
Maize,34.2,58.8,0.0,46.0,11.6,Low,No Significant Pest,No Spray Needed (monitor only)
Cotton,36.3,49.8,0.0,36.8,13.3,Low,No Significant Pest,No Spray Needed (monitor only)
Maize,28.4,54.2,0.0,29.8,13.1,Low,No Significant Pest,No Spray Needed (monitor only)
Wheat,18.4,49.2,0.0,24.3,61.2,High,Aphid,Imidacloprid 17.8% SL
Ground Nuts,28.9,78.5,21.8,20.0,61.3,High,Leaf Miner,Chlorpyrifos 20% EC
Maize,35.2,64.0,0.0,44.3,12.0,Low,No Significant Pest,No Spray Needed (monitor only)
Barley,12.3,50.1,0.1,31.5,32.2,Medium,Aphid,Imidacloprid 17.8% SL
Ground Nuts,27.5,90.7,43.8,20.2,64.3,High,Aphid,Imidacloprid 17.8% SL
Maize,29.4,70.1,7.3,40.2,46.6,Medium,Fall Armyworm,Spinetoram 11.7% SC
Oil seeds,16.2,72.8,10.5,40.6,44.5,Medium,Mustard Aphid,Dimethoate 30% EC
Wheat,16.0,60.5,21.4,36.5,39.0,Medium,Aphid,Imidacloprid 17.8% SL
Millets,33.0,72.2,6.3,22.1,56.2,Medium,Earhead Bug,Malathion 50% EC
Paddy,23.7,74.3,6.1,72.7,17.9,Low,Stem Borer,Cartap Hydrochloride 4% G
Cotton,25.5,66.7,0.0,38.8,30.1,Medium,Jassid,Thiamethoxam 25% WG
Barley,27.7,58.7,3.6,33.0,15.6,Low,Aphid,Imidacloprid 17.8% SL
Barley,18.0,76.0,2.2,23.9,82.2,High,Aphid,Imidacloprid 17.8% SL
Cotton,30.5,46.6,0.0,22.3,34.8,Medium,Whitefly,Diafenthiuron 50% WP
Wheat,21.4,55.9,0.0,22.3,65.6,High,Termite,Chlorpyrifos 20% EC
Oil seeds,30.5,78.6,0.0,24.8,27.3,Low,Girdle Beetle,Lambda-cyhalothrin 5% EC
Ground Nuts,35.2,75.1,0.0,29.2,29.5,Low,Leaf Miner,Chlorpyrifos 20% EC
Oil seeds,20.1,43.3,2.5,21.4,24.9,Low,Mustard Aphid,Dimethoate 30% EC
Ground Nuts,28.5,51.2,0.0,39.4,23.6,Low,Leaf Miner,Chlorpyrifos 20% EC
Paddy,24.3,81.7,0.0,44.5,16.4,Low,Stem Borer,Cartap Hydrochloride 4% G
Millets,24.2,53.4,4.4,14.2,21.1,Low,Earhead Bug,Malathion 50% EC
Cotton,35.2,62.0,31.2,28.9,35.0,Medium,Whitefly,Diafenthiuron 50% WP
Maize,32.1,87.0,0.0,22.5,31.6,Medium,Stem Borer,Chlorantraniliprole 18.5% SC
Oil seeds,20.0,41.8,0.0,41.9,13.5,Low,No Significant Pest,No Spray Needed (monitor only)
Wheat,13.1,54.7,0.0,36.8,34.0,Medium,Aphid,Imidacloprid 17.8% SL
Sugarcane,33.8,81.2,0.0,31.6,68.2,High,Early Shoot Borer,Chlorantraniliprole 18.5% SC
Sugarcane,22.0,61.0,0.0,25.6,3.5,Low,No Significant Pest,No Spray Needed (monitor only)
Pulses,18.4,42.2,12.9,39.5,13.6,Low,No Significant Pest,No Spray Needed (monitor only)
Millets,36.6,65.6,23.1,31.2,9.7,Low,No Significant Pest,No Spray Needed (monitor only)
Maize,31.0,76.8,58.6,37.3,66.2,High,Fall Armyworm,Spinetoram 11.7% SC
Maize,28.2,61.1,73.5,39.3,50.4,Medium,Fall Armyworm,Spinetoram 11.7% SC
Ground Nuts,24.0,58.5,2.2,15.0,36.6,Medium,Aphid,Imidacloprid 17.8% SL
Maize,26.7,75.9,0.0,35.4,44.4,Medium,Fall Armyworm,Spinetoram 11.7% SC
Barley,9.7,41.4,11.9,26.9,8.8,Low,No Significant Pest,No Spray Needed (monitor only)
Oil seeds,12.0,40.9,25.9,24.0,4.3,Low,No Significant Pest,No Spray Needed (monitor only)
Cotton,37.1,46.9,0.0,17.5,12.1,Low,No Significant Pest,No Spray Needed (monitor only)
Oil seeds,30.6,57.6,65.2,44.5,8.4,Low,No Significant Pest,No Spray Needed (monitor only)
Wheat,22.9,54.4,18.5,38.9,28.2,Low,Termite,Chlorpyrifos 20% EC
Ground Nuts,26.7,83.1,44.1,29.8,44.9,Medium,Leaf Spot (Tikka),Hexaconazole 5% EC
Maize,34.8,87.8,120.0,30.1,35.0,Medium,Stem Borer,Chlorantraniliprole 18.5% SC
Millets,33.4,69.1,9.8,15.5,54.3,Medium,Earhead Bug,Malathion 50% EC
Maize,26.0,82.9,0.0,18.7,27.0,Low,Fall Armyworm,Spinetoram 11.7% SC
Cotton,26.1,86.6,34.3,44.6,47.2,Medium,Pink Bollworm,Emamectin Benzoate 5% SG
Paddy,27.8,94.5,49.6,45.6,44.8,Medium,Stem Borer,Cartap Hydrochloride 4% G
Sugarcane,20.6,91.8,27.1,56.4,18.4,Low,Woolly Aphid,Imidacloprid 17.8% SL
Millets,36.0,62.6,1.9,17.6,24.3,Low,Earhead Bug,Malathion 50% EC
Oil seeds,26.2,62.4,48.0,46.0,16.2,Low,Girdle Beetle,Lambda-cyhalothrin 5% EC
Oil seeds,22.8,44.6,0.0,34.7,10.6,Low,No Significant Pest,No Spray Needed (monitor only)
Paddy,27.7,93.9,23.6,60.6,44.3,Medium,Brown Planthopper,Buprofezin 25% SC
Paddy,31.3,81.2,0.0,74.6,41.9,Medium,Stem Borer,Cartap Hydrochloride 4% G
Tobacco,21.2,57.9,0.0,29.4,49.2,Medium,Aphid,Imidacloprid 17.8% SL
Tobacco,14.3,55.4,0.0,23.1,14.1,Low,No Significant Pest,No Spray Needed (monitor only)
Ground Nuts,29.5,56.0,6.3,18.7,47.6,Medium,Leaf Miner,Chlorpyrifos 20% EC
Wheat,17.9,79.8,13.3,42.1,51.2,Medium,Aphid,Imidacloprid 17.8% SL
Barley,12.4,43.7,5.7,27.3,23.9,Low,Aphid,Imidacloprid 17.8% SL
Cotton,29.8,76.6,9.9,30.2,73.9,High,Jassid,Thiamethoxam 25% WG
Maize,22.8,90.6,0.0,33.9,38.8,Medium,Turcicum Leaf Blight,Mancozeb 75% WP
Paddy,32.7,87.1,11.5,44.5,22.3,Low,Stem Borer,Cartap Hydrochloride 4% G
Cotton,27.7,64.6,110.0,45.3,51.9,Medium,Pink Bollworm,Emamectin Benzoate 5% SG
Sugarcane,29.0,93.4,8.2,34.9,66.9,High,Early Shoot Borer,Chlorantraniliprole 18.5% SC
Pulses,19.5,87.1,14.5,35.3,49.0,Medium,Aphid,Thiamethoxam 25% WG
Maize,29.3,82.4,0.0,30.8,50.0,Medium,Fall Armyworm,Spinetoram 11.7% SC
Tobacco,12.8,65.5,0.0,44.7,9.9,Low,No Significant Pest,No Spray Needed (monitor only)
Pulses,25.6,63.0,10.6,38.0,41.2,Medium,Pod Borer (Helicoverpa),Emamectin Benzoate 5% SG
Maize,35.8,54.4,0.0,26.9,2.6,Low,No Significant Pest,No Spray Needed (monitor only)
Millets,24.6,66.3,0.1,30.5,34.0,Medium,Shoot Fly,Thiamethoxam 30% FS
Wheat,21.3,81.8,18.0,39.3,35.9,Medium,Aphid,Imidacloprid 17.8% SL
Wheat,21.0,46.0,14.1,21.0,41.4,Medium,Termite,Chlorpyrifos 20% EC
Millets,33.1,74.4,6.7,17.6,59.5,Medium,Earhead Bug,Malathion 50% EC
Pulses,19.7,39.8,24.9,39.2,6.3,Low,No Significant Pest,No Spray Needed (monitor only)
Tobacco,23.6,51.9,0.0,37.9,26.7,Low,Aphid,Imidacloprid 17.8% SL
Oil seeds,32.2,53.9,0.0,40.1,4.3,Low,No Significant Pest,No Spray Needed (monitor only)
Ground Nuts,26.6,57.2,24.7,23.5,28.9,Low,Leaf Miner,Chlorpyrifos 20% EC
Barley,18.6,66.7,4.6,22.3,86.1,High,Aphid,Imidacloprid 17.8% SL
Sugarcane,25.0,78.7,28.7,48.9,21.9,Low,Woolly Aphid,Imidacloprid 17.8% SL
Millets,25.5,64.9,0.0,20.8,39.3,Medium,Earhead Bug,Malathion 50% EC
Pulses,31.6,59.5,0.0,24.3,34.1,Medium,Pod Borer (Helicoverpa),Emamectin Benzoate 5% SG
Paddy,24.6,79.5,101.0,82.1,44.6,Medium,Stem Borer,Cartap Hydrochloride 4% G
Oil seeds,31.6,83.2,0.0,29.6,27.5,Low,Girdle Beetle,Lambda-cyhalothrin 5% EC
Wheat,20.5,46.3,3.4,43.7,34.4,Medium,Termite,Chlorpyrifos 20% EC
Ground Nuts,27.3,54.8,0.0,36.1,24.9,Low,Leaf Miner,Chlorpyrifos 20% EC
Sugarcane,36.1,69.3,120.0,61.9,12.4,Low,No Significant Pest,No Spray Needed (monitor only)
Tobacco,19.8,56.8,15.2,24.8,31.2,Medium,Aphid,Imidacloprid 17.8% SL
Wheat,24.1,87.5,1.5,24.5,72.6,High,Termite,Chlorpyrifos 20% EC
Pulses,21.8,89.7,0.0,19.1,84.0,High,Aphid,Thiamethoxam 25% WG
Tobacco,25.6,74.6,0.0,24.4,66.3,High,Aphid,Imidacloprid 17.8% SL
Cotton,34.8,79.3,0.0,34.1,45.0,Medium,Whitefly,Diafenthiuron 50% WP
Pulses,33.6,89.4,38.8,33.0,13.0,Low,No Significant Pest,No Spray Needed (monitor only)
Sugarcane,34.1,74.3,26.4,66.9,39.4,Medium,Early Shoot Borer,Chlorantraniliprole 18.5% SC
Millets,37.9,56.0,73.6,26.6,3.0,Low,No Significant Pest,No Spray Needed (monitor only)
Maize,30.5,75.9,18.1,36.7,55.1,Medium,Fall Armyworm,Spinetoram 11.7% SC
Sugarcane,21.5,93.0,0.0,31.8,17.9,Low,Woolly Aphid,Imidacloprid 17.8% SL
Wheat,27.7,59.9,14.4,21.2,46.4,Medium,Termite,Chlorpyrifos 20% EC
Paddy,27.3,85.9,0.0,58.5,39.3,Medium,Stem Borer,Cartap Hydrochloride 4% G
Sugarcane,36.5,50.7,78.2,66.1,5.9,Low,No Significant Pest,No Spray Needed (monitor only)
Cotton,27.1,81.8,9.1,26.2,59.4,Medium,Jassid,Thiamethoxam 25% WG
Sugarcane,28.0,53.9,47.1,35.4,20.5,Low,Early Shoot Borer,Chlorantraniliprole 18.5% SC
Sugarcane,35.2,57.0,0.0,54.4,24.5,Low,Early Shoot Borer,Chlorantraniliprole 18.5% SC
Barley,14.0,83.2,25.0,27.8,66.1,High,Yellow Rust,Propiconazole 25% EC
Sugarcane,34.7,54.7,0.0,55.2,23.6,Low,Early Shoot Borer,Chlorantraniliprole 18.5% SC
Pulses,31.9,78.7,0.5,33.9,34.5,Medium,Pod Borer (Helicoverpa),Emamectin Benzoate 5% SG
Ground Nuts,30.6,58.0,13.4,40.8,33.6,Medium,Leaf Miner,Chlorpyrifos 20% EC
Sugarcane,33.0,81.2,0.0,32.2,78.5,High,Early Shoot Borer,Chlorantraniliprole 18.5% SC
Wheat,25.0,41.4,6.2,27.6,42.0,Medium,Termite,Chlorpyrifos 20% EC
Millets,28.0,66.9,5.9,26.6,58.8,Medium,Earhead Bug,Malathion 50% EC
Barley,19.1,49.8,0.0,25.0,54.3,Medium,Aphid,Imidacloprid 17.8% SL
Wheat,15.7,67.8,1.1,31.8,68.2,High,Aphid,Imidacloprid 17.8% SL
Sugarcane,34.6,74.1,0.0,61.0,47.5,Medium,Early Shoot Borer,Chlorantraniliprole 18.5% SC
Pulses,17.0,43.4,0.0,36.9,13.3,Low,No Significant Pest,No Spray Needed (monitor only)
Ground Nuts,34.5,70.8,80.8,19.2,23.2,Low,Leaf Miner,Chlorpyrifos 20% EC
Sugarcane,37.7,93.9,0.0,57.0,18.8,Low,Early Shoot Borer,Chlorantraniliprole 18.5% SC
Pulses,20.8,71.3,50.7,40.2,73.2,High,Wilt,Carbendazim 50% WP
Cotton,33.7,57.4,50.2,22.8,34.1,Medium,Whitefly,Diafenthiuron 50% WP
Barley,25.1,47.2,8.4,21.8,19.9,Low,Aphid,Imidacloprid 17.8% SL
Wheat,27.1,57.2,0.9,18.6,72.0,High,Termite,Chlorpyrifos 20% EC
Cotton,30.7,78.2,0.0,39.2,62.9,High,Jassid,Thiamethoxam 25% WG
Millets,36.5,68.0,20.7,14.2,20.5,Low,Earhead Bug,Malathion 50% EC
Paddy,33.7,65.0,0.0,78.2,11.1,Low,No Significant Pest,No Spray Needed (monitor only)
Sugarcane,22.6,70.7,0.0,26.0,9.3,Low,No Significant Pest,No Spray Needed (monitor only)
Pulses,28.9,86.4,2.2,31.2,63.9,High,Pod Borer (Helicoverpa),Emamectin Benzoate 5% SG
Pulses,16.9,87.1,0.0,27.5,62.6,High,Aphid,Thiamethoxam 25% WG
Barley,20.6,42.6,16.8,32.4,15.9,Low,Aphid,Imidacloprid 17.8% SL
Tobacco,21.1,57.2,19.3,34.3,21.1,Low,Aphid,Imidacloprid 17.8% SL
Wheat,20.5,70.6,9.8,33.4,49.3,Medium,Aphid,Imidacloprid 17.8% SL
Pulses,17.5,85.6,53.3,32.5,35.7,Medium,Aphid,Thiamethoxam 25% WG
Paddy,32.4,95.5,0.0,60.2,33.8,Medium,Stem Borer,Cartap Hydrochloride 4% G
Sugarcane,20.4,75.9,58.5,45.3,10.1,Low,No Significant Pest,No Spray Needed (monitor only)
Pulses,32.0,54.8,45.5,33.5,12.8,Low,No Significant Pest,No Spray Needed (monitor only)
Paddy,32.6,81.0,16.1,45.2,20.1,Low,Stem Borer,Cartap Hydrochloride 4% G
Pulses,13.9,80.0,58.2,28.1,20.1,Low,Aphid,Thiamethoxam 25% WG
Cotton,36.6,82.5,0.0,28.7,25.0,Low,Whitefly,Diafenthiuron 50% WP
Millets,32.1,66.7,0.5,17.5,78.3,High,Earhead Bug,Malathion 50% EC
Ground Nuts,27.0,91.7,0.0,29.5,82.0,High,Aphid,Imidacloprid 17.8% SL
Cotton,24.9,54.0,0.0,27.9,16.8,Low,Whitefly,Diafenthiuron 50% WP
Tobacco,24.4,76.3,37.5,37.5,54.3,Medium,Spodoptera Caterpillar,Emamectin Benzoate 5% SG
Ground Nuts,29.9,72.9,0.0,14.9,89.6,High,Leaf Miner,Chlorpyrifos 20% EC
Paddy,29.7,72.5,46.8,59.0,37.4,Medium,Stem Borer,Cartap Hydrochloride 4% G
Barley,26.9,69.5,19.5,37.5,13.4,Low,No Significant Pest,No Spray Needed (monitor only)
Sugarcane,22.2,53.0,2.4,28.6,2.2,Low,No Significant Pest,No Spray Needed (monitor only)
Barley,11.5,56.6,0.0,25.3,40.2,Medium,Aphid,Imidacloprid 17.8% SL
Ground Nuts,31.4,61.1,35.5,19.1,43.5,Medium,Leaf Miner,Chlorpyrifos 20% EC
Maize,35.9,55.8,0.0,22.0,2.6,Low,No Significant Pest,No Spray Needed (monitor only)
Pulses,13.4,46.2,23.9,39.1,6.1,Low,No Significant Pest,No Spray Needed (monitor only)
Pulses,18.0,74.2,22.3,40.1,36.0,Medium,Wilt,Carbendazim 50% WP
Oil seeds,22.9,44.3,43.4,26.9,8.2,Low,No Significant Pest,No Spray Needed (monitor only)
Ground Nuts,30.2,71.8,3.7,37.3,60.0,High,Leaf Miner,Chlorpyrifos 20% EC
Sugarcane,26.8,60.8,0.0,25.9,31.4,Medium,Early Shoot Borer,Chlorantraniliprole 18.5% SC
Barley,18.6,39.3,13.8,17.5,22.0,Low,Aphid,Imidacloprid 17.8% SL
Maize,23.1,50.3,0.0,29.7,2.7,Low,No Significant Pest,No Spray Needed (monitor only)
Wheat,12.3,66.8,13.5,21.4,38.1,Medium,Aphid,Imidacloprid 17.8% SL
Sugarcane,36.9,87.5,0.0,53.6,30.3,Medium,Early Shoot Borer,Chlorantraniliprole 18.5% SC
Tobacco,31.3,49.9,0.0,31.9,7.4,Low,No Significant Pest,No Spray Needed (monitor only)
Pulses,21.1,51.0,15.3,28.0,31.1,Medium,Aphid,Thiamethoxam 25% WG
Millets,26.8,47.3,0.0,20.7,23.0,Low,Earhead Bug,Malathion 50% EC
Oil seeds,28.8,73.6,0.0,19.3,25.6,Low,Girdle Beetle,Lambda-cyhalothrin 5% EC
Cotton,26.3,64.7,0.0,15.3,51.3,Medium,Jassid,Thiamethoxam 25% WG
Paddy,31.8,83.5,0.0,61.7,31.4,Medium,Stem Borer,Cartap Hydrochloride 4% G
Sugarcane,33.6,72.2,7.6,52.6,57.6,Medium,Early Shoot Borer,Chlorantraniliprole 18.5% SC
Millets,37.9,87.9,0.0,26.9,12.8,Low,No Significant Pest,No Spray Needed (monitor only)
Paddy,35.9,70.7,19.5,42.4,7.0,Low,No Significant Pest,No Spray Needed (monitor only)
Maize,30.4,85.5,28.8,33.0,59.8,Medium,Fall Armyworm,Spinetoram 11.7% SC
Tobacco,18.1,58.3,1.9,27.0,33.9,Medium,Aphid,Imidacloprid 17.8% SL
Paddy,24.2,78.5,61.8,67.0,28.0,Low,Stem Borer,Cartap Hydrochloride 4% G
Maize,25.9,54.8,104.3,38.2,19.8,Low,Fall Armyworm,Spinetoram 11.7% SC
Pulses,30.3,84.3,0.0,30.0,55.2,Medium,Pod Borer (Helicoverpa),Emamectin Benzoate 5% SG
Cotton,31.3,73.2,82.5,42.1,69.7,High,Pink Bollworm,Emamectin Benzoate 5% SG
Sugarcane,25.6,86.4,14.4,51.1,34.1,Medium,Woolly Aphid,Imidacloprid 17.8% SL
Cotton,26.3,83.9,20.2,16.9,60.7,High,Jassid,Thiamethoxam 25% WG
Cotton,30.6,76.1,45.5,22.9,67.4,High,Whitefly,Diafenthiuron 50% WP
Pulses,33.5,84.2,0.4,39.0,18.1,Low,Pod Borer (Helicoverpa),Emamectin Benzoate 5% SG
Wheat,16.5,35.2,16.6,37.1,8.5,Low,No Significant Pest,No Spray Needed (monitor only)
Ground Nuts,35.8,77.3,34.0,39.1,17.7,Low,Leaf Miner,Chlorpyrifos 20% EC
Tobacco,19.6,65.1,0.0,34.6,59.2,Medium,Aphid,Imidacloprid 17.8% SL
Pulses,23.7,49.8,16.0,22.7,20.2,Low,Aphid,Thiamethoxam 25% WG
Ground Nuts,29.6,66.5,7.2,31.9,54.4,Medium,Leaf Miner,Chlorpyrifos 20% EC
Wheat,24.6,36.7,1.0,33.2,39.7,Medium,Termite,Chlorpyrifos 20% EC
Oil seeds,20.2,48.0,0.0,32.1,28.3,Low,Mustard Aphid,Dimethoate 30% EC
Cotton,25.1,85.4,22.5,33.6,34.8,Medium,Pink Bollworm,Emamectin Benzoate 5% SG
Tobacco,13.8,65.7,12.9,39.6,7.1,Low,No Significant Pest,No Spray Needed (monitor only)
Pulses,25.0,60.8,0.0,37.8,49.2,Medium,Pod Borer (Helicoverpa),Emamectin Benzoate 5% SG
Barley,24.4,54.7,0.0,18.3,40.4,Medium,Aphid,Imidacloprid 17.8% SL
Ground Nuts,31.1,72.6,8.7,15.0,75.7,High,Leaf Miner,Chlorpyrifos 20% EC
Oil seeds,31.3,60.8,0.0,33.4,6.5,Low,No Significant Pest,No Spray Needed (monitor only)
Pulses,16.6,59.7,12.0,35.3,29.3,Low,Aphid,Thiamethoxam 25% WG
Barley,26.5,59.6,17.6,32.6,15.0,Low,No Significant Pest,No Spray Needed (monitor only)
Tobacco,12.2,80.0,6.0,31.9,11.2,Low,No Significant Pest,No Spray Needed (monitor only)
Oil seeds,32.1,56.3,0.0,31.3,4.6,Low,No Significant Pest,No Spray Needed (monitor only)
Maize,27.5,76.2,0.0,33.5,45.8,Medium,Fall Armyworm,Spinetoram 11.7% SC
Cotton,38.0,80.0,0.0,29.3,20.1,Low,Whitefly,Diafenthiuron 50% WP
Wheat,20.1,35.8,0.0,34.4,29.8,Low,Termite,Chlorpyrifos 20% EC
Pulses,31.6,83.2,21.5,34.7,25.5,Low,Pod Borer (Helicoverpa),Emamectin Benzoate 5% SG
Maize,34.5,90.3,41.5,46.4,37.0,Medium,Stem Borer,Chlorantraniliprole 18.5% SC
Ground Nuts,34.4,80.7,0.0,27.5,35.8,Medium,Leaf Miner,Chlorpyrifos 20% EC
Ground Nuts,35.2,75.8,0.0,28.8,27.2,Low,Leaf Miner,Chlorpyrifos 20% EC
Paddy,23.2,68.9,55.8,67.5,11.1,Low,No Significant Pest,No Spray Needed (monitor only)
Maize,34.1,62.4,0.0,29.1,11.9,Low,No Significant Pest,No Spray Needed (monitor only)
Millets,28.9,85.9,8.7,26.8,66.2,High,Earhead Bug,Malathion 50% EC
Sugarcane,33.3,86.3,0.0,46.9,65.8,High,Early Shoot Borer,Chlorantraniliprole 18.5% SC
Maize,33.0,87.9,20.0,25.4,32.0,Medium,Stem Borer,Chlorantraniliprole 18.5% SC
Barley,12.1,48.4,9.2,24.3,25.2,Low,Aphid,Imidacloprid 17.8% SL
Cotton,34.8,76.3,82.9,32.7,28.8,Low,Whitefly,Diafenthiuron 50% WP
Tobacco,20.7,72.2,0.0,38.9,56.2,Medium,Aphid,Imidacloprid 17.8% SL
Maize,33.7,75.6,80.9,56.4,52.7,Medium,Stem Borer,Chlorantraniliprole 18.5% SC
Oil seeds,23.7,58.2,6.9,17.6,32.8,Medium,Mustard Aphid,Dimethoate 30% EC
Tobacco,27.9,73.2,10.6,39.9,54.9,Medium,Spodoptera Caterpillar,Emamectin Benzoate 5% SG
Pulses,30.5,39.1,0.0,28.6,4.4,Low,No Significant Pest,No Spray Needed (monitor only)
Oil seeds,29.5,59.9,1.3,35.1,7.4,Low,No Significant Pest,No Spray Needed (monitor only)
Tobacco,15.1,81.6,2.3,31.2,26.7,Low,Aphid,Imidacloprid 17.8% SL
Ground Nuts,25.8,54.0,41.5,41.6,15.1,Low,Leaf Miner,Chlorpyrifos 20% EC
Millets,37.3,41.9,0.0,13.0,1.1,Low,No Significant Pest,No Spray Needed (monitor only)
Sugarcane,36.4,91.8,43.5,34.2,39.6,Medium,Early Shoot Borer,Chlorantraniliprole 18.5% SC
Oil seeds,16.9,49.9,0.0,22.0,41.7,Medium,Mustard Aphid,Dimethoate 30% EC
Wheat,9.1,73.2,12.6,43.2,21.1,Low,Yellow Rust,Propiconazole 25% EC
Paddy,31.5,85.4,20.5,44.7,26.8,Low,Stem Borer,Cartap Hydrochloride 4% G
Wheat,27.3,46.7,10.8,37.0,34.9,Medium,Termite,Chlorpyrifos 20% EC
Pulses,22.3,75.8,6.5,32.9,56.3,Medium,Aphid,Thiamethoxam 25% WG
Ground Nuts,29.2,81.4,99.8,32.5,48.7,Medium,Leaf Spot (Tikka),Hexaconazole 5% EC
Oil seeds,33.7,46.9,14.2,37.7,1.0,Low,No Significant Pest,No Spray Needed (monitor only)
Barley,14.3,72.3,0.0,16.7,84.2,High,Aphid,Imidacloprid 17.8% SL
Paddy,31.2,86.6,13.0,46.0,31.6,Medium,Stem Borer,Cartap Hydrochloride 4% G
Sugarcane,33.2,84.2,13.0,51.7,57.1,Medium,Early Shoot Borer,Chlorantraniliprole 18.5% SC
Pulses,11.4,84.9,36.2,30.7,5.4,Low,No Significant Pest,No Spray Needed (monitor only)
Sugarcane,27.8,73.7,0.0,28.4,53.1,Medium,Early Shoot Borer,Chlorantraniliprole 18.5% SC
Pulses,25.2,77.5,0.0,24.3,81.4,High,Pod Borer (Helicoverpa),Emamectin Benzoate 5% SG
Millets,30.3,42.1,5.0,17.4,21.0,Low,Earhead Bug,Malathion 50% EC
Wheat,15.4,73.6,11.7,38.6,44.3,Medium,Aphid,Imidacloprid 17.8% SL
Oil seeds,31.2,55.1,44.6,27.1,3.0,Low,No Significant Pest,No Spray Needed (monitor only)
Maize,31.5,76.2,54.4,44.7,63.5,High,Fall Armyworm,Spinetoram 11.7% SC
Millets,25.8,42.5,9.6,22.3,13.2,Low,No Significant Pest,No Spray Needed (monitor only)
Cotton,27.2,54.9,30.7,24.9,30.7,Medium,Whitefly,Diafenthiuron 50% WP
Paddy,25.8,86.4,3.2,56.4,31.8,Medium,Stem Borer,Cartap Hydrochloride 4% G
Tobacco,28.4,85.2,40.0,46.1,100.0,High,Spodoptera Caterpillar,Emamectin Benzoate 5% SG
Oil seeds,18.0,76.2,0.0,17.0,97.3,High,Mustard Aphid,Dimethoate 30% EC
Millets,35.4,86.1,13.0,33.0,26.9,Low,Earhead Bug,Malathion 50% EC
Ground Nuts,24.6,54.0,0.0,24.7,18.6,Low,Aphid,Imidacloprid 17.8% SL
Wheat,13.1,74.0,0.0,32.4,48.0,Medium,Aphid,Imidacloprid 17.8% SL
Cotton,31.4,51.7,6.3,44.9,37.8,Medium,Whitefly,Diafenthiuron 50% WP
Pulses,11.8,69.7,2.7,21.8,19.1,Low,Aphid,Thiamethoxam 25% WG
Pulses,23.3,44.3,36.7,39.5,14.4,Low,No Significant Pest,No Spray Needed (monitor only)
Wheat,25.5,85.6,8.1,34.0,52.2,Medium,Termite,Chlorpyrifos 20% EC
Tobacco,15.6,49.5,10.9,33.7,6.8,Low,No Significant Pest,No Spray Needed (monitor only)
Ground Nuts,29.4,70.6,0.0,37.6,54.3,Medium,Leaf Miner,Chlorpyrifos 20% EC
Maize,28.0,71.0,0.0,36.4,49.8,Medium,Fall Armyworm,Spinetoram 11.7% SC
Oil seeds,33.0,81.4,8.1,44.2,23.5,Low,Girdle Beetle,Lambda-cyhalothrin 5% EC
Tobacco,18.5,74.1,0.0,28.5,53.5,Medium,Aphid,Imidacloprid 17.8% SL
Paddy,26.5,72.2,0.0,79.4,31.7,Medium,Stem Borer,Cartap Hydrochloride 4% G
Cotton,37.1,85.9,110.0,25.6,17.9,Low,Whitefly,Diafenthiuron 50% WP
Cotton,31.2,65.1,101.8,36.4,35.5,Medium,Pink Bollworm,Emamectin Benzoate 5% SG
Oil seeds,31.1,88.6,0.0,38.1,30.5,Medium,Girdle Beetle,Lambda-cyhalothrin 5% EC
Tobacco,13.6,87.0,0.0,18.4,26.3,Low,Aphid,Imidacloprid 17.8% SL
Oil seeds,31.6,71.9,73.4,39.8,39.5,Medium,Girdle Beetle,Lambda-cyhalothrin 5% EC
Maize,27.3,83.0,53.9,36.9,71.9,High,Fall Armyworm,Spinetoram 11.7% SC
Ground Nuts,31.0,59.7,19.8,16.6,49.3,Medium,Leaf Miner,Chlorpyrifos 20% EC
Paddy,22.0,82.7,33.9,82.3,20.0,Low,Blast,Tricyclazole 75% WP
Paddy,31.6,76.8,0.0,60.5,30.3,Medium,Stem Borer,Cartap Hydrochloride 4% G
Ground Nuts,33.2,67.8,58.5,19.8,33.2,Medium,Leaf Miner,Chlorpyrifos 20% EC
Sugarcane,32.7,89.7,6.2,65.2,58.4,Medium,Early Shoot Borer,Chlorantraniliprole 18.5% SC
Millets,27.7,66.6,0.2,12.0,66.8,High,Earhead Bug,Malathion 50% EC
Wheat,16.3,49.3,0.0,38.0,43.8,Medium,Aphid,Imidacloprid 17.8% SL
Sugarcane,31.4,80.2,15.6,28.6,93.2,High,Early Shoot Borer,Chlorantraniliprole 18.5% SC
Paddy,27.4,68.9,29.1,61.2,23.8,Low,Stem Borer,Cartap Hydrochloride 4% G
Tobacco,19.5,67.2,0.0,29.5,54.9,Medium,Aphid,Imidacloprid 17.8% SL
Sugarcane,22.9,53.0,0.0,48.2,2.9,Low,No Significant Pest,No Spray Needed (monitor only)
Paddy,28.7,88.1,16.4,56.2,44.9,Medium,Stem Borer,Cartap Hydrochloride 4% G
Paddy,27.2,78.3,0.0,45.6,22.0,Low,Stem Borer,Cartap Hydrochloride 4% G
Millets,24.8,42.9,0.0,24.5,3.6,Low,No Significant Pest,No Spray Needed (monitor only)
Cotton,32.9,74.9,16.6,23.8,78.4,High,Whitefly,Diafenthiuron 50% WP
Wheat,20.9,72.4,0.0,36.3,53.3,Medium,Aphid,Imidacloprid 17.8% SL
Maize,28.8,70.1,79.3,41.7,75.6,High,Fall Armyworm,Spinetoram 11.7% SC
Sugarcane,28.3,50.8,43.6,66.2,12.2,Low,No Significant Pest,No Spray Needed (monitor only)
Cotton,30.9,60.7,0.0,32.1,65.4,High,Whitefly,Diafenthiuron 50% WP
Paddy,24.3,60.1,26.9,55.0,3.3,Low,No Significant Pest,No Spray Needed (monitor only)
Cotton,34.5,50.1,0.0,17.2,31.6,Medium,Whitefly,Diafenthiuron 50% WP
Paddy,26.5,65.9,0.0,40.5,10.9,Low,No Significant Pest,No Spray Needed (monitor only)
Cotton,25.1,74.8,21.9,20.2,34.2,Medium,Jassid,Thiamethoxam 25% WG
Ground Nuts,34.5,77.6,0.9,20.2,39.8,Medium,Leaf Miner,Chlorpyrifos 20% EC
Oil seeds,25.6,83.4,13.5,42.4,38.6,Medium,Girdle Beetle,Lambda-cyhalothrin 5% EC
Barley,19.3,48.5,5.8,21.8,46.8,Medium,Aphid,Imidacloprid 17.8% SL
Oil seeds,13.2,75.1,0.0,36.7,51.4,Medium,Mustard Aphid,Dimethoate 30% EC
Sugarcane,22.5,50.1,0.0,30.7,1.8,Low,No Significant Pest,No Spray Needed (monitor only)
Cotton,35.6,51.1,41.8,46.1,11.1,Low,No Significant Pest,No Spray Needed (monitor only)
Wheat,11.0,65.3,3.7,19.4,29.4,Low,Aphid,Imidacloprid 17.8% SL
Pulses,25.6,83.6,41.1,28.6,73.1,High,Wilt,Carbendazim 50% WP
Wheat,19.9,76.6,18.0,40.3,42.1,Medium,Aphid,Imidacloprid 17.8% SL
Pulses,14.4,60.8,2.2,21.7,37.8,Medium,Aphid,Thiamethoxam 25% WG
Maize,26.3,65.9,17.3,45.8,36.6,Medium,Fall Armyworm,Spinetoram 11.7% SC
Wheat,22.5,59.5,0.0,25.1,74.0,High,Termite,Chlorpyrifos 20% EC
Ground Nuts,31.6,73.2,10.4,35.5,53.6,Medium,Leaf Miner,Chlorpyrifos 20% EC
Barley,16.0,59.4,0.0,31.0,61.6,High,Aphid,Imidacloprid 17.8% SL
Cotton,24.0,87.6,0.0,31.4,25.9,Low,Jassid,Thiamethoxam 25% WG
Pulses,28.4,85.4,0.0,16.6,81.9,High,Pod Borer (Helicoverpa),Emamectin Benzoate 5% SG
Paddy,34.1,84.8,3.3,79.5,25.4,Low,Stem Borer,Cartap Hydrochloride 4% G
Millets,32.9,63.2,0.0,13.2,63.3,High,Earhead Bug,Malathion 50% EC
Wheat,9.3,38.0,0.0,26.8,4.3,Low,No Significant Pest,No Spray Needed (monitor only)
Maize,23.4,67.2,19.0,29.2,16.6,Low,Fall Armyworm,Spinetoram 11.7% SC
Pulses,20.4,47.7,4.5,25.8,30.5,Medium,Aphid,Thiamethoxam 25% WG
Pulses,27.2,66.2,0.0,19.8,68.9,High,Pod Borer (Helicoverpa),Emamectin Benzoate 5% SG
Tobacco,23.4,63.5,10.2,23.9,46.0,Medium,Aphid,Imidacloprid 17.8% SL
Ground Nuts,25.1,91.8,3.5,13.2,92.8,High,Aphid,Imidacloprid 17.8% SL
Wheat,24.5,62.4,0.0,40.2,55.4,Medium,Termite,Chlorpyrifos 20% EC
Ground Nuts,29.7,74.8,0.0,23.4,79.5,High,Leaf Miner,Chlorpyrifos 20% EC
Maize,24.2,52.4,2.6,22.6,4.2,Low,No Significant Pest,No Spray Needed (monitor only)
Tobacco,24.4,79.9,26.3,30.4,46.2,Medium,Spodoptera Caterpillar,Emamectin Benzoate 5% SG
Millets,27.5,78.4,0.0,28.8,53.7,Medium,Shoot Fly,Thiamethoxam 30% FS
Pulses,14.1,68.3,0.9,18.4,48.7,Medium,Aphid,Thiamethoxam 25% WG
Maize,24.5,51.0,12.8,50.6,6.7,Low,No Significant Pest,No Spray Needed (monitor only)
Cotton,26.7,64.3,20.8,38.2,33.8,Medium,Jassid,Thiamethoxam 25% WG
Wheat,27.4,41.0,1.9,36.0,34.4,Medium,Termite,Chlorpyrifos 20% EC
Oil seeds,22.0,63.2,7.8,24.8,46.5,Medium,Mustard Aphid,Dimethoate 30% EC
Millets,27.5,59.8,37.4,29.2,56.8,Medium,Shoot Fly,Thiamethoxam 30% FS
Barley,27.4,38.0,8.3,20.4,5.1,Low,No Significant Pest,No Spray Needed (monitor only)
Tobacco,20.9,59.2,1.6,34.3,47.6,Medium,Aphid,Imidacloprid 17.8% SL
Sugarcane,23.1,51.2,0.0,33.8,3.5,Low,No Significant Pest,No Spray Needed (monitor only)
Cotton,28.2,82.0,4.0,29.9,66.3,High,Jassid,Thiamethoxam 25% WG
Ground Nuts,32.9,82.2,47.6,34.9,28.4,Low,Leaf Miner,Chlorpyrifos 20% EC
Pulses,11.0,67.1,0.0,19.3,20.2,Low,Aphid,Thiamethoxam 25% WG
Oil seeds,30.4,44.3,17.1,18.1,0.0,Low,No Significant Pest,No Spray Needed (monitor only)
Oil seeds,32.8,53.2,0.0,34.1,0.9,Low,No Significant Pest,No Spray Needed (monitor only)
Cotton,25.7,69.2,0.0,25.9,44.9,Medium,Jassid,Thiamethoxam 25% WG
Barley,21.2,64.5,1.8,22.2,76.1,High,Aphid,Imidacloprid 17.8% SL
Tobacco,13.7,70.7,0.0,21.3,21.1,Low,Aphid,Imidacloprid 17.8% SL
Wheat,27.3,77.7,26.3,40.9,25.0,Low,Termite,Chlorpyrifos 20% EC
Cotton,25.2,49.3,0.0,27.2,11.9,Low,No Significant Pest,No Spray Needed (monitor only)
Maize,30.4,90.8,0.0,28.6,45.9,Medium,Stem Borer,Chlorantraniliprole 18.5% SC
Wheat,26.9,55.3,9.8,44.3,35.7,Medium,Termite,Chlorpyrifos 20% EC
Ground Nuts,34.9,61.9,37.2,38.2,12.7,Low,No Significant Pest,No Spray Needed (monitor only)
Pulses,30.3,46.4,11.2,25.6,11.5,Low,No Significant Pest,No Spray Needed (monitor only)
Barley,20.4,42.6,9.4,27.4,25.5,Low,Aphid,Imidacloprid 17.8% SL
Tobacco,30.7,63.3,0.0,34.2,19.5,Low,Spodoptera Caterpillar,Emamectin Benzoate 5% SG
Paddy,32.3,83.7,0.0,60.9,33.5,Medium,Stem Borer,Cartap Hydrochloride 4% G
Maize,27.7,83.6,18.1,26.9,46.6,Medium,Fall Armyworm,Spinetoram 11.7% SC
Tobacco,25.4,80.8,0.0,34.2,60.5,High,Aphid,Imidacloprid 17.8% SL
Tobacco,17.3,45.8,0.0,18.2,14.2,Low,No Significant Pest,No Spray Needed (monitor only)
Barley,15.8,78.5,2.1,17.5,95.5,High,Aphid,Imidacloprid 17.8% SL
Millets,38.0,86.3,90.0,35.4,2.6,Low,No Significant Pest,No Spray Needed (monitor only)
Wheat,24.7,61.6,0.1,21.1,71.2,High,Termite,Chlorpyrifos 20% EC
Tobacco,20.5,86.2,0.1,26.4,83.9,High,Aphid,Imidacloprid 17.8% SL
Paddy,31.6,93.7,0.0,47.1,28.3,Low,Stem Borer,Cartap Hydrochloride 4% G
Oil seeds,23.0,77.3,0.0,21.4,57.3,Medium,Mustard Aphid,Dimethoate 30% EC
Oil seeds,33.8,60.0,0.0,37.6,3.0,Low,No Significant Pest,No Spray Needed (monitor only)
Millets,25.2,45.8,23.3,23.1,12.4,Low,No Significant Pest,No Spray Needed (monitor only)
Maize,22.4,60.2,17.1,26.6,5.2,Low,No Significant Pest,No Spray Needed (monitor only)
Ground Nuts,34.8,51.5,9.1,34.2,12.7,Low,No Significant Pest,No Spray Needed (monitor only)
Paddy,27.8,86.8,104.3,84.4,87.8,High,Stem Borer,Cartap Hydrochloride 4% G
Tobacco,31.9,50.6,10.5,43.4,6.3,Low,No Significant Pest,No Spray Needed (monitor only)
Sugarcane,28.0,65.0,31.6,47.2,31.3,Medium,Early Shoot Borer,Chlorantraniliprole 18.5% SC
Ground Nuts,34.6,52.4,51.4,21.7,13.2,Low,No Significant Pest,No Spray Needed (monitor only)
Millets,29.0,65.9,44.2,27.1,62.1,High,Shoot Fly,Thiamethoxam 30% FS
Wheat,19.1,52.2,4.0,29.2,51.5,Medium,Aphid,Imidacloprid 17.8% SL
Maize,29.7,77.1,94.9,48.6,95.5,High,Fall Armyworm,Spinetoram 11.7% SC
Cotton,29.6,84.2,13.5,41.4,61.4,High,Pink Bollworm,Emamectin Benzoate 5% SG
Cotton,27.6,87.4,55.5,26.1,53.3,Medium,Pink Bollworm,Emamectin Benzoate 5% SG
Wheat,15.1,66.3,0.0,30.3,65.7,High,Aphid,Imidacloprid 17.8% SL
Sugarcane,30.9,81.5,20.9,65.3,47.0,Medium,Early Shoot Borer,Chlorantraniliprole 18.5% SC
Millets,36.1,69.8,49.6,26.4,13.2,Low,No Significant Pest,No Spray Needed (monitor only)
Pulses,16.9,81.7,36.8,18.5,42.1,Medium,Aphid,Thiamethoxam 25% WG
Ground Nuts,28.6,85.1,0.0,24.7,74.3,High,Leaf Miner,Chlorpyrifos 20% EC
Sugarcane,33.6,89.0,0.0,60.9,53.5,Medium,Early Shoot Borer,Chlorantraniliprole 18.5% SC
Cotton,27.7,70.4,0.0,30.6,54.2,Medium,Jassid,Thiamethoxam 25% WG
Oil seeds,32.6,75.0,0.0,41.3,22.5,Low,Girdle Beetle,Lambda-cyhalothrin 5% EC
Ground Nuts,32.7,80.6,48.3,42.6,27.8,Low,Leaf Miner,Chlorpyrifos 20% EC
Pulses,29.9,80.2,0.0,33.6,51.2,Medium,Pod Borer (Helicoverpa),Emamectin Benzoate 5% SG
Barley,22.1,84.6,3.7,22.3,60.4,High,Aphid,Imidacloprid 17.8% SL
Sugarcane,28.0,75.8,58.5,53.0,26.9,Low,Early Shoot Borer,Chlorantraniliprole 18.5% SC
Pulses,10.1,60.5,0.0,26.7,6.4,Low,No Significant Pest,No Spray Needed (monitor only)
Cotton,35.6,84.1,14.2,40.0,31.3,Medium,Whitefly,Diafenthiuron 50% WP
Barley,25.3,49.4,8.0,28.5,22.0,Low,Aphid,Imidacloprid 17.8% SL
Barley,25.6,73.1,1.4,29.2,28.1,Low,Aphid,Imidacloprid 17.8% SL
Sugarcane,26.6,72.9,80.1,70.1,22.5,Low,Woolly Aphid,Imidacloprid 17.8% SL
Wheat,13.1,73.3,6.8,28.4,46.9,Medium,Aphid,Imidacloprid 17.8% SL
Cotton,24.4,86.5,85.9,33.4,41.3,Medium,Pink Bollworm,Emamectin Benzoate 5% SG
Sugarcane,33.1,92.9,4.7,48.6,59.1,Medium,Early Shoot Borer,Chlorantraniliprole 18.5% SC
Paddy,34.3,70.2,0.0,49.0,8.2,Low,No Significant Pest,No Spray Needed (monitor only)
Pulses,21.4,56.9,5.8,30.7,46.5,Medium,Aphid,Thiamethoxam 25% WG
Wheat,22.1,52.0,3.5,41.9,50.8,Medium,Termite,Chlorpyrifos 20% EC
Barley,14.5,74.0,15.0,19.5,48.2,Medium,Aphid,Imidacloprid 17.8% SL
Cotton,24.0,67.4,0.0,28.4,26.5,Low,Jassid,Thiamethoxam 25% WG
Pulses,14.7,74.7,0.0,39.3,31.8,Medium,Aphid,Thiamethoxam 25% WG
Cotton,25.1,49.6,7.6,24.7,15.1,Low,Whitefly,Diafenthiuron 50% WP
Tobacco,25.0,69.7,0.0,22.2,66.9,High,Aphid,Imidacloprid 17.8% SL
Millets,30.5,79.1,10.2,27.1,62.7,High,Earhead Bug,Malathion 50% EC
Cotton,32.9,47.3,0.0,18.9,36.5,Medium,Whitefly,Diafenthiuron 50% WP
Millets,27.7,50.9,27.4,25.2,24.8,Low,Shoot Fly,Thiamethoxam 30% FS
Pulses,27.1,88.8,59.5,23.5,62.4,High,Wilt,Carbendazim 50% WP
Wheat,13.0,80.9,0.0,35.7,42.4,Medium,Aphid,Imidacloprid 17.8% SL
Pulses,25.1,74.2,14.0,25.8,55.4,Medium,Pod Borer (Helicoverpa),Emamectin Benzoate 5% SG
Barley,24.8,49.5,7.4,27.9,25.6,Low,Aphid,Imidacloprid 17.8% SL
Maize,22.2,77.2,0.0,47.5,20.3,Low,Turcicum Leaf Blight,Mancozeb 75% WP
Ground Nuts,32.8,66.7,35.6,22.6,38.8,Medium,Leaf Miner,Chlorpyrifos 20% EC
Millets,34.7,77.4,27.0,25.6,29.9,Low,Earhead Bug,Malathion 50% EC
Pulses,17.2,41.8,23.9,27.7,12.3,Low,No Significant Pest,No Spray Needed (monitor only)
Cotton,35.4,67.8,37.7,22.8,37.0,Medium,Whitefly,Diafenthiuron 50% WP
Paddy,29.5,70.0,10.1,47.5,21.1,Low,Stem Borer,Cartap Hydrochloride 4% G
Barley,13.9,76.0,0.0,25.7,68.9,High,Aphid,Imidacloprid 17.8% SL
Oil seeds,31.1,77.2,0.0,40.5,37.6,Medium,Girdle Beetle,Lambda-cyhalothrin 5% EC
Oil seeds,15.0,70.8,37.8,33.2,29.8,Low,Mustard Aphid,Dimethoate 30% EC
Cotton,27.5,63.1,110.0,24.5,27.6,Low,Pink Bollworm,Emamectin Benzoate 5% SG
Oil seeds,30.4,87.9,28.0,29.9,34.5,Medium,Girdle Beetle,Lambda-cyhalothrin 5% EC
Oil seeds,26.3,53.7,0.0,23.4,14.3,Low,No Significant Pest,No Spray Needed (monitor only)
Ground Nuts,32.2,89.6,35.5,19.9,50.8,Medium,Leaf Miner,Chlorpyrifos 20% EC
Pulses,10.7,55.7,0.0,25.7,9.1,Low,No Significant Pest,No Spray Needed (monitor only)
Paddy,28.4,84.1,40.2,76.4,64.4,High,Stem Borer,Cartap Hydrochloride 4% G
Pulses,33.5,83.9,0.0,23.1,33.5,Medium,Pod Borer (Helicoverpa),Emamectin Benzoate 5% SG
Tobacco,20.1,57.4,5.3,45.3,29.4,Low,Aphid,Imidacloprid 17.8% SL
Barley,15.6,45.8,9.2,27.1,31.9,Medium,Aphid,Imidacloprid 17.8% SL
Pulses,31.0,89.6,24.6,33.3,25.9,Low,Pod Borer (Helicoverpa),Emamectin Benzoate 5% SG
Barley,20.7,73.1,2.0,29.2,71.4,High,Aphid,Imidacloprid 17.8% SL
Maize,22.9,68.7,41.1,35.5,18.8,Low,Fall Armyworm,Spinetoram 11.7% SC
Barley,10.8,69.3,0.2,38.8,34.4,Medium,Aphid,Imidacloprid 17.8% SL
Millets,28.9,56.6,42.7,13.9,39.1,Medium,Earhead Bug,Malathion 50% EC
Tobacco,25.4,60.6,20.2,41.1,22.0,Low,Spodoptera Caterpillar,Emamectin Benzoate 5% SG
Wheat,13.1,54.7,0.0,21.4,46.0,Medium,Aphid,Imidacloprid 17.8% SL
Cotton,31.8,65.9,21.8,18.5,77.1,High,Whitefly,Diafenthiuron 50% WP
Cotton,36.1,59.6,39.0,19.8,23.7,Low,Whitefly,Diafenthiuron 50% WP
Paddy,32.6,84.0,5.8,78.7,39.8,Medium,Stem Borer,Cartap Hydrochloride 4% G
Tobacco,16.9,68.7,7.7,31.7,35.2,Medium,Aphid,Imidacloprid 17.8% SL
Maize,22.0,63.0,0.0,19.0,6.3,Low,No Significant Pest,No Spray Needed (monitor only)
Millets,32.7,43.9,0.0,10.9,23.3,Low,Earhead Bug,Malathion 50% EC
Pulses,27.7,59.3,23.2,19.5,40.1,Medium,Pod Borer (Helicoverpa),Emamectin Benzoate 5% SG
Millets,35.8,51.0,42.3,34.4,10.4,Low,No Significant Pest,No Spray Needed (monitor only)
Pulses,22.1,57.3,5.8,29.5,50.6,Medium,Aphid,Thiamethoxam 25% WG
Paddy,23.3,63.2,75.6,71.2,11.5,Low,No Significant Pest,No Spray Needed (monitor only)
Paddy,23.4,94.6,53.7,71.1,50.7,Medium,Blast,Tricyclazole 75% WP
Paddy,32.7,76.6,61.2,64.2,32.2,Medium,Stem Borer,Cartap Hydrochloride 4% G
Sugarcane,21.1,92.1,53.7,50.0,26.1,Low,Woolly Aphid,Imidacloprid 17.8% SL
Pulses,24.0,53.6,9.6,24.1,29.4,Low,Pod Borer (Helicoverpa),Emamectin Benzoate 5% SG
Oil seeds,31.3,57.8,86.5,50.2,10.5,Low,No Significant Pest,No Spray Needed (monitor only)
Cotton,33.1,88.3,81.7,26.4,43.2,Medium,Whitefly,Diafenthiuron 50% WP
Millets,30.1,52.9,18.2,13.7,52.1,Medium,Earhead Bug,Malathion 50% EC
Maize,25.4,80.3,23.9,45.6,41.1,Medium,Fall Armyworm,Spinetoram 11.7% SC
Millets,35.6,83.8,0.0,17.6,28.2,Low,Earhead Bug,Malathion 50% EC
Sugarcane,37.9,90.6,0.0,39.0,24.4,Low,Early Shoot Borer,Chlorantraniliprole 18.5% SC
Ground Nuts,29.2,84.2,15.4,25.7,67.9,High,Leaf Miner,Chlorpyrifos 20% EC
Sugarcane,22.1,58.4,0.0,50.7,1.4,Low,No Significant Pest,No Spray Needed (monitor only)
Pulses,21.7,65.8,0.0,25.1,69.3,High,Aphid,Thiamethoxam 25% WG
Maize,35.9,87.9,34.2,21.1,15.9,Low,Stem Borer,Chlorantraniliprole 18.5% SC
Tobacco,26.7,52.6,0.0,18.7,27.4,Low,Aphid,Imidacloprid 17.8% SL
Pulses,23.0,60.2,46.1,35.0,54.4,Medium,Wilt,Carbendazim 50% WP
Barley,18.6,60.0,0.0,27.8,75.3,High,Aphid,Imidacloprid 17.8% SL
Cotton,34.4,60.5,89.2,39.9,24.3,Low,Whitefly,Diafenthiuron 50% WP
Cotton,24.5,75.7,9.7,26.9,30.7,Medium,Jassid,Thiamethoxam 25% WG
Paddy,27.9,79.0,3.0,40.5,24.9,Low,Stem Borer,Cartap Hydrochloride 4% G
Oil seeds,18.8,70.7,0.0,38.2,61.0,High,Mustard Aphid,Dimethoate 30% EC
Maize,28.3,71.2,0.0,31.3,39.1,Medium,Fall Armyworm,Spinetoram 11.7% SC
Paddy,32.0,94.1,54.0,60.4,51.0,Medium,Stem Borer,Cartap Hydrochloride 4% G
Ground Nuts,27.7,87.2,65.7,37.5,76.3,High,Leaf Spot (Tikka),Hexaconazole 5% EC
Cotton,32.3,52.3,78.5,27.8,25.0,Low,Whitefly,Diafenthiuron 50% WP
Ground Nuts,33.6,51.6,0.0,23.7,21.0,Low,Leaf Miner,Chlorpyrifos 20% EC
Sugarcane,21.9,74.2,112.0,72.5,16.5,Low,Woolly Aphid,Imidacloprid 17.8% SL
Wheat,9.8,78.5,0.0,23.3,24.6,Low,Aphid,Imidacloprid 17.8% SL
Barley,27.3,35.6,0.0,30.5,3.9,Low,No Significant Pest,No Spray Needed (monitor only)
Wheat,17.3,37.1,0.7,30.2,23.6,Low,Termite,Chlorpyrifos 20% EC
Oil seeds,21.1,76.4,0.0,33.4,68.5,High,Mustard Aphid,Dimethoate 30% EC
Wheat,24.3,69.5,0.0,26.9,79.4,High,Termite,Chlorpyrifos 20% EC
Maize,36.0,86.6,0.0,40.8,16.1,Low,Stem Borer,Chlorantraniliprole 18.5% SC
Pulses,21.4,62.0,59.5,26.8,43.2,Medium,Wilt,Carbendazim 50% WP
Tobacco,30.1,54.6,0.0,18.5,13.0,Low,No Significant Pest,No Spray Needed (monitor only)
Paddy,31.2,75.4,108.1,53.4,37.8,Medium,Stem Borer,Cartap Hydrochloride 4% G
Maize,26.0,71.2,0.0,37.6,33.8,Medium,Fall Armyworm,Spinetoram 11.7% SC
Millets,24.6,58.4,12.9,34.4,33.0,Medium,Shoot Fly,Thiamethoxam 30% FS
Sugarcane,28.9,81.6,29.2,32.7,58.5,Medium,Early Shoot Borer,Chlorantraniliprole 18.5% SC
Paddy,24.5,73.3,28.4,73.0,24.2,Low,Stem Borer,Cartap Hydrochloride 4% G
Millets,27.1,55.9,55.0,15.6,38.5,Medium,Shoot Fly,Thiamethoxam 30% FS
Maize,29.0,59.5,0.0,18.6,20.3,Low,Fall Armyworm,Spinetoram 11.7% SC
Paddy,30.8,83.0,17.1,72.1,45.7,Medium,Stem Borer,Cartap Hydrochloride 4% G
Sugarcane,20.8,57.3,0.0,63.6,2.4,Low,No Significant Pest,No Spray Needed (monitor only)
Maize,25.1,90.8,0.0,49.7,42.9,Medium,Turcicum Leaf Blight,Mancozeb 75% WP
Oil seeds,13.2,59.8,0.0,41.4,35.8,Medium,Mustard Aphid,Dimethoate 30% EC
Tobacco,13.5,45.7,40.0,36.5,0.0,Low,No Significant Pest,No Spray Needed (monitor only)
Millets,25.8,51.0,33.4,35.2,22.8,Low,Shoot Fly,Thiamethoxam 30% FS
Paddy,29.2,69.3,0.0,62.0,21.5,Low,Stem Borer,Cartap Hydrochloride 4% G
Barley,25.7,69.3,25.0,30.7,13.7,Low,No Significant Pest,No Spray Needed (monitor only)
Ground Nuts,35.0,61.5,53.3,20.9,22.2,Low,Leaf Miner,Chlorpyrifos 20% EC
Oil seeds,18.7,51.8,0.0,31.4,47.3,Medium,Mustard Aphid,Dimethoate 30% EC
Ground Nuts,29.5,76.6,0.0,16.9,84.6,High,Leaf Miner,Chlorpyrifos 20% EC
Oil seeds,29.1,87.5,1.0,20.8,36.9,Medium,Girdle Beetle,Lambda-cyhalothrin 5% EC
Ground Nuts,29.9,87.1,20.4,26.6,72.0,High,Leaf Miner,Chlorpyrifos 20% EC
Oil seeds,19.2,78.2,9.7,40.6,50.9,Medium,Mustard Aphid,Dimethoate 30% EC
Millets,37.3,59.9,8.7,12.6,12.6,Low,No Significant Pest,No Spray Needed (monitor only)
Wheat,13.8,71.4,0.3,42.4,43.4,Medium,Aphid,Imidacloprid 17.8% SL
Barley,9.8,47.7,0.0,30.2,22.1,Low,Aphid,Imidacloprid 17.8% SL
Maize,26.2,86.9,31.7,50.9,62.5,High,Fall Armyworm,Spinetoram 11.7% SC
Sugarcane,36.3,69.9,0.0,62.2,25.4,Low,Early Shoot Borer,Chlorantraniliprole 18.5% SC
Millets,26.1,79.4,32.8,13.9,48.1,Medium,Shoot Fly,Thiamethoxam 30% FS
Paddy,32.9,60.3,11.9,58.1,8.4,Low,No Significant Pest,No Spray Needed (monitor only)
Sugarcane,35.3,94.3,0.0,39.4,56.5,Medium,Early Shoot Borer,Chlorantraniliprole 18.5% SC
Oil seeds,13.8,71.1,4.2,21.7,60.5,High,Mustard Aphid,Dimethoate 30% EC
Millets,31.2,60.1,48.9,26.5,39.8,Medium,Shoot Fly,Thiamethoxam 30% FS
Barley,21.9,81.3,17.3,38.3,35.6,Medium,Aphid,Imidacloprid 17.8% SL
Barley,24.4,82.3,6.1,33.0,36.9,Medium,Aphid,Imidacloprid 17.8% SL
Sugarcane,33.4,87.2,7.2,65.1,50.6,Medium,Early Shoot Borer,Chlorantraniliprole 18.5% SC
Cotton,35.0,73.8,0.0,35.1,48.3,Medium,Whitefly,Diafenthiuron 50% WP
Cotton,28.8,76.9,0.0,35.9,60.8,High,Jassid,Thiamethoxam 25% WG
Oil seeds,32.0,70.8,38.5,21.5,12.5,Low,No Significant Pest,No Spray Needed (monitor only)
Paddy,33.6,74.4,0.0,61.2,21.7,Low,Stem Borer,Cartap Hydrochloride 4% G
Millets,30.0,87.9,0.0,30.4,64.8,High,Earhead Bug,Malathion 50% EC
Maize,32.1,88.2,0.0,38.7,38.2,Medium,Stem Borer,Chlorantraniliprole 18.5% SC
Oil seeds,18.2,69.1,3.9,20.4,92.9,High,Mustard Aphid,Dimethoate 30% EC
Cotton,31.2,57.0,27.6,44.1,41.3,Medium,Whitefly,Diafenthiuron 50% WP
Wheat,27.9,52.9,5.9,29.4,49.4,Medium,Termite,Chlorpyrifos 20% EC
Millets,34.5,71.2,6.3,31.4,30.4,Medium,Earhead Bug,Malathion 50% EC
Wheat,13.1,39.6,2.7,35.0,16.8,Low,Aphid,Imidacloprid 17.8% SL
Ground Nuts,33.4,74.7,12.1,21.8,58.7,Medium,Leaf Miner,Chlorpyrifos 20% EC
Paddy,29.7,67.3,0.0,48.7,15.4,Low,Stem Borer,Cartap Hydrochloride 4% G
Paddy,27.6,95.2,0.0,39.7,33.9,Medium,Brown Planthopper,Buprofezin 25% SC
Ground Nuts,31.7,73.7,0.9,31.6,59.0,Medium,Leaf Miner,Chlorpyrifos 20% EC
Millets,25.4,47.1,2.6,32.5,13.2,Low,No Significant Pest,No Spray Needed (monitor only)
Oil seeds,18.2,45.1,27.1,28.8,18.0,Low,Mustard Aphid,Dimethoate 30% EC
Tobacco,20.4,80.1,0.0,20.3,93.4,High,Aphid,Imidacloprid 17.8% SL
Paddy,35.9,63.9,34.6,44.6,2.3,Low,No Significant Pest,No Spray Needed (monitor only)
Sugarcane,27.9,53.0,29.8,52.5,12.7,Low,No Significant Pest,No Spray Needed (monitor only)
Oil seeds,18.5,79.5,58.6,20.2,55.6,Medium,Mustard Aphid,Dimethoate 30% EC
Cotton,34.3,45.5,22.7,43.0,12.2,Low,No Significant Pest,No Spray Needed (monitor only)
Maize,24.0,77.9,0.0,46.6,25.9,Low,Fall Armyworm,Spinetoram 11.7% SC
Paddy,35.9,74.2,0.0,59.1,9.7,Low,No Significant Pest,No Spray Needed (monitor only)
Ground Nuts,31.0,59.3,17.9,21.7,50.9,Medium,Leaf Miner,Chlorpyrifos 20% EC
Ground Nuts,26.7,55.5,97.2,36.0,14.8,Low,No Significant Pest,No Spray Needed (monitor only)
Cotton,25.2,83.9,0.0,24.7,42.7,Medium,Jassid,Thiamethoxam 25% WG
Sugarcane,29.9,61.0,4.5,37.7,51.7,Medium,Early Shoot Borer,Chlorantraniliprole 18.5% SC
Millets,33.5,45.4,20.9,13.4,14.7,Low,No Significant Pest,No Spray Needed (monitor only)
Pulses,22.0,54.3,0.5,34.2,35.6,Medium,Aphid,Thiamethoxam 25% WG
Millets,35.2,43.1,1.1,28.4,7.6,Low,No Significant Pest,No Spray Needed (monitor only)
Oil seeds,24.5,51.7,0.0,24.5,21.7,Low,Mustard Aphid,Dimethoate 30% EC
Tobacco,20.3,82.9,0.0,24.0,86.6,High,Aphid,Imidacloprid 17.8% SL
Wheat,22.4,67.6,30.0,46.9,32.5,Medium,Termite,Chlorpyrifos 20% EC
Tobacco,13.6,81.8,25.0,38.2,6.8,Low,No Significant Pest,No Spray Needed (monitor only)
Sugarcane,36.4,76.3,50.5,38.5,29.4,Low,Early Shoot Borer,Chlorantraniliprole 18.5% SC
Wheat,13.4,42.6,5.4,29.1,19.0,Low,Aphid,Imidacloprid 17.8% SL
Oil seeds,19.7,84.9,23.9,38.7,47.1,Medium,Alternaria Blight,Mancozeb 75% WP
Paddy,23.8,84.8,0.0,60.8,22.7,Low,Stem Borer,Cartap Hydrochloride 4% G
Maize,30.6,52.7,5.2,46.8,14.3,Low,No Significant Pest,No Spray Needed (monitor only)
Tobacco,18.7,79.2,6.5,26.4,55.7,Medium,Aphid,Imidacloprid 17.8% SL
Ground Nuts,34.3,79.5,0.0,15.0,47.8,Medium,Leaf Miner,Chlorpyrifos 20% EC
Wheat,27.2,70.9,1.5,31.7,57.6,Medium,Termite,Chlorpyrifos 20% EC
Paddy,29.2,67.0,46.7,77.0,31.0,Medium,Stem Borer,Cartap Hydrochloride 4% G
Wheat,9.3,43.8,0.4,31.7,7.4,Low,No Significant Pest,No Spray Needed (monitor only)
Sugarcane,36.7,82.4,11.4,49.0,35.8,Medium,Early Shoot Borer,Chlorantraniliprole 18.5% SC
Cotton,27.0,65.4,0.2,32.0,43.8,Medium,Jassid,Thiamethoxam 25% WG
Oil seeds,21.0,88.5,76.0,46.4,80.7,High,Alternaria Blight,Mancozeb 75% WP
Pulses,10.2,51.7,6.4,27.3,7.4,Low,No Significant Pest,No Spray Needed (monitor only)
Maize,22.3,87.8,15.0,29.7,26.3,Low,Turcicum Leaf Blight,Mancozeb 75% WP
Ground Nuts,31.4,58.6,0.0,38.6,38.4,Medium,Leaf Miner,Chlorpyrifos 20% EC
Paddy,32.8,64.0,80.4,71.4,17.2,Low,Stem Borer,Cartap Hydrochloride 4% G
Maize,34.5,57.9,16.0,32.6,8.6,Low,No Significant Pest,No Spray Needed (monitor only)
Paddy,33.6,95.8,7.9,36.9,16.1,Low,Stem Borer,Cartap Hydrochloride 4% G
Barley,14.7,38.3,1.4,23.4,22.7,Low,Aphid,Imidacloprid 17.8% SL
Cotton,30.1,84.7,110.0,51.6,100.0,High,Pink Bollworm,Emamectin Benzoate 5% SG
Ground Nuts,30.5,85.0,37.5,19.6,65.2,High,Leaf Miner,Chlorpyrifos 20% EC
Tobacco,23.7,44.7,0.0,25.3,12.2,Low,No Significant Pest,No Spray Needed (monitor only)
Pulses,30.9,38.6,12.1,24.5,0.0,Low,No Significant Pest,No Spray Needed (monitor only)
Oil seeds,32.2,76.4,0.0,15.2,16.5,Low,Girdle Beetle,Lambda-cyhalothrin 5% EC
Maize,29.7,74.1,1.5,23.9,41.0,Medium,Fall Armyworm,Spinetoram 11.7% SC
Millets,35.1,68.5,0.0,15.9,36.1,Medium,Earhead Bug,Malathion 50% EC
Tobacco,27.9,50.9,2.3,28.5,11.7,Low,No Significant Pest,No Spray Needed (monitor only)
Wheat,8.3,74.7,2.0,42.0,11.3,Low,No Significant Pest,No Spray Needed (monitor only)
Sugarcane,21.3,79.9,120.0,45.4,13.6,Low,No Significant Pest,No Spray Needed (monitor only)
Tobacco,25.2,84.9,0.5,39.2,52.6,Medium,Aphid,Imidacloprid 17.8% SL
Paddy,35.5,65.6,0.0,74.8,8.0,Low,No Significant Pest,No Spray Needed (monitor only)
Tobacco,23.2,62.9,32.5,28.6,26.1,Low,Aphid,Imidacloprid 17.8% SL
Ground Nuts,25.2,74.4,0.0,37.0,54.0,Medium,Aphid,Imidacloprid 17.8% SL
Millets,32.8,77.1,18.1,29.5,40.7,Medium,Earhead Bug,Malathion 50% EC
Wheat,9.2,67.8,10.2,29.5,13.2,Low,No Significant Pest,No Spray Needed (monitor only)
Paddy,33.9,90.8,150.0,66.1,46.3,Medium,Stem Borer,Cartap Hydrochloride 4% G
Barley,14.0,42.5,0.0,28.8,26.1,Low,Aphid,Imidacloprid 17.8% SL
Oil seeds,14.3,53.1,72.7,36.9,15.1,Low,Mustard Aphid,Dimethoate 30% EC
Sugarcane,30.5,59.3,2.2,62.5,32.2,Medium,Early Shoot Borer,Chlorantraniliprole 18.5% SC
Millets,37.2,50.6,0.0,13.2,12.1,Low,No Significant Pest,No Spray Needed (monitor only)
Millets,26.8,77.3,0.0,13.3,71.7,High,Earhead Bug,Malathion 50% EC
Tobacco,28.2,46.7,6.1,22.6,10.0,Low,No Significant Pest,No Spray Needed (monitor only)
Cotton,35.0,80.8,60.5,22.7,36.5,Medium,Whitefly,Diafenthiuron 50% WP
Maize,28.8,75.2,0.0,27.2,35.4,Medium,Fall Armyworm,Spinetoram 11.7% SC
Barley,15.1,62.5,7.0,32.7,57.9,Medium,Aphid,Imidacloprid 17.8% SL
Maize,25.0,82.6,13.8,42.8,35.5,Medium,Fall Armyworm,Spinetoram 11.7% SC
Tobacco,21.0,83.5,0.0,38.7,62.0,High,Aphid,Imidacloprid 17.8% SL
Pulses,25.3,89.3,0.0,29.5,81.0,High,Pod Borer (Helicoverpa),Emamectin Benzoate 5% SG
Oil seeds,21.3,57.0,72.5,24.3,28.5,Low,Mustard Aphid,Dimethoate 30% EC
Maize,24.8,57.8,0.0,18.2,6.7,Low,No Significant Pest,No Spray Needed (monitor only)
Wheat,14.4,74.4,12.7,43.8,44.0,Medium,Yellow Rust,Propiconazole 25% EC
Sugarcane,37.8,52.1,0.0,53.1,6.1,Low,No Significant Pest,No Spray Needed (monitor only)
Millets,31.6,67.4,59.0,35.2,56.3,Medium,Shoot Fly,Thiamethoxam 30% FS
Pulses,11.0,53.3,7.5,36.9,9.6,Low,No Significant Pest,No Spray Needed (monitor only)
Paddy,31.2,67.7,0.0,55.0,17.3,Low,Stem Borer,Cartap Hydrochloride 4% G
Oil seeds,31.0,64.5,19.5,19.5,6.3,Low,No Significant Pest,No Spray Needed (monitor only)
Pulses,29.3,76.8,25.9,26.1,43.5,Medium,Pod Borer (Helicoverpa),Emamectin Benzoate 5% SG
Maize,32.2,58.1,0.0,45.3,23.4,Low,Fall Armyworm,Spinetoram 11.7% SC
Millets,24.9,87.4,0.0,25.7,36.1,Medium,Shoot Fly,Thiamethoxam 30% FS
Wheat,10.1,78.8,0.0,39.4,24.4,Low,Yellow Rust,Propiconazole 25% EC
Barley,24.9,74.8,0.0,20.1,52.4,Medium,Aphid,Imidacloprid 17.8% SL
Wheat,12.1,36.5,0.0,43.2,4.7,Low,No Significant Pest,No Spray Needed (monitor only)
Barley,22.1,67.8,0.5,32.2,58.1,Medium,Aphid,Imidacloprid 17.8% SL
Ground Nuts,29.4,50.3,0.0,15.2,28.0,Low,Leaf Miner,Chlorpyrifos 20% EC
Maize,23.1,77.5,1.8,34.1,16.8,Low,Turcicum Leaf Blight,Mancozeb 75% WP
Tobacco,18.0,74.6,0.0,26.7,59.5,Medium,Aphid,Imidacloprid 17.8% SL
Oil seeds,31.8,40.9,38.6,35.2,0.9,Low,No Significant Pest,No Spray Needed (monitor only)
Pulses,21.3,75.4,4.0,37.8,56.0,Medium,Aphid,Thiamethoxam 25% WG
Cotton,37.7,64.7,81.1,44.6,8.0,Low,No Significant Pest,No Spray Needed (monitor only)
Millets,31.9,78.0,0.8,33.2,57.4,Medium,Earhead Bug,Malathion 50% EC
Tobacco,14.3,76.2,6.3,24.3,24.8,Low,Aphid,Imidacloprid 17.8% SL
Cotton,35.9,49.8,0.0,18.5,19.7,Low,Whitefly,Diafenthiuron 50% WP
Pulses,14.0,52.8,47.1,43.3,6.6,Low,No Significant Pest,No Spray Needed (monitor only)
Paddy,34.8,91.0,0.0,41.5,16.7,Low,Stem Borer,Cartap Hydrochloride 4% G
Ground Nuts,33.4,69.4,23.2,37.7,27.1,Low,Leaf Miner,Chlorpyrifos 20% EC
Pulses,21.0,84.5,0.0,34.8,65.7,High,Aphid,Thiamethoxam 25% WG
Tobacco,20.6,47.6,0.0,30.2,21.0,Low,Aphid,Imidacloprid 17.8% SL
Sugarcane,28.0,59.2,0.0,57.1,25.3,Low,Early Shoot Borer,Chlorantraniliprole 18.5% SC
Paddy,23.0,74.9,5.7,61.8,14.4,Low,No Significant Pest,No Spray Needed (monitor only)
Sugarcane,35.7,52.4,24.0,28.1,23.2,Low,Early Shoot Borer,Chlorantraniliprole 18.5% SC
Millets,30.4,79.1,3.3,14.4,83.6,High,Earhead Bug,Malathion 50% EC
Oil seeds,28.2,74.6,32.7,25.2,35.6,Medium,Girdle Beetle,Lambda-cyhalothrin 5% EC
Maize,28.4,61.0,107.3,27.9,40.1,Medium,Fall Armyworm,Spinetoram 11.7% SC
Ground Nuts,26.1,52.9,47.8,22.1,12.4,Low,No Significant Pest,No Spray Needed (monitor only)
Ground Nuts,29.2,78.7,0.0,19.0,80.3,High,Leaf Miner,Chlorpyrifos 20% EC
Paddy,33.5,78.8,91.1,71.9,35.7,Medium,Stem Borer,Cartap Hydrochloride 4% G
Maize,23.9,67.0,3.2,25.8,14.8,Low,No Significant Pest,No Spray Needed (monitor only)
Pulses,20.6,57.9,2.7,20.6,64.8,High,Aphid,Thiamethoxam 25% WG
Paddy,28.7,72.9,36.3,74.8,40.7,Medium,Stem Borer,Cartap Hydrochloride 4% G
Barley,8.7,38.8,0.0,20.9,7.3,Low,No Significant Pest,No Spray Needed (monitor only)
Wheat,15.0,80.2,0.0,33.3,72.8,High,Aphid,Imidacloprid 17.8% SL
Tobacco,12.6,43.8,0.1,25.5,5.0,Low,No Significant Pest,No Spray Needed (monitor only)
Maize,23.1,62.1,73.3,47.4,20.3,Low,Fall Armyworm,Spinetoram 11.7% SC
Tobacco,28.9,80.5,0.0,31.7,40.3,Medium,Spodoptera Caterpillar,Emamectin Benzoate 5% SG
Millets,32.2,47.8,0.9,10.2,34.8,Medium,Earhead Bug,Malathion 50% EC
Maize,25.1,51.9,0.0,31.1,5.9,Low,No Significant Pest,No Spray Needed (monitor only)
Paddy,26.0,90.7,3.8,54.3,34.8,Medium,Stem Borer,Cartap Hydrochloride 4% G
Maize,28.7,89.5,93.7,48.3,100.0,High,Fall Armyworm,Spinetoram 11.7% SC
Barley,18.4,78.2,0.0,37.1,67.7,High,Aphid,Imidacloprid 17.8% SL
Maize,26.8,80.8,9.5,24.1,35.0,Medium,Fall Armyworm,Spinetoram 11.7% SC
Paddy,24.0,74.6,19.5,50.8,15.2,Low,Stem Borer,Cartap Hydrochloride 4% G
Oil seeds,20.5,63.2,2.9,41.7,45.3,Medium,Mustard Aphid,Dimethoate 30% EC
Paddy,35.2,73.0,102.4,66.2,12.6,Low,No Significant Pest,No Spray Needed (monitor only)
Paddy,35.9,78.7,4.6,56.8,7.3,Low,No Significant Pest,No Spray Needed (monitor only)
Tobacco,14.2,56.9,20.0,33.9,11.2,Low,No Significant Pest,No Spray Needed (monitor only)
Wheat,14.0,62.2,0.0,31.3,60.2,High,Aphid,Imidacloprid 17.8% SL
Wheat,23.8,52.2,15.8,31.0,42.0,Medium,Termite,Chlorpyrifos 20% EC
Maize,24.2,81.8,30.5,42.8,37.5,Medium,Turcicum Leaf Blight,Mancozeb 75% WP
Barley,13.7,59.0,13.5,36.2,28.3,Low,Aphid,Imidacloprid 17.8% SL
Ground Nuts,32.5,62.9,0.0,30.3,43.8,Medium,Leaf Miner,Chlorpyrifos 20% EC
Wheat,12.0,37.0,30.0,38.5,4.2,Low,No Significant Pest,No Spray Needed (monitor only)
Tobacco,22.4,63.2,0.0,44.5,43.8,Medium,Aphid,Imidacloprid 17.8% SL
Ground Nuts,25.1,70.5,33.7,34.6,35.5,Medium,Aphid,Imidacloprid 17.8% SL
Cotton,32.6,86.3,0.0,24.7,86.6,High,Whitefly,Diafenthiuron 50% WP
Ground Nuts,32.8,82.0,29.6,32.1,39.7,Medium,Leaf Miner,Chlorpyrifos 20% EC
Barley,19.7,45.9,1.6,34.2,37.4,Medium,Aphid,Imidacloprid 17.8% SL
Tobacco,19.3,78.3,0.8,28.4,71.6,High,Aphid,Imidacloprid 17.8% SL
Maize,27.3,63.6,0.0,46.6,36.5,Medium,Fall Armyworm,Spinetoram 11.7% SC
Wheat,14.8,36.9,0.0,20.0,21.7,Low,Aphid,Imidacloprid 17.8% SL
Cotton,24.8,85.8,17.0,29.5,26.6,Low,Jassid,Thiamethoxam 25% WG
Paddy,33.0,83.8,0.0,75.6,40.8,Medium,Stem Borer,Cartap Hydrochloride 4% G
Pulses,26.1,74.4,6.2,21.6,73.4,High,Pod Borer (Helicoverpa),Emamectin Benzoate 5% SG
Pulses,28.1,53.9,0.0,21.7,42.4,Medium,Pod Borer (Helicoverpa),Emamectin Benzoate 5% SG
Cotton,24.1,49.0,2.2,38.6,5.5,Low,No Significant Pest,No Spray Needed (monitor only)
Pulses,11.7,65.5,17.4,39.7,4.7,Low,No Significant Pest,No Spray Needed (monitor only)
Paddy,26.8,89.9,9.9,36.8,30.3,Medium,Stem Borer,Cartap Hydrochloride 4% G
Tobacco,21.0,67.3,0.0,21.5,75.6,High,Aphid,Imidacloprid 17.8% SL
Oil seeds,15.1,67.0,90.0,51.2,28.7,Low,Mustard Aphid,Dimethoate 30% EC
Oil seeds,22.0,71.7,0.0,31.2,50.5,Medium,Mustard Aphid,Dimethoate 30% EC
Tobacco,18.9,45.0,7.0,23.6,14.4,Low,No Significant Pest,No Spray Needed (monitor only)
Millets,27.7,73.9,58.7,34.3,88.9,High,Shoot Fly,Thiamethoxam 30% FS
Barley,10.7,43.4,2.4,24.0,16.7,Low,Aphid,Imidacloprid 17.8% SL
Paddy,22.4,80.2,0.0,76.2,14.1,Low,No Significant Pest,No Spray Needed (monitor only)
Sugarcane,36.7,53.0,0.0,32.9,18.2,Low,Early Shoot Borer,Chlorantraniliprole 18.5% SC
Millets,29.7,54.5,41.0,17.5,39.6,Medium,Earhead Bug,Malathion 50% EC
Barley,22.8,80.5,0.0,30.3,58.0,Medium,Aphid,Imidacloprid 17.8% SL
Maize,23.1,63.9,0.0,35.9,7.1,Low,No Significant Pest,No Spray Needed (monitor only)
Millets,24.6,87.8,0.0,34.4,41.9,Medium,Shoot Fly,Thiamethoxam 30% FS
Barley,10.7,79.5,2.2,27.2,35.4,Medium,Aphid,Imidacloprid 17.8% SL
Oil seeds,22.7,61.9,2.5,37.5,40.7,Medium,Mustard Aphid,Dimethoate 30% EC
Barley,21.5,71.3,0.0,22.5,72.8,High,Aphid,Imidacloprid 17.8% SL
Millets,29.1,70.7,12.7,24.0,56.8,Medium,Earhead Bug,Malathion 50% EC
Millets,25.6,48.1,20.8,16.2,16.4,Low,Earhead Bug,Malathion 50% EC
Sugarcane,26.3,76.1,4.9,42.2,26.0,Low,Early Shoot Borer,Chlorantraniliprole 18.5% SC
Cotton,29.0,46.6,4.8,43.0,22.1,Low,Whitefly,Diafenthiuron 50% WP
Tobacco,27.3,42.0,0.0,42.6,8.0,Low,No Significant Pest,No Spray Needed (monitor only)
Tobacco,27.4,80.2,10.3,40.5,67.3,High,Spodoptera Caterpillar,Emamectin Benzoate 5% SG
Millets,32.5,82.8,0.0,11.2,72.6,High,Earhead Bug,Malathion 50% EC
Oil seeds,19.0,91.2,1.9,24.8,84.8,High,Mustard Aphid,Dimethoate 30% EC
Barley,23.4,37.1,25.0,40.0,2.8,Low,No Significant Pest,No Spray Needed (monitor only)
Cotton,34.3,62.9,0.0,22.9,55.9,Medium,Whitefly,Diafenthiuron 50% WP
Sugarcane,24.3,57.4,28.0,57.3,5.9,Low,No Significant Pest,No Spray Needed (monitor only)
Millets,34.2,77.0,54.6,28.9,28.3,Low,Shoot Fly,Thiamethoxam 30% FS
Millets,37.4,54.2,35.0,21.0,6.2,Low,No Significant Pest,No Spray Needed (monitor only)
Cotton,29.1,57.0,0.0,25.3,56.9,Medium,Whitefly,Diafenthiuron 50% WP
Oil seeds,30.4,47.4,0.0,23.9,4.9,Low,No Significant Pest,No Spray Needed (monitor only)
Barley,10.8,76.6,17.3,16.8,34.3,Medium,Yellow Rust,Propiconazole 25% EC
Paddy,32.6,86.8,0.0,41.0,22.3,Low,Stem Borer,Cartap Hydrochloride 4% G
Paddy,35.0,81.4,0.0,36.8,6.6,Low,No Significant Pest,No Spray Needed (monitor only)
Wheat,26.0,72.7,4.7,27.4,66.6,High,Termite,Chlorpyrifos 20% EC
Oil seeds,25.4,66.3,33.7,27.9,16.9,Low,Girdle Beetle,Lambda-cyhalothrin 5% EC
Millets,27.1,49.2,0.0,34.4,18.3,Low,Earhead Bug,Malathion 50% EC
Tobacco,15.4,85.6,10.6,42.9,21.8,Low,Aphid,Imidacloprid 17.8% SL
Pulses,30.2,44.5,3.0,19.9,13.1,Low,No Significant Pest,No Spray Needed (monitor only)
Millets,26.9,80.4,0.0,21.7,54.5,Medium,Earhead Bug,Malathion 50% EC
Maize,23.9,56.3,0.0,44.5,13.6,Low,No Significant Pest,No Spray Needed (monitor only)
Oil seeds,22.4,50.1,0.0,18.2,32.5,Medium,Mustard Aphid,Dimethoate 30% EC
Millets,30.5,63.4,0.0,29.7,48.3,Medium,Earhead Bug,Malathion 50% EC
Millets,28.1,60.9,27.9,30.8,48.7,Medium,Shoot Fly,Thiamethoxam 30% FS
Pulses,11.6,63.2,0.0,18.1,22.1,Low,Aphid,Thiamethoxam 25% WG
Oil seeds,18.9,46.3,16.1,45.6,12.3,Low,No Significant Pest,No Spray Needed (monitor only)
Sugarcane,21.0,79.6,12.6,50.0,9.6,Low,No Significant Pest,No Spray Needed (monitor only)
Paddy,23.4,63.3,74.1,83.8,6.3,Low,No Significant Pest,No Spray Needed (monitor only)
Oil seeds,25.7,59.6,31.5,26.6,10.4,Low,No Significant Pest,No Spray Needed (monitor only)
Paddy,33.4,88.2,0.0,35.4,15.3,Low,Stem Borer,Cartap Hydrochloride 4% G
Millets,34.1,67.1,3.9,15.9,48.4,Medium,Earhead Bug,Malathion 50% EC
Wheat,17.6,43.4,22.7,25.2,23.8,Low,Aphid,Imidacloprid 17.8% SL
Oil seeds,20.0,63.2,0.0,33.5,63.1,High,Mustard Aphid,Dimethoate 30% EC
Tobacco,22.6,86.4,10.3,37.6,51.9,Medium,Aphid,Imidacloprid 17.8% SL
Millets,25.0,55.5,74.0,24.8,34.3,Medium,Shoot Fly,Thiamethoxam 30% FS
Ground Nuts,34.5,84.5,20.0,22.0,41.7,Medium,Leaf Miner,Chlorpyrifos 20% EC
Cotton,34.1,57.1,52.8,23.2,31.6,Medium,Whitefly,Diafenthiuron 50% WP
Paddy,25.3,64.2,91.9,77.4,16.2,Low,Stem Borer,Cartap Hydrochloride 4% G
Tobacco,31.2,76.6,0.0,32.2,31.5,Medium,Spodoptera Caterpillar,Emamectin Benzoate 5% SG
Maize,23.8,75.1,0.0,41.1,21.9,Low,Fall Armyworm,Spinetoram 11.7% SC
Sugarcane,32.4,60.8,0.0,56.0,44.3,Medium,Early Shoot Borer,Chlorantraniliprole 18.5% SC
Ground Nuts,26.1,58.5,0.0,13.0,38.8,Medium,Aphid,Imidacloprid 17.8% SL
Maize,28.1,58.5,0.0,34.5,22.3,Low,Fall Armyworm,Spinetoram 11.7% SC
Ground Nuts,25.7,74.8,5.6,24.7,60.8,High,Aphid,Imidacloprid 17.8% SL
Cotton,28.9,86.6,8.0,38.8,64.5,High,Whitefly,Diafenthiuron 50% WP
Pulses,27.5,84.7,0.0,33.9,69.1,High,Pod Borer (Helicoverpa),Emamectin Benzoate 5% SG
Wheat,12.7,66.3,9.8,21.1,38.2,Medium,Aphid,Imidacloprid 17.8% SL
Sugarcane,36.6,92.6,1.4,26.8,46.7,Medium,Early Shoot Borer,Chlorantraniliprole 18.5% SC
Millets,28.5,84.2,49.0,30.7,86.0,High,Shoot Fly,Thiamethoxam 30% FS
Millets,27.8,60.8,13.4,25.9,43.8,Medium,Earhead Bug,Malathion 50% EC
Wheat,10.2,42.2,0.0,25.6,8.7,Low,No Significant Pest,No Spray Needed (monitor only)
Cotton,24.2,50.2,25.9,44.8,7.0,Low,No Significant Pest,No Spray Needed (monitor only)
Wheat,18.1,40.3,26.9,42.1,13.1,Low,No Significant Pest,No Spray Needed (monitor only)
Oil seeds,17.8,40.5,0.0,35.0,13.2,Low,No Significant Pest,No Spray Needed (monitor only)
Sugarcane,21.7,82.5,6.6,30.5,11.1,Low,No Significant Pest,No Spray Needed (monitor only)
Oil seeds,16.6,58.5,33.0,26.3,35.4,Medium,Mustard Aphid,Dimethoate 30% EC
Cotton,37.6,88.5,27.3,30.1,20.1,Low,Whitefly,Diafenthiuron 50% WP
Wheat,13.2,80.7,0.0,21.4,56.3,Medium,Aphid,Imidacloprid 17.8% SL
Sugarcane,34.3,67.9,45.6,61.9,32.4,Medium,Early Shoot Borer,Chlorantraniliprole 18.5% SC
Oil seeds,20.3,50.9,0.0,39.7,33.2,Medium,Mustard Aphid,Dimethoate 30% EC
Maize,26.2,91.8,22.8,48.9,55.8,Medium,Fall Armyworm,Spinetoram 11.7% SC
Paddy,32.1,84.9,149.1,85.6,63.0,High,Stem Borer,Cartap Hydrochloride 4% G
Pulses,20.4,45.8,6.7,30.8,23.2,Low,Aphid,Thiamethoxam 25% WG
Tobacco,29.1,65.7,0.3,37.1,29.1,Low,Spodoptera Caterpillar,Emamectin Benzoate 5% SG
Cotton,30.2,66.2,60.9,22.2,53.9,Medium,Whitefly,Diafenthiuron 50% WP
Tobacco,22.3,63.7,6.5,22.4,57.3,Medium,Aphid,Imidacloprid 17.8% SL
Oil seeds,28.1,76.3,72.8,49.9,62.4,High,Girdle Beetle,Lambda-cyhalothrin 5% EC
Oil seeds,30.0,85.9,53.6,38.0,64.8,High,Girdle Beetle,Lambda-cyhalothrin 5% EC
Maize,29.4,59.0,59.5,38.5,46.3,Medium,Fall Armyworm,Spinetoram 11.7% SC
Paddy,29.7,94.3,19.1,78.9,66.1,High,Stem Borer,Cartap Hydrochloride 4% G
Wheat,19.6,60.0,21.0,31.3,43.6,Medium,Aphid,Imidacloprid 17.8% SL
Ground Nuts,36.0,59.2,0.2,34.5,16.2,Low,Leaf Miner,Chlorpyrifos 20% EC
Cotton,31.2,70.7,0.0,28.5,82.0,High,Whitefly,Diafenthiuron 50% WP
Paddy,32.2,68.7,46.7,75.5,22.0,Low,Stem Borer,Cartap Hydrochloride 4% G
Barley,12.5,47.8,0.6,35.8,27.7,Low,Aphid,Imidacloprid 17.8% SL
Pulses,28.2,86.9,8.6,28.5,62.7,High,Pod Borer (Helicoverpa),Emamectin Benzoate 5% SG
Sugarcane,20.6,90.2,26.5,36.9,16.0,Low,Woolly Aphid,Imidacloprid 17.8% SL
Millets,28.0,67.0,0.0,29.3,56.5,Medium,Earhead Bug,Malathion 50% EC
Millets,29.5,51.3,0.0,32.4,31.9,Medium,Earhead Bug,Malathion 50% EC
Wheat,27.3,67.4,18.0,23.1,40.9,Medium,Termite,Chlorpyrifos 20% EC
Pulses,15.6,51.5,0.0,23.0,32.6,Medium,Aphid,Thiamethoxam 25% WG
Wheat,14.1,70.2,2.8,36.2,49.8,Medium,Aphid,Imidacloprid 17.8% SL
Ground Nuts,25.0,61.9,0.0,19.8,44.6,Medium,Aphid,Imidacloprid 17.8% SL
Cotton,24.5,89.0,36.3,41.4,36.4,Medium,Pink Bollworm,Emamectin Benzoate 5% SG
Pulses,31.6,50.4,42.8,27.5,8.6,Low,No Significant Pest,No Spray Needed (monitor only)
Ground Nuts,29.9,88.0,15.2,21.2,75.7,High,Leaf Miner,Chlorpyrifos 20% EC
Paddy,31.3,61.2,62.7,57.7,10.5,Low,No Significant Pest,No Spray Needed (monitor only)
Cotton,34.9,54.2,0.0,38.2,27.2,Low,Whitefly,Diafenthiuron 50% WP
Barley,27.2,45.0,0.0,28.3,17.6,Low,Aphid,Imidacloprid 17.8% SL
Ground Nuts,34.8,67.8,0.0,39.7,25.0,Low,Leaf Miner,Chlorpyrifos 20% EC
Paddy,31.8,72.8,40.3,47.9,22.7,Low,Stem Borer,Cartap Hydrochloride 4% G
Barley,18.6,40.1,7.6,20.3,22.2,Low,Aphid,Imidacloprid 17.8% SL
Pulses,20.5,55.0,0.0,34.9,41.9,Medium,Aphid,Thiamethoxam 25% WG
Maize,25.7,55.8,1.8,23.5,10.9,Low,No Significant Pest,No Spray Needed (monitor only)
Ground Nuts,30.5,82.6,0.0,36.6,55.0,Medium,Leaf Miner,Chlorpyrifos 20% EC
Ground Nuts,33.7,80.2,0.0,27.8,49.1,Medium,Leaf Miner,Chlorpyrifos 20% EC
Cotton,35.7,66.6,57.5,48.3,14.6,Low,No Significant Pest,No Spray Needed (monitor only)
Barley,17.1,45.8,0.0,38.4,33.5,Medium,Aphid,Imidacloprid 17.8% SL
Paddy,24.2,82.7,79.5,70.8,41.7,Medium,Stem Borer,Cartap Hydrochloride 4% G
Pulses,10.4,81.1,5.3,23.0,12.2,Low,No Significant Pest,No Spray Needed (monitor only)
Pulses,18.4,78.6,43.2,32.5,43.9,Medium,Wilt,Carbendazim 50% WP
Wheat,25.3,54.2,0.7,27.7,72.6,High,Termite,Chlorpyrifos 20% EC
Pulses,14.0,83.5,33.0,41.1,16.6,Low,Aphid,Thiamethoxam 25% WG
Millets,31.7,70.1,0.0,31.1,59.0,Medium,Earhead Bug,Malathion 50% EC
Ground Nuts,33.3,87.3,0.6,21.6,59.4,Medium,Leaf Miner,Chlorpyrifos 20% EC
Ground Nuts,27.6,90.5,27.0,31.2,56.7,Medium,Aphid,Imidacloprid 17.8% SL
Barley,14.1,52.3,2.7,17.2,59.9,Medium,Aphid,Imidacloprid 17.8% SL
Paddy,26.3,88.0,0.0,78.1,51.5,Medium,Stem Borer,Cartap Hydrochloride 4% G
Barley,20.1,77.2,14.4,36.0,43.8,Medium,Aphid,Imidacloprid 17.8% SL
Millets,27.1,47.4,0.0,19.4,25.8,Low,Earhead Bug,Malathion 50% EC
Tobacco,18.0,78.5,2.9,36.4,45.5,Medium,Aphid,Imidacloprid 17.8% SL
Ground Nuts,32.7,83.2,7.3,24.9,55.4,Medium,Leaf Miner,Chlorpyrifos 20% EC
Ground Nuts,28.2,51.1,4.1,12.6,31.1,Medium,Leaf Miner,Chlorpyrifos 20% EC
Barley,17.5,69.1,0.0,31.0,71.5,High,Aphid,Imidacloprid 17.8% SL
Cotton,32.4,65.9,1.1,24.3,72.4,High,Whitefly,Diafenthiuron 50% WP
Sugarcane,37.4,86.5,0.0,37.7,36.3,Medium,Early Shoot Borer,Chlorantraniliprole 18.5% SC
Ground Nuts,25.8,62.9,23.7,27.9,38.5,Medium,Aphid,Imidacloprid 17.8% SL
Wheat,23.6,58.9,20.0,45.6,36.2,Medium,Termite,Chlorpyrifos 20% EC
Pulses,16.9,41.1,12.4,25.4,14.1,Low,No Significant Pest,No Spray Needed (monitor only)
Maize,24.8,87.3,0.0,36.5,34.7,Medium,Turcicum Leaf Blight,Mancozeb 75% WP
Wheat,16.2,86.4,2.1,44.1,54.8,Medium,Aphid,Imidacloprid 17.8% SL
Millets,24.8,66.2,0.0,26.0,24.2,Low,Earhead Bug,Malathion 50% EC
Barley,11.3,53.9,0.2,23.8,38.0,Medium,Aphid,Imidacloprid 17.8% SL
Cotton,37.5,60.4,5.6,39.9,13.3,Low,No Significant Pest,No Spray Needed (monitor only)
Maize,29.8,57.4,34.5,50.3,28.2,Low,Fall Armyworm,Spinetoram 11.7% SC
Tobacco,14.8,73.7,0.1,26.6,28.7,Low,Aphid,Imidacloprid 17.8% SL
Tobacco,25.7,57.7,4.2,41.5,27.4,Low,Aphid,Imidacloprid 17.8% SL
Paddy,22.6,88.9,150.0,78.9,40.2,Medium,Blast,Tricyclazole 75% WP
Cotton,31.9,62.2,9.8,17.5,81.5,High,Whitefly,Diafenthiuron 50% WP
Wheat,17.0,59.8,0.9,38.9,61.8,High,Aphid,Imidacloprid 17.8% SL
Wheat,24.6,77.7,3.3,39.6,53.2,Medium,Termite,Chlorpyrifos 20% EC
Cotton,25.0,60.4,87.5,25.1,16.3,Low,Jassid,Thiamethoxam 25% WG
Oil seeds,27.6,76.7,8.6,15.9,27.0,Low,Girdle Beetle,Lambda-cyhalothrin 5% EC
Maize,31.5,84.6,0.0,25.5,36.4,Medium,Stem Borer,Chlorantraniliprole 18.5% SC
Pulses,19.6,47.6,20.2,38.1,16.2,Low,Aphid,Thiamethoxam 25% WG
Sugarcane,30.4,55.7,1.7,28.3,46.6,Medium,Early Shoot Borer,Chlorantraniliprole 18.5% SC
Ground Nuts,25.1,79.1,55.0,37.9,47.4,Medium,Leaf Spot (Tikka),Hexaconazole 5% EC
Tobacco,30.3,70.4,0.1,22.7,22.4,Low,Spodoptera Caterpillar,Emamectin Benzoate 5% SG
Cotton,29.4,50.5,0.0,44.0,25.7,Low,Whitefly,Diafenthiuron 50% WP
Wheat,15.1,43.1,3.5,39.9,26.3,Low,Aphid,Imidacloprid 17.8% SL
Sugarcane,35.5,51.6,0.0,54.1,16.8,Low,Early Shoot Borer,Chlorantraniliprole 18.5% SC
Paddy,35.7,60.3,83.1,58.2,4.0,Low,No Significant Pest,No Spray Needed (monitor only)
Maize,22.4,68.8,2.3,41.8,6.5,Low,No Significant Pest,No Spray Needed (monitor only)
Pulses,32.6,87.2,5.6,20.9,33.2,Medium,Pod Borer (Helicoverpa),Emamectin Benzoate 5% SG
Barley,20.8,51.6,15.4,31.8,30.8,Medium,Aphid,Imidacloprid 17.8% SL
Pulses,31.1,61.4,21.1,17.7,27.4,Low,Pod Borer (Helicoverpa),Emamectin Benzoate 5% SG
Pulses,15.8,79.8,13.0,20.2,43.3,Medium,Aphid,Thiamethoxam 25% WG
Ground Nuts,25.8,74.0,20.7,31.6,51.3,Medium,Aphid,Imidacloprid 17.8% SL
Oil seeds,14.1,84.4,10.0,27.9,50.3,Medium,Mustard Aphid,Dimethoate 30% EC
Tobacco,20.4,42.6,0.0,23.6,12.2,Low,No Significant Pest,No Spray Needed (monitor only)
Barley,15.4,48.6,0.0,33.7,44.9,Medium,Aphid,Imidacloprid 17.8% SL
Cotton,29.7,71.3,5.5,37.1,63.8,High,Whitefly,Diafenthiuron 50% WP
Barley,13.6,62.1,0.0,16.6,73.2,High,Aphid,Imidacloprid 17.8% SL
Ground Nuts,30.3,80.6,20.8,15.3,84.5,High,Leaf Miner,Chlorpyrifos 20% EC
Cotton,28.4,55.3,0.8,24.8,39.2,Medium,Whitefly,Diafenthiuron 50% WP
Millets,25.5,84.5,48.8,36.4,77.9,High,Shoot Fly,Thiamethoxam 30% FS
Maize,24.7,78.3,0.0,28.2,25.5,Low,Fall Armyworm,Spinetoram 11.7% SC
Wheat,22.7,83.6,0.2,33.1,63.0,High,Termite,Chlorpyrifos 20% EC
Ground Nuts,26.8,81.9,91.7,23.0,52.7,Medium,Leaf Spot (Tikka),Hexaconazole 5% EC
Oil seeds,20.3,72.8,0.0,16.8,93.9,High,Mustard Aphid,Dimethoate 30% EC
Paddy,33.6,79.6,111.6,84.8,44.2,Medium,Stem Borer,Cartap Hydrochloride 4% G
Barley,15.8,40.6,25.0,24.8,19.1,Low,Aphid,Imidacloprid 17.8% SL
Pulses,21.1,52.0,51.0,24.0,24.5,Low,Wilt,Carbendazim 50% WP
Ground Nuts,29.5,66.7,0.0,20.6,67.2,High,Leaf Miner,Chlorpyrifos 20% EC
Ground Nuts,33.7,89.3,17.4,16.8,53.2,Medium,Leaf Miner,Chlorpyrifos 20% EC
Millets,27.3,71.0,14.6,31.3,53.4,Medium,Shoot Fly,Thiamethoxam 30% FS
Cotton,24.8,74.0,110.0,39.0,40.2,Medium,Pink Bollworm,Emamectin Benzoate 5% SG
Paddy,35.0,69.3,0.0,58.0,6.3,Low,No Significant Pest,No Spray Needed (monitor only)
Paddy,26.4,66.3,49.3,83.7,26.0,Low,Stem Borer,Cartap Hydrochloride 4% G
Oil seeds,17.3,79.9,9.8,35.0,60.3,High,Mustard Aphid,Dimethoate 30% EC
Ground Nuts,29.6,52.0,12.0,40.6,19.1,Low,Leaf Miner,Chlorpyrifos 20% EC
Pulses,10.4,37.0,43.6,39.1,3.7,Low,No Significant Pest,No Spray Needed (monitor only)
Paddy,31.4,87.4,21.3,58.7,39.0,Medium,Stem Borer,Cartap Hydrochloride 4% G
Cotton,25.0,79.4,0.0,21.4,42.4,Medium,Jassid,Thiamethoxam 25% WG
Sugarcane,30.0,79.6,0.0,41.4,66.4,High,Early Shoot Borer,Chlorantraniliprole 18.5% SC
Barley,19.8,74.7,8.9,22.0,72.6,High,Aphid,Imidacloprid 17.8% SL
Millets,26.8,49.0,5.6,27.0,17.2,Low,Earhead Bug,Malathion 50% EC
Barley,8.3,44.9,20.7,33.6,7.5,Low,No Significant Pest,No Spray Needed (monitor only)
Barley,10.3,66.8,0.0,34.4,31.9,Medium,Aphid,Imidacloprid 17.8% SL
Barley,12.4,48.7,0.3,20.4,41.2,Medium,Aphid,Imidacloprid 17.8% SL
Millets,33.6,79.5,3.7,10.8,63.6,High,Earhead Bug,Malathion 50% EC
Maize,32.3,73.4,18.8,37.8,42.0,Medium,Fall Armyworm,Spinetoram 11.7% SC
Tobacco,16.3,61.8,0.0,42.3,22.4,Low,Aphid,Imidacloprid 17.8% SL
Ground Nuts,32.9,91.1,70.4,20.4,34.9,Medium,Leaf Miner,Chlorpyrifos 20% EC
Millets,24.5,77.7,9.2,29.7,43.6,Medium,Shoot Fly,Thiamethoxam 30% FS
Cotton,26.4,62.7,32.7,24.3,42.4,Medium,Jassid,Thiamethoxam 25% WG
Pulses,24.6,53.2,12.6,21.8,33.2,Medium,Pod Borer (Helicoverpa),Emamectin Benzoate 5% SG
Ground Nuts,33.8,78.4,0.0,13.7,57.3,Medium,Leaf Miner,Chlorpyrifos 20% EC
Pulses,15.6,73.8,60.0,27.5,23.8,Low,Aphid,Thiamethoxam 25% WG
Wheat,9.9,65.0,24.8,43.2,18.7,Low,Yellow Rust,Propiconazole 25% EC
Ground Nuts,33.8,70.1,0.0,22.6,42.6,Medium,Leaf Miner,Chlorpyrifos 20% EC
Maize,28.4,90.3,72.6,46.0,100.0,High,Fall Armyworm,Spinetoram 11.7% SC
Oil seeds,19.0,90.9,18.2,19.9,54.9,Medium,Mustard Aphid,Dimethoate 30% EC
Oil seeds,15.4,76.2,85.2,26.5,46.2,Medium,Mustard Aphid,Dimethoate 30% EC
Sugarcane,21.8,91.0,48.7,44.7,26.0,Low,Woolly Aphid,Imidacloprid 17.8% SL
Sugarcane,36.4,60.4,0.0,26.9,34.1,Medium,Early Shoot Borer,Chlorantraniliprole 18.5% SC
Cotton,36.2,70.5,59.9,28.8,21.7,Low,Whitefly,Diafenthiuron 50% WP
Oil seeds,16.0,79.1,0.0,25.2,81.0,High,Mustard Aphid,Dimethoate 30% EC
Tobacco,17.8,59.3,40.0,22.3,23.8,Low,Aphid,Imidacloprid 17.8% SL
Ground Nuts,28.4,70.5,0.0,22.1,62.7,High,Aphid,Imidacloprid 17.8% SL
Sugarcane,37.5,92.8,0.0,30.6,34.2,Medium,Early Shoot Borer,Chlorantraniliprole 18.5% SC
Pulses,20.0,37.1,0.0,38.3,9.8,Low,No Significant Pest,No Spray Needed (monitor only)
Ground Nuts,33.5,82.9,0.0,33.4,48.1,Medium,Leaf Miner,Chlorpyrifos 20% EC
Maize,30.4,80.2,0.0,38.5,44.5,Medium,Stem Borer,Chlorantraniliprole 18.5% SC
Maize,31.9,87.1,0.0,37.6,44.8,Medium,Stem Borer,Chlorantraniliprole 18.5% SC
Ground Nuts,28.2,88.7,39.8,35.8,70.6,High,Leaf Spot (Tikka),Hexaconazole 5% EC
Paddy,27.0,63.1,86.1,50.9,13.9,Low,No Significant Pest,No Spray Needed (monitor only)
Sugarcane,25.8,78.5,37.3,61.2,31.1,Medium,Woolly Aphid,Imidacloprid 17.8% SL
Oil seeds,31.1,87.3,2.9,37.9,38.6,Medium,Girdle Beetle,Lambda-cyhalothrin 5% EC
Tobacco,20.8,69.6,7.2,35.4,50.5,Medium,Aphid,Imidacloprid 17.8% SL
Oil seeds,17.3,57.2,35.1,32.2,33.9,Medium,Mustard Aphid,Dimethoate 30% EC
Barley,25.9,56.0,0.0,26.9,32.2,Medium,Aphid,Imidacloprid 17.8% SL
Oil seeds,12.5,91.1,0.0,39.0,40.4,Medium,Mustard Aphid,Dimethoate 30% EC
Millets,26.3,58.4,0.0,25.3,34.4,Medium,Earhead Bug,Malathion 50% EC
Barley,24.2,80.8,5.2,32.3,41.5,Medium,Aphid,Imidacloprid 17.8% SL
Paddy,30.6,76.1,0.0,57.2,26.4,Low,Stem Borer,Cartap Hydrochloride 4% G
Tobacco,13.4,84.9,1.6,42.8,13.1,Low,No Significant Pest,No Spray Needed (monitor only)
Pulses,32.2,38.8,0.0,37.2,2.8,Low,No Significant Pest,No Spray Needed (monitor only)
Barley,20.9,64.9,3.9,29.7,60.5,High,Aphid,Imidacloprid 17.8% SL
Ground Nuts,35.7,73.8,8.4,31.5,21.2,Low,Leaf Miner,Chlorpyrifos 20% EC
Tobacco,23.6,83.3,0.0,42.5,57.7,Medium,Aphid,Imidacloprid 17.8% SL
Maize,22.2,74.5,0.0,26.5,12.9,Low,No Significant Pest,No Spray Needed (monitor only)
Wheat,8.0,43.8,5.6,30.4,1.4,Low,No Significant Pest,No Spray Needed (monitor only)
Pulses,25.6,54.0,21.9,28.0,27.9,Low,Pod Borer (Helicoverpa),Emamectin Benzoate 5% SG
Barley,14.9,44.1,0.0,24.9,32.0,Medium,Aphid,Imidacloprid 17.8% SL
Millets,29.3,80.1,0.0,20.2,71.2,High,Earhead Bug,Malathion 50% EC
Cotton,24.1,86.6,69.5,38.0,36.0,Medium,Pink Bollworm,Emamectin Benzoate 5% SG
Millets,36.3,83.1,11.9,30.8,13.7,Low,No Significant Pest,No Spray Needed (monitor only)
Pulses,17.0,52.3,0.0,20.7,41.5,Medium,Aphid,Thiamethoxam 25% WG
Millets,27.3,71.9,0.0,15.7,68.7,High,Earhead Bug,Malathion 50% EC
Maize,30.2,81.4,2.7,32.6,45.0,Medium,Fall Armyworm,Spinetoram 11.7% SC
Sugarcane,29.7,91.7,112.8,47.3,49.7,Medium,Red Rot,Carbendazim 50% WP
Maize,31.7,61.0,44.3,36.1,32.5,Medium,Fall Armyworm,Spinetoram 11.7% SC
Barley,21.4,69.1,0.0,26.9,65.7,High,Aphid,Imidacloprid 17.8% SL
Maize,29.7,57.4,0.0,34.0,20.4,Low,Fall Armyworm,Spinetoram 11.7% SC
Sugarcane,33.0,67.2,4.8,39.5,66.3,High,Early Shoot Borer,Chlorantraniliprole 18.5% SC
Pulses,24.8,59.7,30.5,28.8,47.6,Medium,Wilt,Carbendazim 50% WP
Barley,22.3,73.3,19.2,21.6,41.6,Medium,Aphid,Imidacloprid 17.8% SL
Cotton,37.5,81.0,25.5,46.5,13.5,Low,No Significant Pest,No Spray Needed (monitor only)
Wheat,9.3,85.8,17.1,32.4,34.6,Medium,Yellow Rust,Propiconazole 25% EC
Wheat,14.7,43.0,3.5,36.0,25.6,Low,Aphid,Imidacloprid 17.8% SL
Cotton,35.0,60.1,0.0,31.0,39.9,Medium,Whitefly,Diafenthiuron 50% WP
Barley,12.8,41.4,0.0,20.0,18.5,Low,Aphid,Imidacloprid 17.8% SL
Tobacco,25.5,45.5,15.5,31.6,11.3,Low,No Significant Pest,No Spray Needed (monitor only)
Paddy,31.3,67.1,150.0,91.2,38.3,Medium,Stem Borer,Cartap Hydrochloride 4% G
Wheat,26.5,73.4,0.0,40.2,55.2,Medium,Termite,Chlorpyrifos 20% EC
Maize,25.8,82.7,40.6,50.2,56.0,Medium,Fall Armyworm,Spinetoram 11.7% SC
Oil seeds,26.2,69.5,25.2,17.9,18.6,Low,Girdle Beetle,Lambda-cyhalothrin 5% EC
Sugarcane,34.8,79.1,0.0,61.6,45.4,Medium,Early Shoot Borer,Chlorantraniliprole 18.5% SC
Oil seeds,20.3,56.4,0.0,44.3,38.7,Medium,Mustard Aphid,Dimethoate 30% EC
Tobacco,13.3,55.4,35.2,44.3,3.1,Low,No Significant Pest,No Spray Needed (monitor only)
Tobacco,21.7,76.0,5.9,42.3,48.4,Medium,Aphid,Imidacloprid 17.8% SL
Barley,8.3,69.3,6.5,17.5,23.0,Low,Aphid,Imidacloprid 17.8% SL
Sugarcane,37.2,76.5,6.3,54.4,25.4,Low,Early Shoot Borer,Chlorantraniliprole 18.5% SC
Oil seeds,28.2,70.6,0.0,40.4,29.7,Low,Girdle Beetle,Lambda-cyhalothrin 5% EC
Cotton,36.3,70.1,15.3,33.0,25.9,Low,Whitefly,Diafenthiuron 50% WP
Sugarcane,30.3,59.0,4.1,65.3,35.2,Medium,Early Shoot Borer,Chlorantraniliprole 18.5% SC
Millets,34.3,47.3,90.0,39.2,7.8,Low,No Significant Pest,No Spray Needed (monitor only)
Paddy,31.3,88.9,0.0,59.8,39.7,Medium,Stem Borer,Cartap Hydrochloride 4% G
Pulses,26.2,43.5,0.0,38.2,11.1,Low,No Significant Pest,No Spray Needed (monitor only)
Maize,26.3,70.3,1.0,37.9,33.3,Medium,Fall Armyworm,Spinetoram 11.7% SC
Maize,27.2,91.2,0.0,34.8,49.2,Medium,Fall Armyworm,Spinetoram 11.7% SC
Cotton,35.1,56.3,3.5,23.9,38.7,Medium,Whitefly,Diafenthiuron 50% WP
Ground Nuts,28.6,50.3,38.3,19.0,19.3,Low,Leaf Miner,Chlorpyrifos 20% EC
Tobacco,21.7,61.2,25.2,23.8,34.2,Medium,Aphid,Imidacloprid 17.8% SL
Pulses,29.4,47.7,0.0,38.8,10.3,Low,No Significant Pest,No Spray Needed (monitor only)
Ground Nuts,34.2,56.1,10.5,35.9,18.2,Low,Leaf Miner,Chlorpyrifos 20% EC
Tobacco,16.6,42.3,10.5,36.6,1.5,Low,No Significant Pest,No Spray Needed (monitor only)
Paddy,25.3,93.6,0.0,52.4,29.6,Low,Blast,Tricyclazole 75% WP
Ground Nuts,27.4,80.0,28.7,40.6,49.9,Medium,Leaf Spot (Tikka),Hexaconazole 5% EC
Barley,10.5,49.6,0.2,20.9,24.1,Low,Aphid,Imidacloprid 17.8% SL
Ground Nuts,31.6,59.1,0.0,16.4,52.8,Medium,Leaf Miner,Chlorpyrifos 20% EC
Tobacco,16.4,83.8,30.0,22.7,24.9,Low,Aphid,Imidacloprid 17.8% SL
Paddy,33.7,74.3,0.0,67.2,18.3,Low,Stem Borer,Cartap Hydrochloride 4% G
Tobacco,18.8,85.3,0.0,36.9,52.8,Medium,Aphid,Imidacloprid 17.8% SL
Cotton,26.6,53.3,0.0,39.9,23.4,Low,Whitefly,Diafenthiuron 50% WP
Paddy,35.4,94.0,0.0,49.3,13.9,Low,No Significant Pest,No Spray Needed (monitor only)
Sugarcane,20.6,82.0,18.3,49.9,5.5,Low,No Significant Pest,No Spray Needed (monitor only)
Millets,30.1,85.8,86.2,33.3,89.5,High,Shoot Fly,Thiamethoxam 30% FS
Pulses,16.3,79.5,1.1,24.4,62.9,High,Aphid,Thiamethoxam 25% WG
Barley,15.9,77.6,8.2,38.5,56.7,Medium,Aphid,Imidacloprid 17.8% SL
Pulses,27.0,58.6,16.3,36.6,32.5,Medium,Wilt,Carbendazim 50% WP
Ground Nuts,34.5,50.6,0.0,13.9,15.5,Low,Leaf Miner,Chlorpyrifos 20% EC
Tobacco,22.7,56.6,10.6,35.3,31.7,Medium,Aphid,Imidacloprid 17.8% SL
Cotton,28.4,87.6,13.1,18.1,94.1,High,Jassid,Thiamethoxam 25% WG
Maize,28.2,68.5,1.6,21.2,23.5,Low,Fall Armyworm,Spinetoram 11.7% SC
Barley,19.8,64.1,11.9,39.2,42.2,Medium,Aphid,Imidacloprid 17.8% SL
Ground Nuts,31.2,50.7,75.4,29.3,15.2,Low,Leaf Miner,Chlorpyrifos 20% EC
Paddy,22.9,65.3,77.6,52.9,8.1,Low,No Significant Pest,No Spray Needed (monitor only)
Tobacco,15.7,65.9,0.0,22.3,35.3,Medium,Aphid,Imidacloprid 17.8% SL
Wheat,15.6,68.4,5.0,24.6,70.4,High,Aphid,Imidacloprid 17.8% SL
Tobacco,29.7,79.1,25.6,45.8,81.7,High,Spodoptera Caterpillar,Emamectin Benzoate 5% SG
Tobacco,23.5,87.3,0.0,42.4,58.1,Medium,Aphid,Imidacloprid 17.8% SL
Maize,34.8,87.0,15.5,25.9,20.9,Low,Stem Borer,Chlorantraniliprole 18.5% SC
Cotton,25.5,48.7,0.0,22.9,16.9,Low,Whitefly,Diafenthiuron 50% WP
Ground Nuts,26.1,83.6,0.0,36.6,54.6,Medium,Aphid,Imidacloprid 17.8% SL
Oil seeds,22.3,65.9,25.4,30.6,24.2,Low,Mustard Aphid,Dimethoate 30% EC
Pulses,32.7,68.2,40.5,18.6,15.5,Low,Pod Borer (Helicoverpa),Emamectin Benzoate 5% SG
Barley,8.4,49.4,0.4,19.9,21.2,Low,Aphid,Imidacloprid 17.8% SL
Maize,32.0,78.0,18.8,25.0,32.6,Medium,Stem Borer,Chlorantraniliprole 18.5% SC
Ground Nuts,26.0,61.5,25.5,19.5,42.8,Medium,Aphid,Imidacloprid 17.8% SL
Cotton,27.3,65.4,0.0,28.1,49.5,Medium,Jassid,Thiamethoxam 25% WG
Sugarcane,23.2,68.5,15.4,64.8,6.9,Low,No Significant Pest,No Spray Needed (monitor only)
Pulses,30.9,74.2,0.0,31.9,43.4,Medium,Pod Borer (Helicoverpa),Emamectin Benzoate 5% SG
Maize,31.3,86.9,114.1,37.0,77.5,High,Stem Borer,Chlorantraniliprole 18.5% SC
Pulses,25.9,35.9,0.0,16.8,8.9,Low,No Significant Pest,No Spray Needed (monitor only)
Barley,27.1,63.0,0.0,25.6,26.2,Low,Aphid,Imidacloprid 17.8% SL
Cotton,29.4,62.1,0.0,37.2,52.2,Medium,Whitefly,Diafenthiuron 50% WP
Paddy,31.9,74.3,0.0,75.6,26.9,Low,Stem Borer,Cartap Hydrochloride 4% G
Cotton,34.3,56.5,78.2,47.5,17.7,Low,Whitefly,Diafenthiuron 50% WP
Cotton,34.5,53.6,0.0,41.6,26.9,Low,Whitefly,Diafenthiuron 50% WP
Wheat,8.8,56.1,25.4,41.8,6.9,Low,No Significant Pest,No Spray Needed (monitor only)
Maize,30.6,70.7,0.0,43.2,41.5,Medium,Fall Armyworm,Spinetoram 11.7% SC
Wheat,17.6,74.6,0.6,36.8,65.0,High,Aphid,Imidacloprid 17.8% SL
Paddy,29.6,70.5,77.4,50.0,33.1,Medium,Stem Borer,Cartap Hydrochloride 4% G
Wheat,20.1,68.8,3.8,36.1,51.8,Medium,Aphid,Imidacloprid 17.8% SL
Oil seeds,12.0,72.2,0.0,42.9,30.8,Medium,Mustard Aphid,Dimethoate 30% EC
Oil seeds,21.3,62.3,0.0,23.4,66.3,High,Mustard Aphid,Dimethoate 30% EC
Sugarcane,30.6,85.0,0.0,27.8,84.5,High,Early Shoot Borer,Chlorantraniliprole 18.5% SC
Cotton,37.5,87.5,4.5,22.9,23.5,Low,Whitefly,Diafenthiuron 50% WP
Cotton,26.3,58.4,16.6,26.7,30.5,Medium,Jassid,Thiamethoxam 25% WG
Cotton,32.9,50.0,13.4,43.2,26.5,Low,Whitefly,Diafenthiuron 50% WP
Barley,12.4,69.1,0.0,19.7,59.0,Medium,Aphid,Imidacloprid 17.8% SL
Cotton,31.4,72.1,0.0,44.5,56.9,Medium,Whitefly,Diafenthiuron 50% WP
Cotton,26.3,83.7,91.5,37.1,64.0,High,Pink Bollworm,Emamectin Benzoate 5% SG
Pulses,20.4,48.2,30.9,39.1,20.7,Low,Wilt,Carbendazim 50% WP
Tobacco,18.1,86.2,0.4,18.6,75.8,High,Aphid,Imidacloprid 17.8% SL
Ground Nuts,33.0,91.9,0.0,15.2,78.8,High,Leaf Miner,Chlorpyrifos 20% EC
Cotton,30.8,87.8,65.9,25.8,57.4,Medium,Pink Bollworm,Emamectin Benzoate 5% SG
Pulses,27.3,80.8,17.4,18.2,68.0,High,Pod Borer (Helicoverpa),Emamectin Benzoate 5% SG
Tobacco,30.7,76.7,0.4,34.9,33.8,Medium,Spodoptera Caterpillar,Emamectin Benzoate 5% SG
Maize,23.0,78.8,0.0,22.9,20.3,Low,Turcicum Leaf Blight,Mancozeb 75% WP
Tobacco,28.5,65.2,3.0,39.7,32.6,Medium,Spodoptera Caterpillar,Emamectin Benzoate 5% SG
Barley,22.1,81.4,0.4,39.6,51.9,Medium,Aphid,Imidacloprid 17.8% SL
Sugarcane,26.9,76.9,0.2,28.8,35.6,Medium,Early Shoot Borer,Chlorantraniliprole 18.5% SC
Cotton,35.9,50.1,31.2,36.3,17.0,Low,Whitefly,Diafenthiuron 50% WP
Tobacco,26.5,50.7,1.3,25.5,17.2,Low,Aphid,Imidacloprid 17.8% SL
Pulses,24.7,54.8,0.0,25.1,41.8,Medium,Pod Borer (Helicoverpa),Emamectin Benzoate 5% SG
Maize,29.7,61.0,0.0,27.2,23.5,Low,Fall Armyworm,Spinetoram 11.7% SC
Barley,17.4,41.4,0.0,38.3,20.5,Low,Aphid,Imidacloprid 17.8% SL
Sugarcane,25.2,84.5,23.7,43.3,32.3,Medium,Woolly Aphid,Imidacloprid 17.8% SL
Oil seeds,12.2,72.1,1.8,41.8,33.5,Medium,Mustard Aphid,Dimethoate 30% EC
Cotton,36.1,71.7,0.0,16.1,42.0,Medium,Whitefly,Diafenthiuron 50% WP
Sugarcane,37.2,86.7,1.5,56.0,21.1,Low,Early Shoot Borer,Chlorantraniliprole 18.5% SC
Pulses,17.9,70.0,2.0,18.1,68.5,High,Aphid,Thiamethoxam 25% WG
Ground Nuts,30.6,68.5,26.3,21.3,69.2,High,Leaf Miner,Chlorpyrifos 20% EC
Wheat,25.5,51.4,8.1,45.2,41.0,Medium,Termite,Chlorpyrifos 20% EC
Tobacco,26.7,75.0,5.0,38.8,46.2,Medium,Spodoptera Caterpillar,Emamectin Benzoate 5% SG
Sugarcane,25.2,94.5,26.9,28.4,34.0,Medium,Woolly Aphid,Imidacloprid 17.8% SL
Cotton,36.2,88.8,0.0,39.1,28.5,Low,Whitefly,Diafenthiuron 50% WP
Cotton,31.6,79.7,0.0,29.1,83.0,High,Whitefly,Diafenthiuron 50% WP
Maize,25.4,73.6,120.0,46.8,69.4,High,Fall Armyworm,Spinetoram 11.7% SC
Oil seeds,30.7,61.4,0.0,32.2,9.7,Low,No Significant Pest,No Spray Needed (monitor only)
Wheat,21.0,46.9,6.0,28.8,50.0,Medium,Termite,Chlorpyrifos 20% EC
Pulses,25.3,75.5,1.0,36.8,71.2,High,Pod Borer (Helicoverpa),Emamectin Benzoate 5% SG
Tobacco,19.6,47.7,15.9,43.7,9.8,Low,No Significant Pest,No Spray Needed (monitor only)
Cotton,26.1,63.0,0.0,44.3,28.4,Low,Jassid,Thiamethoxam 25% WG
Barley,11.3,71.9,8.2,22.7,40.0,Medium,Aphid,Imidacloprid 17.8% SL
Pulses,16.8,69.2,0.0,24.0,69.3,High,Aphid,Thiamethoxam 25% WG
Maize,34.3,70.3,76.0,52.1,34.2,Medium,Stem Borer,Chlorantraniliprole 18.5% SC
Paddy,32.4,72.6,46.0,56.4,24.1,Low,Stem Borer,Cartap Hydrochloride 4% G
Pulses,27.4,76.2,8.7,27.3,64.2,High,Pod Borer (Helicoverpa),Emamectin Benzoate 5% SG
Ground Nuts,24.1,63.2,1.0,25.0,44.0,Medium,Aphid,Imidacloprid 17.8% SL
Sugarcane,25.8,88.4,0.0,56.8,40.3,Medium,Woolly Aphid,Imidacloprid 17.8% SL
Paddy,23.9,73.1,84.8,74.0,25.8,Low,Stem Borer,Cartap Hydrochloride 4% G
Millets,24.8,40.4,67.4,15.4,6.8,Low,No Significant Pest,No Spray Needed (monitor only)
Pulses,30.9,60.8,0.0,16.6,42.0,Medium,Pod Borer (Helicoverpa),Emamectin Benzoate 5% SG
Paddy,28.4,70.3,83.2,55.9,33.7,Medium,Stem Borer,Cartap Hydrochloride 4% G
Cotton,33.7,87.9,1.3,16.9,78.3,High,Whitefly,Diafenthiuron 50% WP
Oil seeds,15.4,74.1,30.8,46.3,26.5,Low,Mustard Aphid,Dimethoate 30% EC
Maize,27.1,86.8,120.0,38.8,91.8,High,Fall Armyworm,Spinetoram 11.7% SC
Barley,19.6,82.3,25.0,26.5,35.2,Medium,Aphid,Imidacloprid 17.8% SL
Paddy,22.1,67.9,31.0,65.6,3.1,Low,No Significant Pest,No Spray Needed (monitor only)
Tobacco,12.1,61.7,1.6,20.5,5.6,Low,No Significant Pest,No Spray Needed (monitor only)
Tobacco,24.9,48.0,0.0,31.8,20.3,Low,Aphid,Imidacloprid 17.8% SL
Oil seeds,24.2,91.1,18.3,41.3,51.2,Medium,Alternaria Blight,Mancozeb 75% WP
Millets,25.0,63.5,0.0,32.9,33.6,Medium,Shoot Fly,Thiamethoxam 30% FS
Millets,27.6,63.8,35.3,14.5,45.0,Medium,Earhead Bug,Malathion 50% EC
Paddy,34.5,89.3,0.0,69.6,22.5,Low,Stem Borer,Cartap Hydrochloride 4% G
Wheat,9.1,59.3,30.0,43.5,2.8,Low,No Significant Pest,No Spray Needed (monitor only)
Oil seeds,28.4,64.3,5.9,29.5,14.7,Low,No Significant Pest,No Spray Needed (monitor only)
Maize,35.1,85.0,0.0,27.8,16.3,Low,Stem Borer,Chlorantraniliprole 18.5% SC
Tobacco,25.8,64.1,11.1,20.8,39.9,Medium,Aphid,Imidacloprid 17.8% SL
Paddy,35.0,77.7,0.0,42.6,8.8,Low,No Significant Pest,No Spray Needed (monitor only)
Oil seeds,25.6,41.2,31.6,41.1,2.0,Low,No Significant Pest,No Spray Needed (monitor only)
Barley,23.1,84.5,0.0,37.0,44.9,Medium,Aphid,Imidacloprid 17.8% SL
Cotton,28.5,88.2,0.0,38.0,59.0,Medium,Jassid,Thiamethoxam 25% WG
Oil seeds,31.6,49.0,49.3,45.1,0.3,Low,No Significant Pest,No Spray Needed (monitor only)
Tobacco,16.7,61.3,15.0,31.7,19.4,Low,Aphid,Imidacloprid 17.8% SL
Barley,27.4,39.1,6.3,27.0,8.6,Low,No Significant Pest,No Spray Needed (monitor only)
Barley,12.3,63.8,3.6,16.9,55.6,Medium,Aphid,Imidacloprid 17.8% SL
Oil seeds,33.0,51.1,34.6,25.8,1.2,Low,No Significant Pest,No Spray Needed (monitor only)
Ground Nuts,35.4,82.1,0.0,15.7,36.8,Medium,Leaf Miner,Chlorpyrifos 20% EC
Ground Nuts,27.2,72.2,91.4,36.9,37.0,Medium,Leaf Spot (Tikka),Hexaconazole 5% EC
Pulses,16.8,63.3,15.5,17.9,46.2,Medium,Aphid,Thiamethoxam 25% WG
Cotton,26.6,69.7,0.0,18.5,62.7,High,Jassid,Thiamethoxam 25% WG
Barley,20.7,65.5,1.0,22.0,72.7,High,Aphid,Imidacloprid 17.8% SL
Cotton,32.1,86.7,0.0,41.5,62.4,High,Whitefly,Diafenthiuron 50% WP
Barley,17.3,64.6,0.0,15.1,87.8,High,Aphid,Imidacloprid 17.8% SL
Barley,17.2,83.7,0.0,39.8,66.7,High,Aphid,Imidacloprid 17.8% SL
Paddy,25.1,73.5,0.0,46.2,16.3,Low,Stem Borer,Cartap Hydrochloride 4% G
Ground Nuts,26.1,84.0,9.6,14.6,86.9,High,Aphid,Imidacloprid 17.8% SL
Maize,31.2,83.9,41.1,29.2,50.0,Medium,Fall Armyworm,Spinetoram 11.7% SC
Millets,33.1,87.3,38.5,21.6,31.1,Medium,Shoot Fly,Thiamethoxam 30% FS
Maize,25.3,63.2,41.8,24.8,21.1,Low,Fall Armyworm,Spinetoram 11.7% SC
Ground Nuts,28.3,68.3,5.0,17.0,68.3,High,Leaf Miner,Chlorpyrifos 20% EC
Cotton,25.0,83.8,24.3,28.3,31.7,Medium,Jassid,Thiamethoxam 25% WG
Ground Nuts,33.1,51.4,0.0,37.0,16.8,Low,Leaf Miner,Chlorpyrifos 20% EC
Millets,33.8,72.0,10.3,28.0,40.4,Medium,Earhead Bug,Malathion 50% EC
Tobacco,15.4,46.9,8.6,41.4,6.3,Low,No Significant Pest,No Spray Needed (monitor only)
Barley,15.5,78.2,3.8,31.6,63.8,High,Aphid,Imidacloprid 17.8% SL
Wheat,17.9,87.3,17.5,43.1,39.8,Medium,Aphid,Imidacloprid 17.8% SL
Sugarcane,36.8,82.1,32.8,38.0,35.5,Medium,Early Shoot Borer,Chlorantraniliprole 18.5% SC
Barley,9.5,51.2,2.1,18.1,24.1,Low,Aphid,Imidacloprid 17.8% SL
Ground Nuts,35.3,86.7,39.3,39.0,16.6,Low,Leaf Miner,Chlorpyrifos 20% EC
Tobacco,20.2,47.4,12.5,23.2,18.3,Low,Aphid,Imidacloprid 17.8% SL
Barley,21.1,73.9,0.0,40.0,61.8,High,Aphid,Imidacloprid 17.8% SL
Maize,27.5,57.0,45.3,49.1,34.5,Medium,Fall Armyworm,Spinetoram 11.7% SC
Ground Nuts,28.9,70.9,45.9,29.5,31.7,Medium,Aphid,Imidacloprid 17.8% SL
Barley,26.1,64.1,19.8,33.9,15.9,Low,Aphid,Imidacloprid 17.8% SL
Barley,13.3,73.4,0.0,21.0,75.0,High,Aphid,Imidacloprid 17.8% SL
Cotton,27.0,63.0,3.6,25.5,50.2,Medium,Jassid,Thiamethoxam 25% WG
Ground Nuts,28.9,55.1,0.0,16.1,46.0,Medium,Leaf Miner,Chlorpyrifos 20% EC
Wheat,8.4,81.2,9.5,27.2,11.1,Low,No Significant Pest,No Spray Needed (monitor only)
Wheat,10.8,72.3,0.0,40.0,24.7,Low,Aphid,Imidacloprid 17.8% SL
Tobacco,18.6,43.8,6.7,39.8,6.6,Low,No Significant Pest,No Spray Needed (monitor only)
Tobacco,25.8,84.4,15.5,35.9,66.9,High,Spodoptera Caterpillar,Emamectin Benzoate 5% SG
Tobacco,25.5,57.7,18.6,28.9,26.8,Low,Aphid,Imidacloprid 17.8% SL
Oil seeds,30.0,62.3,55.8,40.7,17.7,Low,Girdle Beetle,Lambda-cyhalothrin 5% EC
Oil seeds,16.8,41.7,5.4,42.4,6.4,Low,No Significant Pest,No Spray Needed (monitor only)
Oil seeds,16.4,60.8,3.9,25.0,68.7,High,Mustard Aphid,Dimethoate 30% EC
Tobacco,19.3,41.1,0.0,22.4,9.7,Low,No Significant Pest,No Spray Needed (monitor only)
Oil seeds,15.5,77.5,0.0,28.4,64.9,High,Mustard Aphid,Dimethoate 30% EC
Cotton,35.5,50.7,17.7,43.3,15.2,Low,Whitefly,Diafenthiuron 50% WP
Wheat,9.9,67.7,0.0,44.6,13.4,Low,No Significant Pest,No Spray Needed (monitor only)
Wheat,13.9,69.2,22.6,42.7,38.4,Medium,Yellow Rust,Propiconazole 25% EC
Tobacco,25.8,60.3,0.0,29.0,39.2,Medium,Aphid,Imidacloprid 17.8% SL
Maize,32.0,74.9,0.0,18.8,29.9,Low,Fall Armyworm,Spinetoram 11.7% SC
Wheat,10.2,43.8,10.5,34.0,10.7,Low,No Significant Pest,No Spray Needed (monitor only)
Tobacco,14.2,56.5,0.0,41.0,10.6,Low,No Significant Pest,No Spray Needed (monitor only)
Paddy,27.4,64.5,0.0,69.1,17.8,Low,Stem Borer,Cartap Hydrochloride 4% G
Oil seeds,15.8,70.5,0.2,27.5,72.4,High,Mustard Aphid,Dimethoate 30% EC
Wheat,24.2,43.3,12.3,39.9,34.4,Medium,Termite,Chlorpyrifos 20% EC
Wheat,19.6,66.6,0.0,35.5,71.0,High,Aphid,Imidacloprid 17.8% SL
Pulses,13.6,36.1,1.5,33.5,2.6,Low,No Significant Pest,No Spray Needed (monitor only)
Pulses,29.1,35.6,44.7,38.0,1.2,Low,No Significant Pest,No Spray Needed (monitor only)
Millets,35.1,60.4,0.0,21.7,30.6,Medium,Earhead Bug,Malathion 50% EC
Millets,31.5,78.2,0.0,29.6,58.9,Medium,Earhead Bug,Malathion 50% EC
Barley,26.2,81.8,8.1,35.6,18.7,Low,Aphid,Imidacloprid 17.8% SL
Millets,28.4,73.5,64.5,37.1,93.7,High,Shoot Fly,Thiamethoxam 30% FS
Paddy,31.9,83.2,30.1,39.6,25.0,Low,Stem Borer,Cartap Hydrochloride 4% G
Ground Nuts,35.8,54.3,0.0,34.7,12.9,Low,No Significant Pest,No Spray Needed (monitor only)
Pulses,30.6,45.5,11.8,30.5,6.9,Low,No Significant Pest,No Spray Needed (monitor only)
Millets,36.8,45.6,78.3,17.1,1.7,Low,No Significant Pest,No Spray Needed (monitor only)
Tobacco,25.3,75.6,1.5,43.7,44.7,Medium,Aphid,Imidacloprid 17.8% SL
Barley,20.3,57.8,7.5,34.6,46.9,Medium,Aphid,Imidacloprid 17.8% SL
Oil seeds,13.7,69.3,77.6,42.8,21.5,Low,Mustard Aphid,Dimethoate 30% EC
Pulses,33.6,36.7,1.5,20.8,1.7,Low,No Significant Pest,No Spray Needed (monitor only)
Wheat,27.7,66.3,30.0,21.7,42.4,Medium,Termite,Chlorpyrifos 20% EC
Paddy,34.7,81.6,122.0,58.5,31.9,Medium,Stem Borer,Cartap Hydrochloride 4% G
Cotton,30.4,46.8,0.0,15.1,38.0,Medium,Whitefly,Diafenthiuron 50% WP
Maize,35.3,83.2,30.1,52.3,28.7,Low,Stem Borer,Chlorantraniliprole 18.5% SC
Maize,34.0,84.0,31.5,34.8,37.0,Medium,Stem Borer,Chlorantraniliprole 18.5% SC
Pulses,31.4,60.0,0.0,31.7,29.7,Low,Pod Borer (Helicoverpa),Emamectin Benzoate 5% SG
Pulses,24.1,56.2,12.4,39.4,39.6,Medium,Wilt,Carbendazim 50% WP
Barley,11.2,53.1,0.8,30.3,29.3,Low,Aphid,Imidacloprid 17.8% SL
Millets,30.3,85.7,51.2,32.7,76.3,High,Shoot Fly,Thiamethoxam 30% FS
Wheat,18.9,65.3,5.1,24.1,82.8,High,Aphid,Imidacloprid 17.8% SL
Cotton,28.6,56.9,0.0,33.4,40.0,Medium,Whitefly,Diafenthiuron 50% WP
Ground Nuts,24.6,57.2,20.3,14.9,31.9,Medium,Aphid,Imidacloprid 17.8% SL
Millets,25.0,59.7,34.6,31.8,41.3,Medium,Shoot Fly,Thiamethoxam 30% FS
Pulses,27.4,77.8,0.0,17.0,94.2,High,Pod Borer (Helicoverpa),Emamectin Benzoate 5% SG
Tobacco,25.7,69.3,0.0,24.1,57.2,Medium,Aphid,Imidacloprid 17.8% SL
Pulses,26.3,83.6,8.6,23.5,69.7,High,Pod Borer (Helicoverpa),Emamectin Benzoate 5% SG
Sugarcane,32.9,74.0,0.0,47.0,69.7,High,Early Shoot Borer,Chlorantraniliprole 18.5% SC
Paddy,23.9,76.6,37.6,72.9,18.3,Low,Stem Borer,Cartap Hydrochloride 4% G
Barley,8.4,79.8,0.0,20.9,22.9,Low,Aphid,Imidacloprid 17.8% SL
Maize,33.9,81.7,0.0,42.2,30.9,Medium,Stem Borer,Chlorantraniliprole 18.5% SC
Oil seeds,26.6,77.9,0.0,30.3,34.6,Medium,Girdle Beetle,Lambda-cyhalothrin 5% EC
Tobacco,16.4,48.0,0.0,31.2,12.9,Low,No Significant Pest,No Spray Needed (monitor only)
Ground Nuts,33.2,66.1,17.9,28.2,36.3,Medium,Leaf Miner,Chlorpyrifos 20% EC
Millets,24.7,74.1,43.9,37.3,57.4,Medium,Shoot Fly,Thiamethoxam 30% FS
Sugarcane,22.7,60.9,67.0,32.1,0.2,Low,No Significant Pest,No Spray Needed (monitor only)
Maize,35.2,83.1,17.0,32.9,13.3,Low,No Significant Pest,No Spray Needed (monitor only)
Oil seeds,19.6,45.2,47.3,43.9,9.5,Low,No Significant Pest,No Spray Needed (monitor only)
Sugarcane,34.8,76.4,120.0,44.5,29.3,Low,Early Shoot Borer,Chlorantraniliprole 18.5% SC
Cotton,34.1,83.7,37.7,44.6,36.4,Medium,Whitefly,Diafenthiuron 50% WP
Ground Nuts,36.0,64.3,0.0,39.7,14.8,Low,No Significant Pest,No Spray Needed (monitor only)
Sugarcane,21.4,60.7,0.0,41.8,3.7,Low,No Significant Pest,No Spray Needed (monitor only)
Paddy,26.1,79.1,0.0,63.8,27.9,Low,Stem Borer,Cartap Hydrochloride 4% G
Paddy,34.2,89.0,0.0,51.8,11.7,Low,No Significant Pest,No Spray Needed (monitor only)
Millets,34.2,85.3,83.6,37.3,30.3,Medium,Shoot Fly,Thiamethoxam 30% FS
Wheat,23.8,46.6,0.0,27.4,57.2,Medium,Termite,Chlorpyrifos 20% EC
Cotton,26.2,86.1,0.1,20.7,66.7,High,Jassid,Thiamethoxam 25% WG
Sugarcane,24.8,56.5,40.4,37.4,9.0,Low,No Significant Pest,No Spray Needed (monitor only)
Tobacco,12.6,67.0,5.2,42.3,11.0,Low,No Significant Pest,No Spray Needed (monitor only)
Oil seeds,31.2,51.4,58.4,32.9,3.2,Low,No Significant Pest,No Spray Needed (monitor only)
Barley,24.4,79.2,2.1,28.0,41.3,Medium,Aphid,Imidacloprid 17.8% SL
Tobacco,30.2,59.1,0.0,36.4,17.0,Low,Spodoptera Caterpillar,Emamectin Benzoate 5% SG
Wheat,17.3,83.3,0.0,43.6,65.0,High,Aphid,Imidacloprid 17.8% SL
Tobacco,28.9,79.0,2.1,18.2,33.6,Medium,Spodoptera Caterpillar,Emamectin Benzoate 5% SG
Oil seeds,17.6,53.5,16.6,42.2,26.8,Low,Mustard Aphid,Dimethoate 30% EC
Maize,22.8,67.7,0.0,23.4,10.4,Low,No Significant Pest,No Spray Needed (monitor only)
Wheat,10.5,76.3,2.1,18.8,28.7,Low,Aphid,Imidacloprid 17.8% SL
Paddy,24.6,76.9,104.5,67.5,38.4,Medium,Stem Borer,Cartap Hydrochloride 4% G
Maize,24.5,85.7,35.9,24.6,33.9,Medium,Turcicum Leaf Blight,Mancozeb 75% WP
Barley,13.3,74.5,0.0,18.4,71.8,High,Aphid,Imidacloprid 17.8% SL
Sugarcane,20.3,83.2,45.4,66.8,14.7,Low,No Significant Pest,No Spray Needed (monitor only)
Ground Nuts,24.3,51.0,72.7,22.1,5.4,Low,No Significant Pest,No Spray Needed (monitor only)
Cotton,31.5,82.1,12.2,31.8,63.7,High,Jassid,Thiamethoxam 25% WG
Oil seeds,29.4,66.7,0.0,35.8,17.4,Low,Girdle Beetle,Lambda-cyhalothrin 5% EC
Sugarcane,30.9,73.3,0.0,38.9,79.5,High,Early Shoot Borer,Chlorantraniliprole 18.5% SC
Paddy,23.5,78.6,8.0,48.4,12.1,Low,No Significant Pest,No Spray Needed (monitor only)
Paddy,34.9,80.5,0.0,55.0,14.0,Low,No Significant Pest,No Spray Needed (monitor only)
Millets,26.9,70.6,10.9,18.2,55.8,Medium,Earhead Bug,Malathion 50% EC
Pulses,11.7,69.3,0.0,15.2,26.8,Low,Aphid,Thiamethoxam 25% WG
Oil seeds,33.4,57.4,0.0,15.1,1.8,Low,No Significant Pest,No Spray Needed (monitor only)
Tobacco,16.0,74.3,4.5,24.3,33.6,Medium,Aphid,Imidacloprid 17.8% SL
Wheat,18.9,41.3,0.0,18.1,40.2,Medium,Termite,Chlorpyrifos 20% EC
Ground Nuts,28.9,80.0,0.7,28.5,66.4,High,Leaf Miner,Chlorpyrifos 20% EC
Pulses,15.2,50.8,27.1,35.1,15.8,Low,Aphid,Thiamethoxam 25% WG
Paddy,28.6,83.7,4.0,71.2,53.9,Medium,Stem Borer,Cartap Hydrochloride 4% G
Oil seeds,19.2,81.5,1.6,29.9,77.6,High,Mustard Aphid,Dimethoate 30% EC
Pulses,20.6,50.1,0.0,32.6,38.6,Medium,Aphid,Thiamethoxam 25% WG
Tobacco,25.5,51.0,26.2,40.2,7.5,Low,No Significant Pest,No Spray Needed (monitor only)
Sugarcane,30.6,70.1,0.0,53.6,45.1,Medium,Early Shoot Borer,Chlorantraniliprole 18.5% SC
Maize,25.8,69.8,30.6,30.4,39.9,Medium,Fall Armyworm,Spinetoram 11.7% SC
Oil seeds,19.1,59.9,11.7,35.6,38.8,Medium,Mustard Aphid,Dimethoate 30% EC
Millets,32.7,41.7,12.7,32.3,13.2,Low,No Significant Pest,No Spray Needed (monitor only)
Pulses,27.2,52.1,6.4,28.8,27.7,Low,Pod Borer (Helicoverpa),Emamectin Benzoate 5% SG
Maize,26.2,53.7,0.0,42.5,10.0,Low,No Significant Pest,No Spray Needed (monitor only)
Maize,31.5,64.9,0.0,32.4,30.5,Medium,Fall Armyworm,Spinetoram 11.7% SC
Paddy,34.7,77.9,43.0,51.2,10.9,Low,No Significant Pest,No Spray Needed (monitor only)
Tobacco,27.8,52.4,0.0,20.5,24.2,Low,Aphid,Imidacloprid 17.8% SL
Sugarcane,22.2,60.8,22.2,38.2,1.6,Low,No Significant Pest,No Spray Needed (monitor only)
Oil seeds,24.3,90.4,13.3,35.7,41.5,Medium,Alternaria Blight,Mancozeb 75% WP
Cotton,24.4,75.5,34.3,19.5,26.9,Low,Jassid,Thiamethoxam 25% WG
Pulses,11.4,84.4,0.0,19.2,19.4,Low,Aphid,Thiamethoxam 25% WG
Wheat,16.9,58.7,10.2,30.7,54.5,Medium,Aphid,Imidacloprid 17.8% SL
Barley,16.1,49.7,6.1,18.5,57.5,Medium,Aphid,Imidacloprid 17.8% SL
Ground Nuts,34.0,83.6,19.2,19.2,43.5,Medium,Leaf Miner,Chlorpyrifos 20% EC
Barley,9.2,64.9,0.0,20.7,28.8,Low,Aphid,Imidacloprid 17.8% SL
Millets,34.6,73.3,15.4,29.9,24.8,Low,Earhead Bug,Malathion 50% EC
Wheat,17.6,58.7,0.7,19.7,87.1,High,Aphid,Imidacloprid 17.8% SL
Sugarcane,26.0,54.3,6.0,49.7,10.2,Low,No Significant Pest,No Spray Needed (monitor only)
Cotton,28.6,51.9,0.0,26.6,39.8,Medium,Whitefly,Diafenthiuron 50% WP
Sugarcane,22.5,65.5,97.0,35.9,4.4,Low,No Significant Pest,No Spray Needed (monitor only)
Millets,30.3,86.1,0.0,11.6,94.5,High,Earhead Bug,Malathion 50% EC
Cotton,34.0,56.1,21.0,39.9,37.4,Medium,Whitefly,Diafenthiuron 50% WP
Sugarcane,30.9,91.9,14.4,59.6,54.8,Medium,Early Shoot Borer,Chlorantraniliprole 18.5% SC
Pulses,33.8,58.4,0.0,17.8,15.4,Low,Pod Borer (Helicoverpa),Emamectin Benzoate 5% SG
Millets,33.0,80.3,0.0,20.4,54.5,Medium,Earhead Bug,Malathion 50% EC
Paddy,23.1,88.8,0.0,51.6,20.3,Low,Blast,Tricyclazole 75% WP
Ground Nuts,35.9,91.0,0.0,32.0,20.8,Low,Leaf Miner,Chlorpyrifos 20% EC
Maize,35.8,56.2,6.9,44.0,7.8,Low,No Significant Pest,No Spray Needed (monitor only)
Cotton,25.2,58.4,57.1,40.0,14.4,Low,No Significant Pest,No Spray Needed (monitor only)
Barley,21.3,65.1,25.0,41.3,29.4,Low,Aphid,Imidacloprid 17.8% SL
Barley,15.9,41.2,0.1,22.4,33.6,Medium,Aphid,Imidacloprid 17.8% SL
Pulses,21.5,41.0,0.0,30.7,14.0,Low,No Significant Pest,No Spray Needed (monitor only)
Millets,28.7,66.8,19.6,31.9,58.9,Medium,Shoot Fly,Thiamethoxam 30% FS
Sugarcane,23.1,92.7,0.0,56.9,39.9,Medium,Woolly Aphid,Imidacloprid 17.8% SL
Ground Nuts,34.7,67.7,0.3,19.7,33.7,Medium,Leaf Miner,Chlorpyrifos 20% EC
Oil seeds,24.1,60.3,0.0,41.7,23.3,Low,Mustard Aphid,Dimethoate 30% EC
Oil seeds,22.2,41.4,1.8,34.4,11.2,Low,No Significant Pest,No Spray Needed (monitor only)
Paddy,28.2,89.8,17.8,59.2,57.0,Medium,Stem Borer,Cartap Hydrochloride 4% G
Tobacco,12.2,50.3,35.9,28.7,2.7,Low,No Significant Pest,No Spray Needed (monitor only)
Wheat,25.4,41.3,0.0,36.5,40.6,Medium,Termite,Chlorpyrifos 20% EC
Wheat,14.0,76.8,25.9,26.8,45.4,Medium,Yellow Rust,Propiconazole 25% EC
Ground Nuts,29.6,56.1,0.0,12.4,48.6,Medium,Leaf Miner,Chlorpyrifos 20% EC
Barley,22.8,46.6,10.2,24.0,28.3,Low,Aphid,Imidacloprid 17.8% SL
Maize,28.5,85.7,79.3,44.7,92.9,High,Fall Armyworm,Spinetoram 11.7% SC
Wheat,19.0,43.6,7.8,40.1,26.5,Low,Termite,Chlorpyrifos 20% EC
Wheat,8.8,81.8,10.1,31.1,20.7,Low,Yellow Rust,Propiconazole 25% EC
Millets,34.3,78.3,4.0,31.0,35.5,Medium,Earhead Bug,Malathion 50% EC
Sugarcane,33.9,86.7,0.0,44.4,60.7,High,Early Shoot Borer,Chlorantraniliprole 18.5% SC
Millets,36.4,80.9,4.1,23.8,16.8,Low,Earhead Bug,Malathion 50% EC
Barley,13.8,60.6,3.6,37.0,47.2,Medium,Aphid,Imidacloprid 17.8% SL
Millets,28.6,68.6,17.9,28.0,51.3,Medium,Shoot Fly,Thiamethoxam 30% FS
Paddy,30.8,74.0,0.0,64.8,29.8,Low,Stem Borer,Cartap Hydrochloride 4% G
Sugarcane,23.3,65.7,0.0,62.9,7.5,Low,No Significant Pest,No Spray Needed (monitor only)
Millets,24.5,76.9,0.0,33.7,38.6,Medium,Shoot Fly,Thiamethoxam 30% FS
Sugarcane,26.1,50.1,0.0,54.1,5.9,Low,No Significant Pest,No Spray Needed (monitor only)
Ground Nuts,35.3,76.4,17.5,22.2,24.6,Low,Leaf Miner,Chlorpyrifos 20% EC
Maize,24.0,60.8,0.0,35.1,12.5,Low,No Significant Pest,No Spray Needed (monitor only)
Millets,26.1,45.2,47.1,17.4,11.1,Low,No Significant Pest,No Spray Needed (monitor only)
Sugarcane,37.9,85.1,1.1,34.4,29.2,Low,Early Shoot Borer,Chlorantraniliprole 18.5% SC
Millets,36.2,67.2,0.0,14.3,23.3,Low,Earhead Bug,Malathion 50% EC
Tobacco,25.4,51.5,0.0,18.7,29.8,Low,Aphid,Imidacloprid 17.8% SL
Millets,34.8,55.0,90.0,33.5,10.3,Low,No Significant Pest,No Spray Needed (monitor only)
Pulses,19.4,62.2,1.4,29.2,65.9,High,Aphid,Thiamethoxam 25% WG
Tobacco,18.4,73.5,0.0,37.4,50.1,Medium,Aphid,Imidacloprid 17.8% SL
Oil seeds,28.0,81.9,45.3,46.2,70.7,High,Girdle Beetle,Lambda-cyhalothrin 5% EC
Paddy,31.9,88.8,0.0,53.0,28.2,Low,Stem Borer,Cartap Hydrochloride 4% G
Tobacco,20.8,58.9,7.7,24.9,45.2,Medium,Aphid,Imidacloprid 17.8% SL
Paddy,28.0,71.4,0.0,47.1,17.8,Low,Stem Borer,Cartap Hydrochloride 4% G
Ground Nuts,34.4,57.5,7.7,25.2,23.8,Low,Leaf Miner,Chlorpyrifos 20% EC
Maize,31.9,55.0,28.7,48.1,21.1,Low,Fall Armyworm,Spinetoram 11.7% SC
Wheat,26.1,63.6,0.0,35.2,57.7,Medium,Termite,Chlorpyrifos 20% EC
Millets,24.7,72.5,0.0,19.0,26.6,Low,Earhead Bug,Malathion 50% EC
Pulses,18.3,58.8,6.6,39.7,37.6,Medium,Aphid,Thiamethoxam 25% WG
Paddy,29.2,84.6,7.7,53.4,36.2,Medium,Stem Borer,Cartap Hydrochloride 4% G
Barley,9.8,53.2,2.8,18.4,26.4,Low,Aphid,Imidacloprid 17.8% SL
Maize,26.9,74.5,0.0,18.9,29.2,Low,Fall Armyworm,Spinetoram 11.7% SC
Millets,36.9,41.8,0.0,20.0,8.2,Low,No Significant Pest,No Spray Needed (monitor only)
Paddy,23.2,78.4,23.6,54.9,12.6,Low,No Significant Pest,No Spray Needed (monitor only)
Tobacco,14.4,42.2,5.7,29.6,2.0,Low,No Significant Pest,No Spray Needed (monitor only)
Cotton,32.4,73.6,0.0,15.4,89.5,High,Whitefly,Diafenthiuron 50% WP
Pulses,21.7,57.0,31.9,39.9,46.3,Medium,Wilt,Carbendazim 50% WP
Sugarcane,28.4,50.9,46.0,45.0,15.2,Low,Early Shoot Borer,Chlorantraniliprole 18.5% SC
Wheat,22.2,58.2,21.2,37.2,33.5,Medium,Termite,Chlorpyrifos 20% EC
Pulses,24.0,65.5,21.5,20.0,47.4,Medium,Pod Borer (Helicoverpa),Emamectin Benzoate 5% SG
Wheat,24.3,64.2,0.0,42.3,57.5,Medium,Termite,Chlorpyrifos 20% EC
Ground Nuts,24.5,55.2,0.0,38.9,19.0,Low,Aphid,Imidacloprid 17.8% SL
Ground Nuts,32.5,57.4,17.5,36.9,24.3,Low,Leaf Miner,Chlorpyrifos 20% EC
Millets,24.5,67.0,11.3,34.1,35.9,Medium,Shoot Fly,Thiamethoxam 30% FS
Oil seeds,25.3,73.6,35.6,32.2,31.5,Medium,Girdle Beetle,Lambda-cyhalothrin 5% EC
Paddy,33.2,76.3,68.6,51.1,23.6,Low,Stem Borer,Cartap Hydrochloride 4% G
Sugarcane,27.0,70.5,46.2,68.5,19.7,Low,Early Shoot Borer,Chlorantraniliprole 18.5% SC
Ground Nuts,28.4,62.8,0.6,17.6,60.5,High,Leaf Miner,Chlorpyrifos 20% EC
Ground Nuts,35.2,51.1,8.4,37.3,5.7,Low,No Significant Pest,No Spray Needed (monitor only)
Maize,31.4,88.8,21.7,28.3,41.2,Medium,Stem Borer,Chlorantraniliprole 18.5% SC
Paddy,35.6,87.6,149.5,66.4,28.5,Low,Stem Borer,Cartap Hydrochloride 4% G
Tobacco,12.4,49.9,22.1,43.9,0.6,Low,No Significant Pest,No Spray Needed (monitor only)
Tobacco,31.9,47.2,40.0,31.9,4.2,Low,No Significant Pest,No Spray Needed (monitor only)
Paddy,29.8,90.0,21.5,47.6,38.4,Medium,Stem Borer,Cartap Hydrochloride 4% G
Tobacco,14.1,84.8,15.0,40.9,11.6,Low,No Significant Pest,No Spray Needed (monitor only)
Oil seeds,15.1,42.2,0.2,35.6,16.6,Low,Mustard Aphid,Dimethoate 30% EC
Pulses,28.3,87.9,0.4,32.4,65.8,High,Pod Borer (Helicoverpa),Emamectin Benzoate 5% SG
Millets,35.2,69.1,0.0,34.9,24.6,Low,Earhead Bug,Malathion 50% EC
Paddy,34.1,77.3,25.2,45.8,14.5,Low,No Significant Pest,No Spray Needed (monitor only)
Ground Nuts,32.0,53.2,0.0,16.1,35.8,Medium,Leaf Miner,Chlorpyrifos 20% EC
Pulses,14.9,52.0,0.0,16.3,30.5,Medium,Aphid,Thiamethoxam 25% WG
Millets,25.5,64.6,10.9,13.0,39.1,Medium,Earhead Bug,Malathion 50% EC
Tobacco,25.6,79.2,17.9,29.5,52.6,Medium,Spodoptera Caterpillar,Emamectin Benzoate 5% SG
Sugarcane,28.0,82.9,2.1,53.4,37.3,Medium,Early Shoot Borer,Chlorantraniliprole 18.5% SC
Sugarcane,24.8,76.6,42.8,57.3,25.6,Low,Woolly Aphid,Imidacloprid 17.8% SL
Millets,33.1,87.8,0.0,20.4,61.8,High,Earhead Bug,Malathion 50% EC
Paddy,32.7,97.8,20.3,38.5,22.5,Low,Stem Borer,Cartap Hydrochloride 4% G
Barley,9.5,61.9,1.0,39.3,23.3,Low,Aphid,Imidacloprid 17.8% SL
Oil seeds,25.2,72.8,9.4,24.9,23.9,Low,Mustard Aphid,Dimethoate 30% EC
Ground Nuts,25.2,63.1,0.0,32.6,34.8,Medium,Aphid,Imidacloprid 17.8% SL
Wheat,26.7,71.5,0.0,27.4,63.4,High,Termite,Chlorpyrifos 20% EC
Cotton,30.8,46.1,45.0,34.8,18.0,Low,Whitefly,Diafenthiuron 50% WP
Oil seeds,16.0,62.1,58.3,37.4,29.6,Low,Mustard Aphid,Dimethoate 30% EC
Paddy,34.1,73.6,47.4,67.8,21.2,Low,Stem Borer,Cartap Hydrochloride 4% G
Pulses,34.0,43.9,5.3,25.6,1.5,Low,No Significant Pest,No Spray Needed (monitor only)
Maize,32.2,51.4,14.8,34.8,10.5,Low,No Significant Pest,No Spray Needed (monitor only)
Oil seeds,25.7,43.4,19.1,19.4,4.5,Low,No Significant Pest,No Spray Needed (monitor only)
Paddy,30.3,91.2,8.6,67.7,53.0,Medium,Stem Borer,Cartap Hydrochloride 4% G
Paddy,29.8,91.8,69.6,53.9,62.4,High,Stem Borer,Cartap Hydrochloride 4% G
Oil seeds,24.6,85.6,43.1,27.9,40.2,Medium,Alternaria Blight,Mancozeb 75% WP
Wheat,19.2,48.4,11.4,21.5,44.3,Medium,Aphid,Imidacloprid 17.8% SL
Wheat,12.6,82.2,0.0,40.4,45.9,Medium,Yellow Rust,Propiconazole 25% EC
Oil seeds,20.6,77.6,21.1,40.9,35.8,Medium,Alternaria Blight,Mancozeb 75% WP
Pulses,33.3,79.7,0.0,16.1,32.4,Medium,Pod Borer (Helicoverpa),Emamectin Benzoate 5% SG
Wheat,23.7,84.1,0.0,33.0,60.7,High,Termite,Chlorpyrifos 20% EC
Tobacco,18.8,84.6,0.0,25.1,65.5,High,Aphid,Imidacloprid 17.8% SL
Wheat,12.4,44.0,0.0,34.0,20.8,Low,Aphid,Imidacloprid 17.8% SL
Pulses,30.8,88.9,26.8,25.5,37.0,Medium,Pod Borer (Helicoverpa),Emamectin Benzoate 5% SG
Barley,20.5,72.4,9.4,34.2,55.5,Medium,Aphid,Imidacloprid 17.8% SL
Pulses,28.5,66.9,8.3,22.4,67.2,High,Pod Borer (Helicoverpa),Emamectin Benzoate 5% SG
Maize,27.5,53.5,0.0,44.3,12.3,Low,No Significant Pest,No Spray Needed (monitor only)
Sugarcane,22.7,86.7,0.0,48.1,23.7,Low,Woolly Aphid,Imidacloprid 17.8% SL
Millets,30.5,57.7,1.3,17.7,66.2,High,Earhead Bug,Malathion 50% EC
Tobacco,23.7,87.6,0.0,23.8,73.8,High,Aphid,Imidacloprid 17.8% SL
Millets,24.7,57.8,0.0,32.3,22.7,Low,Shoot Fly,Thiamethoxam 30% FS
Paddy,33.9,91.0,111.2,55.6,35.9,Medium,Stem Borer,Cartap Hydrochloride 4% G
Wheat,10.7,39.9,11.0,42.8,1.1,Low,No Significant Pest,No Spray Needed (monitor only)
Cotton,35.5,52.0,6.2,18.6,31.4,Medium,Whitefly,Diafenthiuron 50% WP
Tobacco,17.7,63.1,21.9,21.7,28.1,Low,Aphid,Imidacloprid 17.8% SL
Oil seeds,14.8,73.7,90.0,45.7,24.6,Low,Mustard Aphid,Dimethoate 30% EC
Tobacco,24.2,67.7,0.0,29.7,63.7,High,Aphid,Imidacloprid 17.8% SL
Pulses,19.0,73.1,7.9,20.8,71.9,High,Aphid,Thiamethoxam 25% WG
Tobacco,25.9,73.7,13.7,42.8,55.4,Medium,Spodoptera Caterpillar,Emamectin Benzoate 5% SG
Oil seeds,24.4,60.4,9.2,24.6,25.3,Low,Mustard Aphid,Dimethoate 30% EC
Ground Nuts,25.1,75.8,84.0,21.7,35.7,Medium,Aphid,Imidacloprid 17.8% SL
Maize,23.1,56.2,72.1,37.6,9.6,Low,No Significant Pest,No Spray Needed (monitor only)
Barley,22.1,37.5,4.9,28.3,17.3,Low,Aphid,Imidacloprid 17.8% SL
Cotton,27.9,63.9,0.0,33.7,44.5,Medium,Whitefly,Diafenthiuron 50% WP
Oil seeds,12.9,58.8,5.5,17.9,43.1,Medium,Mustard Aphid,Dimethoate 30% EC
Maize,31.3,62.0,15.2,36.0,29.4,Low,Fall Armyworm,Spinetoram 11.7% SC
Pulses,20.9,58.6,10.2,30.9,40.8,Medium,Aphid,Thiamethoxam 25% WG
Tobacco,12.3,75.3,0.0,26.6,14.0,Low,No Significant Pest,No Spray Needed (monitor only)
Oil seeds,26.1,88.8,0.0,36.1,40.2,Medium,Girdle Beetle,Lambda-cyhalothrin 5% EC
Wheat,14.0,57.4,3.6,23.4,54.5,Medium,Aphid,Imidacloprid 17.8% SL
Barley,12.1,70.7,4.4,25.5,42.0,Medium,Aphid,Imidacloprid 17.8% SL
Ground Nuts,32.5,54.8,23.3,27.1,24.3,Low,Leaf Miner,Chlorpyrifos 20% EC
Millets,25.8,58.8,8.2,22.1,34.3,Medium,Earhead Bug,Malathion 50% EC
Cotton,32.6,65.7,28.8,40.6,44.0,Medium,Whitefly,Diafenthiuron 50% WP
Ground Nuts,26.4,62.2,91.1,33.2,19.0,Low,Aphid,Imidacloprid 17.8% SL
Barley,25.4,81.1,0.0,21.2,43.4,Medium,Aphid,Imidacloprid 17.8% SL
Ground Nuts,32.8,90.2,40.1,27.5,44.6,Medium,Leaf Miner,Chlorpyrifos 20% EC
Paddy,29.4,93.5,54.1,45.4,43.8,Medium,Stem Borer,Cartap Hydrochloride 4% G
Tobacco,30.0,44.3,10.1,20.7,5.5,Low,No Significant Pest,No Spray Needed (monitor only)
Oil seeds,33.5,65.8,0.0,15.4,5.5,Low,No Significant Pest,No Spray Needed (monitor only)
Millets,31.9,53.8,0.0,28.6,37.1,Medium,Earhead Bug,Malathion 50% EC
Paddy,29.6,78.8,0.0,44.7,30.6,Medium,Stem Borer,Cartap Hydrochloride 4% G
Pulses,13.0,54.2,18.3,39.6,9.1,Low,No Significant Pest,No Spray Needed (monitor only)
Maize,30.0,87.1,0.0,32.9,45.4,Medium,Stem Borer,Chlorantraniliprole 18.5% SC
Barley,11.8,39.6,0.0,22.3,15.0,Low,No Significant Pest,No Spray Needed (monitor only)
Maize,31.9,72.9,0.0,32.5,35.2,Medium,Fall Armyworm,Spinetoram 11.7% SC
Ground Nuts,35.0,89.8,51.6,21.6,22.6,Low,Leaf Miner,Chlorpyrifos 20% EC
Maize,31.8,65.3,0.0,43.8,31.7,Medium,Fall Armyworm,Spinetoram 11.7% SC
Millets,29.0,41.9,54.7,26.1,13.0,Low,No Significant Pest,No Spray Needed (monitor only)
Wheat,21.0,80.7,0.0,41.9,54.8,Medium,Termite,Chlorpyrifos 20% EC
Maize,31.1,67.4,0.0,44.3,38.9,Medium,Fall Armyworm,Spinetoram 11.7% SC
Paddy,31.2,72.7,0.0,47.6,20.4,Low,Stem Borer,Cartap Hydrochloride 4% G
Barley,26.4,74.5,6.4,38.7,22.5,Low,Aphid,Imidacloprid 17.8% SL
Tobacco,21.6,77.6,0.0,43.8,61.8,High,Aphid,Imidacloprid 17.8% SL
Tobacco,16.0,55.6,0.0,32.4,19.7,Low,Aphid,Imidacloprid 17.8% SL
Maize,29.4,87.4,14.5,42.4,64.9,High,Stem Borer,Chlorantraniliprole 18.5% SC
Maize,31.9,50.5,45.1,34.6,12.1,Low,No Significant Pest,No Spray Needed (monitor only)
Wheat,27.0,65.4,0.0,36.6,45.1,Medium,Termite,Chlorpyrifos 20% EC
Tobacco,22.7,42.3,0.0,37.6,7.3,Low,No Significant Pest,No Spray Needed (monitor only)
Sugarcane,22.0,55.5,67.2,64.4,1.6,Low,No Significant Pest,No Spray Needed (monitor only)
Wheat,16.4,78.5,5.8,38.0,57.6,Medium,Aphid,Imidacloprid 17.8% SL
Paddy,29.5,90.6,0.0,78.1,59.3,Medium,Stem Borer,Cartap Hydrochloride 4% G
Barley,13.9,53.8,3.0,32.9,42.7,Medium,Aphid,Imidacloprid 17.8% SL
Millets,29.1,53.9,0.0,31.3,38.1,Medium,Earhead Bug,Malathion 50% EC
Tobacco,21.6,63.7,8.0,29.6,56.3,Medium,Aphid,Imidacloprid 17.8% SL
Cotton,28.0,74.6,15.1,18.5,81.3,High,Jassid,Thiamethoxam 25% WG
Tobacco,23.9,76.7,39.5,28.5,43.9,Medium,Spodoptera Caterpillar,Emamectin Benzoate 5% SG
Wheat,14.3,68.0,0.0,29.5,61.0,High,Aphid,Imidacloprid 17.8% SL
Tobacco,28.9,76.8,14.9,34.3,64.9,High,Spodoptera Caterpillar,Emamectin Benzoate 5% SG
Sugarcane,33.4,75.0,0.0,44.7,65.2,High,Early Shoot Borer,Chlorantraniliprole 18.5% SC
Ground Nuts,33.2,66.9,1.6,13.8,53.0,Medium,Leaf Miner,Chlorpyrifos 20% EC
Millets,37.2,50.0,32.9,37.6,0.0,Low,No Significant Pest,No Spray Needed (monitor only)
Millets,31.3,62.9,0.0,24.9,58.2,Medium,Earhead Bug,Malathion 50% EC
Millets,29.3,58.8,6.2,31.2,50.2,Medium,Earhead Bug,Malathion 50% EC
Tobacco,12.1,80.5,0.0,22.6,12.8,Low,No Significant Pest,No Spray Needed (monitor only)
Tobacco,25.8,49.9,17.8,45.2,8.5,Low,No Significant Pest,No Spray Needed (monitor only)
Barley,22.1,51.7,0.0,23.3,51.3,Medium,Aphid,Imidacloprid 17.8% SL
Paddy,33.6,67.6,31.3,79.8,12.4,Low,No Significant Pest,No Spray Needed (monitor only)
Paddy,27.7,92.8,114.0,46.3,58.4,Medium,Stem Borer,Cartap Hydrochloride 4% G
Paddy,29.8,64.2,150.0,53.2,21.2,Low,Stem Borer,Cartap Hydrochloride 4% G
Oil seeds,22.2,71.2,0.0,19.0,66.9,High,Mustard Aphid,Dimethoate 30% EC
Ground Nuts,31.8,71.0,20.6,24.1,56.8,Medium,Leaf Miner,Chlorpyrifos 20% EC
Sugarcane,37.3,69.0,0.0,55.4,25.9,Low,Early Shoot Borer,Chlorantraniliprole 18.5% SC
Millets,28.3,79.4,0.0,16.0,76.0,High,Earhead Bug,Malathion 50% EC
Cotton,32.6,48.9,79.9,41.6,12.8,Low,No Significant Pest,No Spray Needed (monitor only)
Cotton,31.6,62.8,6.7,38.0,52.9,Medium,Whitefly,Diafenthiuron 50% WP
Cotton,37.5,84.5,9.2,20.4,24.3,Low,Whitefly,Diafenthiuron 50% WP
Wheat,23.1,69.4,16.5,32.4,42.0,Medium,Termite,Chlorpyrifos 20% EC
Maize,22.2,78.5,56.3,39.4,23.0,Low,Turcicum Leaf Blight,Mancozeb 75% WP
Cotton,37.7,89.5,0.0,33.0,16.8,Low,Whitefly,Diafenthiuron 50% WP
Tobacco,24.8,63.3,0.0,41.2,36.9,Medium,Aphid,Imidacloprid 17.8% SL
Wheat,18.1,79.0,22.8,31.8,46.4,Medium,Aphid,Imidacloprid 17.8% SL
Barley,14.9,64.1,0.0,25.0,71.9,High,Aphid,Imidacloprid 17.8% SL
Wheat,27.4,63.7,7.5,35.9,39.5,Medium,Termite,Chlorpyrifos 20% EC
Cotton,32.5,46.8,0.0,26.6,34.6,Medium,Whitefly,Diafenthiuron 50% WP
Oil seeds,18.2,52.2,1.8,34.6,44.0,Medium,Mustard Aphid,Dimethoate 30% EC
Ground Nuts,25.9,55.4,0.0,34.8,18.5,Low,Aphid,Imidacloprid 17.8% SL
Millets,27.3,74.1,7.2,27.7,52.5,Medium,Shoot Fly,Thiamethoxam 30% FS
Cotton,37.3,54.6,110.0,32.3,7.8,Low,No Significant Pest,No Spray Needed (monitor only)
Pulses,10.6,66.1,0.0,20.4,14.7,Low,No Significant Pest,No Spray Needed (monitor only)
Ground Nuts,25.8,61.6,24.3,36.5,28.5,Low,Aphid,Imidacloprid 17.8% SL
Cotton,35.0,70.9,0.0,42.3,40.4,Medium,Whitefly,Diafenthiuron 50% WP
Maize,30.2,64.0,76.0,26.4,42.3,Medium,Fall Armyworm,Spinetoram 11.7% SC
Sugarcane,22.2,75.5,0.0,46.3,11.6,Low,No Significant Pest,No Spray Needed (monitor only)
Barley,28.0,48.8,11.4,38.8,6.3,Low,No Significant Pest,No Spray Needed (monitor only)
Wheat,14.5,40.8,0.0,25.7,22.3,Low,Aphid,Imidacloprid 17.8% SL
Maize,25.7,77.1,53.5,48.0,63.0,High,Fall Armyworm,Spinetoram 11.7% SC
Wheat,17.8,53.7,0.0,22.5,76.7,High,Aphid,Imidacloprid 17.8% SL
Paddy,23.9,86.6,1.2,44.2,13.2,Low,No Significant Pest,No Spray Needed (monitor only)
Ground Nuts,29.6,62.8,100.0,20.5,32.8,Medium,Leaf Miner,Chlorpyrifos 20% EC
Wheat,26.4,69.5,15.9,30.6,43.2,Medium,Termite,Chlorpyrifos 20% EC
Oil seeds,32.7,50.2,16.9,22.1,0.0,Low,No Significant Pest,No Spray Needed (monitor only)
Sugarcane,22.0,72.8,0.0,27.4,5.8,Low,No Significant Pest,No Spray Needed (monitor only)
Millets,32.3,70.5,0.0,30.3,56.2,Medium,Earhead Bug,Malathion 50% EC
Barley,20.4,75.9,0.0,16.7,89.1,High,Aphid,Imidacloprid 17.8% SL
Sugarcane,36.5,74.3,17.6,29.5,46.2,Medium,Early Shoot Borer,Chlorantraniliprole 18.5% SC
Tobacco,23.3,53.8,1.1,38.8,29.6,Low,Aphid,Imidacloprid 17.8% SL
Sugarcane,20.2,66.7,0.0,33.2,1.4,Low,No Significant Pest,No Spray Needed (monitor only)
Sugarcane,21.3,53.1,23.1,35.2,2.0,Low,No Significant Pest,No Spray Needed (monitor only)
Pulses,17.5,81.3,7.0,29.2,60.4,High,Aphid,Thiamethoxam 25% WG
Oil seeds,21.6,69.1,0.0,23.5,56.8,Medium,Mustard Aphid,Dimethoate 30% EC
Wheat,11.9,42.3,14.6,40.6,10.6,Low,No Significant Pest,No Spray Needed (monitor only)
Ground Nuts,27.3,74.3,0.0,21.6,72.1,High,Aphid,Imidacloprid 17.8% SL
Pulses,17.0,41.4,0.0,23.3,17.6,Low,Aphid,Thiamethoxam 25% WG
Tobacco,15.0,60.8,1.0,22.0,19.3,Low,Aphid,Imidacloprid 17.8% SL
Millets,35.6,49.9,2.9,16.2,14.5,Low,No Significant Pest,No Spray Needed (monitor only)
Wheat,24.0,67.9,0.0,26.9,72.5,High,Termite,Chlorpyrifos 20% EC
Cotton,31.7,76.6,0.0,16.7,95.0,High,Whitefly,Diafenthiuron 50% WP
Wheat,11.7,51.2,12.2,21.2,16.9,Low,Aphid,Imidacloprid 17.8% SL
Tobacco,31.4,54.5,9.5,22.4,3.0,Low,No Significant Pest,No Spray Needed (monitor only)
Maize,26.8,72.9,94.1,39.3,72.6,High,Fall Armyworm,Spinetoram 11.7% SC
Pulses,29.6,85.8,29.5,23.1,44.4,Medium,Pod Borer (Helicoverpa),Emamectin Benzoate 5% SG
Pulses,10.2,80.2,15.9,38.2,5.9,Low,No Significant Pest,No Spray Needed (monitor only)
Cotton,36.5,45.5,0.0,24.1,10.1,Low,No Significant Pest,No Spray Needed (monitor only)
Wheat,9.6,78.7,14.9,31.7,26.9,Low,Yellow Rust,Propiconazole 25% EC
Paddy,34.5,93.3,0.0,77.9,28.0,Low,Stem Borer,Cartap Hydrochloride 4% G
Sugarcane,23.9,90.4,4.4,45.8,32.2,Medium,Woolly Aphid,Imidacloprid 17.8% SL
Tobacco,29.8,74.1,2.0,26.5,33.2,Medium,Spodoptera Caterpillar,Emamectin Benzoate 5% SG
Pulses,10.1,57.6,15.1,37.3,2.2,Low,No Significant Pest,No Spray Needed (monitor only)
Sugarcane,31.6,88.5,4.6,63.8,59.3,Medium,Early Shoot Borer,Chlorantraniliprole 18.5% SC
Oil seeds,32.9,42.3,0.0,39.1,1.1,Low,No Significant Pest,No Spray Needed (monitor only)
Barley,26.1,49.1,2.6,30.9,16.2,Low,Aphid,Imidacloprid 17.8% SL
Paddy,24.1,67.0,92.3,73.9,19.9,Low,Stem Borer,Cartap Hydrochloride 4% G
Paddy,23.8,78.6,0.5,46.9,11.2,Low,No Significant Pest,No Spray Needed (monitor only)
Pulses,18.7,74.0,24.2,40.0,45.8,Medium,Wilt,Carbendazim 50% WP
Oil seeds,25.1,50.2,33.1,23.4,9.0,Low,No Significant Pest,No Spray Needed (monitor only)
Sugarcane,29.1,53.1,8.3,30.1,31.3,Medium,Early Shoot Borer,Chlorantraniliprole 18.5% SC
Sugarcane,36.2,58.8,2.9,52.0,24.0,Low,Early Shoot Borer,Chlorantraniliprole 18.5% SC
Sugarcane,28.7,73.1,0.0,46.4,46.6,Medium,Early Shoot Borer,Chlorantraniliprole 18.5% SC
Wheat,12.4,45.9,0.0,44.5,18.7,Low,Aphid,Imidacloprid 17.8% SL
Tobacco,14.7,45.0,0.0,26.9,3.3,Low,No Significant Pest,No Spray Needed (monitor only)
Cotton,28.5,68.7,2.2,41.1,53.3,Medium,Jassid,Thiamethoxam 25% WG
Sugarcane,20.6,60.8,0.0,45.0,1.6,Low,No Significant Pest,No Spray Needed (monitor only)
Paddy,27.8,78.1,26.1,48.7,33.8,Medium,Stem Borer,Cartap Hydrochloride 4% G
Wheat,21.9,81.3,2.1,35.0,56.9,Medium,Termite,Chlorpyrifos 20% EC
Ground Nuts,32.8,78.7,45.6,33.0,37.4,Medium,Leaf Miner,Chlorpyrifos 20% EC
Sugarcane,37.7,67.3,0.0,35.5,25.3,Low,Early Shoot Borer,Chlorantraniliprole 18.5% SC
Cotton,33.8,62.5,22.0,21.4,57.5,Medium,Whitefly,Diafenthiuron 50% WP
Millets,30.0,79.6,26.9,19.5,57.4,Medium,Earhead Bug,Malathion 50% EC
Paddy,31.8,90.1,27.8,53.5,29.8,Low,Stem Borer,Cartap Hydrochloride 4% G
Maize,24.6,61.6,11.7,48.2,20.8,Low,Fall Armyworm,Spinetoram 11.7% SC
Paddy,27.3,72.4,0.0,40.8,15.6,Low,Stem Borer,Cartap Hydrochloride 4% G
Millets,30.5,63.8,4.1,11.2,75.3,High,Earhead Bug,Malathion 50% EC
Pulses,30.9,82.5,0.0,15.1,58.6,Medium,Pod Borer (Helicoverpa),Emamectin Benzoate 5% SG
Oil seeds,19.3,68.4,0.0,24.3,83.6,High,Mustard Aphid,Dimethoate 30% EC
Tobacco,14.7,43.1,18.1,37.7,2.1,Low,No Significant Pest,No Spray Needed (monitor only)
Sugarcane,32.9,55.7,0.0,30.2,47.0,Medium,Early Shoot Borer,Chlorantraniliprole 18.5% SC
Sugarcane,29.9,68.5,0.0,41.8,53.9,Medium,Early Shoot Borer,Chlorantraniliprole 18.5% SC
Millets,26.1,62.7,12.6,24.1,36.6,Medium,Shoot Fly,Thiamethoxam 30% FS
Oil seeds,14.7,74.3,2.5,41.8,51.7,Medium,Mustard Aphid,Dimethoate 30% EC
Pulses,15.1,65.2,0.0,26.0,44.8,Medium,Aphid,Thiamethoxam 25% WG
Millets,25.9,53.7,46.4,22.5,25.2,Low,Shoot Fly,Thiamethoxam 30% FS
Pulses,15.7,76.4,14.1,26.5,38.1,Medium,Aphid,Thiamethoxam 25% WG
Sugarcane,25.8,77.9,18.5,48.1,22.3,Low,Woolly Aphid,Imidacloprid 17.8% SL
Tobacco,22.8,47.9,40.0,39.9,10.0,Low,No Significant Pest,No Spray Needed (monitor only)
Maize,29.6,53.9,77.5,45.1,25.4,Low,Fall Armyworm,Spinetoram 11.7% SC
Wheat,18.0,49.0,29.1,29.2,24.8,Low,Aphid,Imidacloprid 17.8% SL
Millets,27.2,54.0,19.9,20.3,29.4,Low,Earhead Bug,Malathion 50% EC
Pulses,26.5,84.5,35.4,31.3,67.3,High,Wilt,Carbendazim 50% WP
Tobacco,31.6,50.1,6.3,35.1,4.6,Low,No Significant Pest,No Spray Needed (monitor only)
Cotton,35.2,85.5,0.4,41.5,37.8,Medium,Whitefly,Diafenthiuron 50% WP
Millets,37.4,51.1,9.0,27.6,11.4,Low,No Significant Pest,No Spray Needed (monitor only)
Ground Nuts,29.5,87.6,26.7,35.0,53.3,Medium,Leaf Miner,Chlorpyrifos 20% EC
Oil seeds,28.5,82.3,24.1,21.0,29.4,Low,Girdle Beetle,Lambda-cyhalothrin 5% EC
Oil seeds,17.1,84.1,90.0,26.0,43.1,Medium,Mustard Aphid,Dimethoate 30% EC
Oil seeds,28.8,53.1,0.0,32.0,4.3,Low,No Significant Pest,No Spray Needed (monitor only)
Wheat,15.9,66.4,30.0,23.2,39.8,Medium,Aphid,Imidacloprid 17.8% SL
Millets,33.3,68.6,0.0,19.8,51.2,Medium,Earhead Bug,Malathion 50% EC
Barley,11.2,50.4,0.0,30.7,29.1,Low,Aphid,Imidacloprid 17.8% SL
Barley,9.4,38.0,0.0,35.5,7.2,Low,No Significant Pest,No Spray Needed (monitor only)
Tobacco,27.6,67.5,3.7,41.7,40.6,Medium,Spodoptera Caterpillar,Emamectin Benzoate 5% SG
Ground Nuts,34.6,66.3,0.0,39.4,25.2,Low,Leaf Miner,Chlorpyrifos 20% EC
Barley,25.7,84.3,0.0,24.2,38.7,Medium,Aphid,Imidacloprid 17.8% SL
Oil seeds,17.3,75.5,0.0,39.0,62.4,High,Mustard Aphid,Dimethoate 30% EC
Cotton,25.4,57.5,44.2,32.8,17.4,Low,Jassid,Thiamethoxam 25% WG
Barley,26.3,53.6,2.4,28.1,22.6,Low,Aphid,Imidacloprid 17.8% SL
Millets,32.7,66.3,0.0,10.3,72.2,High,Earhead Bug,Malathion 50% EC
Paddy,32.5,82.8,150.0,83.9,63.9,High,Stem Borer,Cartap Hydrochloride 4% G
Maize,35.5,77.5,0.0,28.3,14.2,Low,No Significant Pest,No Spray Needed (monitor only)
Pulses,10.9,57.2,23.7,33.5,6.5,Low,No Significant Pest,No Spray Needed (monitor only)
Paddy,35.8,90.3,89.9,63.3,16.8,Low,Stem Borer,Cartap Hydrochloride 4% G
Oil seeds,22.4,61.0,3.5,31.8,38.8,Medium,Mustard Aphid,Dimethoate 30% EC
Ground Nuts,30.9,51.6,16.5,17.5,29.4,Low,Leaf Miner,Chlorpyrifos 20% EC
Pulses,14.0,57.9,14.9,34.0,17.7,Low,Aphid,Thiamethoxam 25% WG
Millets,33.6,86.8,6.2,35.0,42.2,Medium,Earhead Bug,Malathion 50% EC
Oil seeds,31.7,67.0,5.8,20.5,11.3,Low,No Significant Pest,No Spray Needed (monitor only)
Paddy,29.5,80.1,7.1,37.7,24.2,Low,Stem Borer,Cartap Hydrochloride 4% G
Pulses,23.0,70.4,59.1,35.4,77.8,High,Wilt,Carbendazim 50% WP
Barley,12.4,54.0,0.6,15.4,53.7,Medium,Aphid,Imidacloprid 17.8% SL
Sugarcane,37.5,74.9,7.8,38.5,29.8,Low,Early Shoot Borer,Chlorantraniliprole 18.5% SC
Paddy,31.1,63.5,9.8,74.7,13.4,Low,No Significant Pest,No Spray Needed (monitor only)
Wheat,12.7,53.9,4.0,24.9,38.0,Medium,Aphid,Imidacloprid 17.8% SL
Ground Nuts,31.7,87.2,0.0,34.8,67.3,High,Leaf Miner,Chlorpyrifos 20% EC
Barley,9.1,72.2,1.2,27.7,26.6,Low,Aphid,Imidacloprid 17.8% SL
Cotton,34.0,73.3,0.0,35.7,54.6,Medium,Whitefly,Diafenthiuron 50% WP
Oil seeds,24.4,64.5,15.5,27.3,24.2,Low,Mustard Aphid,Dimethoate 30% EC
Cotton,25.4,82.5,92.1,30.1,52.4,Medium,Pink Bollworm,Emamectin Benzoate 5% SG
Barley,26.2,73.2,0.8,28.5,32.0,Medium,Aphid,Imidacloprid 17.8% SL
Oil seeds,16.7,54.0,57.3,42.5,16.1,Low,Mustard Aphid,Dimethoate 30% EC
Tobacco,24.4,50.5,1.4,34.6,23.9,Low,Aphid,Imidacloprid 17.8% SL
Sugarcane,24.6,94.3,0.0,34.3,31.2,Medium,Woolly Aphid,Imidacloprid 17.8% SL
Millets,34.4,42.6,0.0,25.0,10.7,Low,No Significant Pest,No Spray Needed (monitor only)
Ground Nuts,34.8,66.9,46.6,22.3,22.7,Low,Leaf Miner,Chlorpyrifos 20% EC
Wheat,14.7,46.3,0.0,32.3,31.8,Medium,Aphid,Imidacloprid 17.8% SL
Pulses,16.9,43.6,0.0,20.1,20.4,Low,Aphid,Thiamethoxam 25% WG
Maize,30.7,59.8,52.5,22.2,27.6,Low,Fall Armyworm,Spinetoram 11.7% SC
Millets,28.8,47.1,0.0,26.1,27.6,Low,Earhead Bug,Malathion 50% EC
Sugarcane,36.7,75.6,26.3,64.3,24.1,Low,Early Shoot Borer,Chlorantraniliprole 18.5% SC
Tobacco,17.6,64.9,0.0,44.1,35.6,Medium,Aphid,Imidacloprid 17.8% SL
Pulses,24.2,58.0,0.3,34.5,43.6,Medium,Pod Borer (Helicoverpa),Emamectin Benzoate 5% SG
Paddy,30.6,72.6,0.0,67.5,31.2,Medium,Stem Borer,Cartap Hydrochloride 4% G
Maize,34.6,66.9,113.3,54.1,33.4,Medium,Fall Armyworm,Spinetoram 11.7% SC
Tobacco,17.1,65.1,0.0,37.5,31.7,Medium,Aphid,Imidacloprid 17.8% SL
Maize,29.5,88.1,0.0,33.5,54.7,Medium,Fall Armyworm,Spinetoram 11.7% SC
Paddy,26.0,75.9,0.0,63.6,27.5,Low,Stem Borer,Cartap Hydrochloride 4% G
Sugarcane,23.1,69.1,41.3,44.5,6.9,Low,No Significant Pest,No Spray Needed (monitor only)
Tobacco,22.9,56.0,0.0,36.3,33.7,Medium,Aphid,Imidacloprid 17.8% SL
Wheat,21.2,72.1,0.0,18.3,78.0,High,Termite,Chlorpyrifos 20% EC
Millets,26.9,60.3,12.3,30.8,39.1,Medium,Shoot Fly,Thiamethoxam 30% FS
Maize,26.6,85.9,1.1,33.4,46.5,Medium,Fall Armyworm,Spinetoram 11.7% SC
Millets,37.2,57.5,0.0,20.9,10.3,Low,No Significant Pest,No Spray Needed (monitor only)
Sugarcane,21.5,65.9,0.0,42.0,1.6,Low,No Significant Pest,No Spray Needed (monitor only)
Ground Nuts,27.3,82.1,0.0,30.4,62.4,High,Aphid,Imidacloprid 17.8% SL
Ground Nuts,31.7,77.4,19.8,34.9,45.6,Medium,Leaf Miner,Chlorpyrifos 20% EC
Wheat,19.8,81.8,0.0,32.5,74.1,High,Aphid,Imidacloprid 17.8% SL
Cotton,36.5,76.7,0.0,25.0,33.2,Medium,Whitefly,Diafenthiuron 50% WP
Barley,24.4,41.0,0.0,37.8,13.6,Low,No Significant Pest,No Spray Needed (monitor only)
Pulses,33.8,72.5,3.9,35.5,18.2,Low,Pod Borer (Helicoverpa),Emamectin Benzoate 5% SG
Ground Nuts,29.0,70.6,15.5,17.8,68.6,High,Leaf Miner,Chlorpyrifos 20% EC
Millets,32.1,42.7,4.6,27.7,15.3,Low,Earhead Bug,Malathion 50% EC
Pulses,27.1,55.1,4.1,21.3,43.3,Medium,Pod Borer (Helicoverpa),Emamectin Benzoate 5% SG
Tobacco,24.5,50.9,5.1,22.1,25.4,Low,Aphid,Imidacloprid 17.8% SL
Sugarcane,28.1,54.6,35.3,57.1,13.1,Low,No Significant Pest,No Spray Needed (monitor only)
Ground Nuts,29.1,83.8,11.9,15.1,73.4,High,Leaf Miner,Chlorpyrifos 20% EC
Barley,21.8,76.9,0.0,23.1,71.4,High,Aphid,Imidacloprid 17.8% SL
Cotton,30.2,56.7,0.0,35.6,48.7,Medium,Whitefly,Diafenthiuron 50% WP
Cotton,36.0,81.2,18.4,40.6,21.8,Low,Whitefly,Diafenthiuron 50% WP
Wheat,13.6,38.2,1.9,25.8,13.9,Low,No Significant Pest,No Spray Needed (monitor only)
Maize,27.7,77.2,31.5,42.9,62.6,High,Fall Armyworm,Spinetoram 11.7% SC
Ground Nuts,26.3,89.0,10.3,26.4,64.2,High,Aphid,Imidacloprid 17.8% SL
Oil seeds,18.4,87.6,2.3,30.5,77.7,High,Mustard Aphid,Dimethoate 30% EC
Wheat,17.5,42.0,0.0,29.5,27.8,Low,Aphid,Imidacloprid 17.8% SL
Sugarcane,25.3,51.7,8.4,44.7,7.9,Low,No Significant Pest,No Spray Needed (monitor only)
Pulses,19.9,83.7,26.6,17.5,54.4,Medium,Aphid,Thiamethoxam 25% WG
Maize,22.2,78.4,102.9,47.8,43.0,Medium,Turcicum Leaf Blight,Mancozeb 75% WP
Pulses,23.2,78.5,51.1,39.7,93.1,High,Wilt,Carbendazim 50% WP
Tobacco,14.4,85.2,0.0,25.2,26.6,Low,Aphid,Imidacloprid 17.8% SL
Tobacco,21.0,77.3,0.0,21.8,89.1,High,Aphid,Imidacloprid 17.8% SL
Cotton,35.7,80.9,0.0,33.2,41.2,Medium,Whitefly,Diafenthiuron 50% WP
Oil seeds,12.0,68.0,0.0,15.1,42.0,Medium,Mustard Aphid,Dimethoate 30% EC
Paddy,30.8,71.7,0.0,66.8,28.8,Low,Stem Borer,Cartap Hydrochloride 4% G
Cotton,25.8,86.7,2.7,24.4,52.0,Medium,Jassid,Thiamethoxam 25% WG
Maize,27.8,89.6,0.0,33.1,41.6,Medium,Fall Armyworm,Spinetoram 11.7% SC
Millets,28.5,74.5,0.0,27.3,62.2,High,Earhead Bug,Malathion 50% EC
Maize,31.7,57.5,9.0,20.5,14.6,Low,No Significant Pest,No Spray Needed (monitor only)
Millets,30.2,73.5,53.6,27.0,64.8,High,Shoot Fly,Thiamethoxam 30% FS
Maize,27.5,72.7,0.0,34.0,48.3,Medium,Fall Armyworm,Spinetoram 11.7% SC
Millets,27.3,60.0,1.4,16.8,54.2,Medium,Earhead Bug,Malathion 50% EC
Barley,22.2,61.8,0.0,30.0,58.4,Medium,Aphid,Imidacloprid 17.8% SL
Paddy,33.5,79.2,40.8,48.9,20.0,Low,Stem Borer,Cartap Hydrochloride 4% G
Ground Nuts,31.8,62.7,65.3,34.8,22.6,Low,Leaf Miner,Chlorpyrifos 20% EC
Oil seeds,26.6,84.7,0.0,43.3,48.7,Medium,Girdle Beetle,Lambda-cyhalothrin 5% EC
Cotton,33.1,62.2,15.2,33.9,44.9,Medium,Whitefly,Diafenthiuron 50% WP
Barley,19.3,68.6,1.3,34.3,70.3,High,Aphid,Imidacloprid 17.8% SL
Ground Nuts,26.8,63.3,78.6,31.3,23.1,Low,Aphid,Imidacloprid 17.8% SL
Paddy,31.7,92.6,0.0,60.6,38.0,Medium,Stem Borer,Cartap Hydrochloride 4% G
Wheat,13.3,50.3,3.1,20.2,40.6,Medium,Aphid,Imidacloprid 17.8% SL
Paddy,23.6,95.6,0.0,35.8,22.8,Low,Blast,Tricyclazole 75% WP
Barley,15.7,51.9,18.1,34.5,29.5,Low,Aphid,Imidacloprid 17.8% SL
Maize,35.4,89.6,4.8,20.1,11.0,Low,No Significant Pest,No Spray Needed (monitor only)
Barley,16.0,73.7,0.0,28.7,79.7,High,Aphid,Imidacloprid 17.8% SL
Wheat,8.5,38.5,9.6,41.0,5.9,Low,No Significant Pest,No Spray Needed (monitor only)
Oil seeds,24.6,63.0,14.2,25.6,27.6,Low,Mustard Aphid,Dimethoate 30% EC
Millets,29.7,58.2,0.0,22.3,61.7,High,Earhead Bug,Malathion 50% EC
Millets,24.9,49.3,54.5,32.5,23.7,Low,Shoot Fly,Thiamethoxam 30% FS
Tobacco,16.6,86.8,0.0,26.0,42.1,Medium,Aphid,Imidacloprid 17.8% SL
Maize,23.5,51.4,0.0,48.1,8.1,Low,No Significant Pest,No Spray Needed (monitor only)
Millets,33.3,53.5,54.6,21.9,16.5,Low,Earhead Bug,Malathion 50% EC
Ground Nuts,30.2,66.3,0.0,26.7,70.2,High,Leaf Miner,Chlorpyrifos 20% EC
Ground Nuts,25.7,59.4,14.9,20.9,35.8,Medium,Aphid,Imidacloprid 17.8% SL
Ground Nuts,26.2,83.4,19.9,15.3,74.9,High,Aphid,Imidacloprid 17.8% SL
Pulses,12.5,57.5,0.0,36.1,12.1,Low,No Significant Pest,No Spray Needed (monitor only)
Oil seeds,13.4,42.5,0.0,32.1,11.7,Low,No Significant Pest,No Spray Needed (monitor only)
Paddy,27.6,60.3,11.4,51.3,9.0,Low,No Significant Pest,No Spray Needed (monitor only)
Tobacco,29.5,82.6,7.7,34.8,56.1,Medium,Spodoptera Caterpillar,Emamectin Benzoate 5% SG
Oil seeds,19.6,90.1,0.0,21.3,89.3,High,Mustard Aphid,Dimethoate 30% EC
Paddy,34.8,78.5,41.8,71.6,21.1,Low,Stem Borer,Cartap Hydrochloride 4% G
Paddy,26.8,64.0,26.9,68.9,19.3,Low,Stem Borer,Cartap Hydrochloride 4% G
Pulses,33.0,58.3,0.0,28.8,18.5,Low,Pod Borer (Helicoverpa),Emamectin Benzoate 5% SG
Cotton,35.3,84.8,4.5,15.5,61.0,High,Whitefly,Diafenthiuron 50% WP
Paddy,31.8,65.4,58.6,51.8,12.0,Low,No Significant Pest,No Spray Needed (monitor only)
Paddy,32.3,67.0,14.0,56.8,14.2,Low,No Significant Pest,No Spray Needed (monitor only)
Oil seeds,22.1,79.8,14.7,18.9,45.3,Medium,Mustard Aphid,Dimethoate 30% EC
Paddy,33.3,97.8,19.5,36.6,22.8,Low,Stem Borer,Cartap Hydrochloride 4% G
Pulses,33.8,42.6,7.2,34.7,2.3,Low,No Significant Pest,No Spray Needed (monitor only)
Paddy,26.7,83.9,150.0,90.0,84.9,High,Stem Borer,Cartap Hydrochloride 4% G
Wheat,19.1,78.2,0.0,26.1,94.8,High,Aphid,Imidacloprid 17.8% SL
Wheat,21.0,50.0,0.3,30.4,54.1,Medium,Termite,Chlorpyrifos 20% EC
Barley,14.2,40.4,2.6,22.4,21.1,Low,Aphid,Imidacloprid 17.8% SL
Wheat,11.6,66.4,7.0,45.2,25.0,Low,Aphid,Imidacloprid 17.8% SL
Paddy,27.9,80.3,134.1,48.3,57.6,Medium,Stem Borer,Cartap Hydrochloride 4% G
Maize,29.3,50.6,0.0,21.5,6.2,Low,No Significant Pest,No Spray Needed (monitor only)
Oil seeds,12.9,82.7,67.5,46.7,21.9,Low,Mustard Aphid,Dimethoate 30% EC
Ground Nuts,35.7,79.5,0.0,28.3,26.0,Low,Leaf Miner,Chlorpyrifos 20% EC
Maize,22.7,58.9,0.0,26.5,8.6,Low,No Significant Pest,No Spray Needed (monitor only)
Millets,30.5,75.7,54.4,21.6,58.9,Medium,Shoot Fly,Thiamethoxam 30% FS
Wheat,19.1,57.5,0.0,27.5,69.5,High,Aphid,Imidacloprid 17.8% SL
Barley,14.8,79.2,0.8,17.4,80.7,High,Aphid,Imidacloprid 17.8% SL
Tobacco,25.6,86.8,0.0,27.9,70.6,High,Aphid,Imidacloprid 17.8% SL
Barley,18.4,71.6,3.4,36.0,62.0,High,Aphid,Imidacloprid 17.8% SL
Millets,33.0,42.2,19.7,12.8,13.4,Low,No Significant Pest,No Spray Needed (monitor only)
Tobacco,24.7,83.7,20.6,25.3,39.9,Medium,Aphid,Imidacloprid 17.8% SL
Tobacco,23.2,63.6,6.1,37.8,39.9,Medium,Aphid,Imidacloprid 17.8% SL
Oil seeds,18.5,72.7,35.1,34.0,36.1,Medium,Mustard Aphid,Dimethoate 30% EC
Sugarcane,23.8,66.1,0.0,54.0,6.4,Low,No Significant Pest,No Spray Needed (monitor only)
Ground Nuts,29.9,55.0,0.0,30.7,33.4,Medium,Leaf Miner,Chlorpyrifos 20% EC
Ground Nuts,34.3,81.5,2.3,17.8,54.4,Medium,Leaf Miner,Chlorpyrifos 20% EC
Pulses,17.0,74.9,42.3,23.9,39.3,Medium,Aphid,Thiamethoxam 25% WG
Ground Nuts,35.7,89.2,100.0,30.1,17.1,Low,Leaf Miner,Chlorpyrifos 20% EC
Pulses,13.7,58.0,18.4,28.0,19.5,Low,Aphid,Thiamethoxam 25% WG
Tobacco,16.9,62.0,24.0,45.9,15.6,Low,Aphid,Imidacloprid 17.8% SL
Paddy,30.4,92.3,17.1,54.4,42.1,Medium,Stem Borer,Cartap Hydrochloride 4% G
Sugarcane,34.6,66.0,6.4,58.7,39.1,Medium,Early Shoot Borer,Chlorantraniliprole 18.5% SC
Wheat,23.3,82.0,21.0,26.3,46.3,Medium,Termite,Chlorpyrifos 20% EC
Ground Nuts,24.3,79.4,51.7,31.6,41.5,Medium,Leaf Spot (Tikka),Hexaconazole 5% EC
Millets,29.6,72.3,0.0,33.9,60.0,High,Earhead Bug,Malathion 50% EC
Cotton,25.7,88.5,110.0,27.5,50.3,Medium,Pink Bollworm,Emamectin Benzoate 5% SG
Sugarcane,22.5,68.7,94.1,62.2,9.7,Low,No Significant Pest,No Spray Needed (monitor only)
Wheat,21.7,76.7,19.0,23.2,48.2,Medium,Termite,Chlorpyrifos 20% EC
Millets,25.0,61.4,0.0,16.6,32.3,Medium,Earhead Bug,Malathion 50% EC
Pulses,32.5,67.1,0.0,39.7,24.3,Low,Pod Borer (Helicoverpa),Emamectin Benzoate 5% SG
Barley,23.0,80.7,12.8,28.5,42.3,Medium,Aphid,Imidacloprid 17.8% SL
Sugarcane,24.0,56.2,23.4,35.2,5.9,Low,No Significant Pest,No Spray Needed (monitor only)
Tobacco,22.5,52.8,0.0,25.6,35.9,Medium,Aphid,Imidacloprid 17.8% SL
Millets,30.5,46.0,30.0,15.6,20.9,Low,Earhead Bug,Malathion 50% EC
Tobacco,18.9,54.0,2.4,18.3,34.7,Medium,Aphid,Imidacloprid 17.8% SL
Wheat,21.8,73.5,1.6,43.5,48.3,Medium,Termite,Chlorpyrifos 20% EC
Pulses,31.3,65.3,60.0,38.9,24.5,Low,Wilt,Carbendazim 50% WP
Oil seeds,15.0,57.4,7.2,42.8,31.6,Medium,Mustard Aphid,Dimethoate 30% EC
Sugarcane,31.4,78.9,9.1,41.0,80.5,High,Early Shoot Borer,Chlorantraniliprole 18.5% SC
Oil seeds,14.8,49.1,0.0,33.0,25.0,Low,Mustard Aphid,Dimethoate 30% EC
Ground Nuts,30.8,72.3,6.2,35.9,57.6,Medium,Leaf Miner,Chlorpyrifos 20% EC
Paddy,33.8,86.8,9.9,49.1,20.4,Low,Stem Borer,Cartap Hydrochloride 4% G
Tobacco,14.7,75.5,0.0,35.5,22.1,Low,Aphid,Imidacloprid 17.8% SL
Pulses,29.7,73.0,1.5,26.2,61.9,High,Pod Borer (Helicoverpa),Emamectin Benzoate 5% SG
Pulses,25.3,75.6,0.0,29.5,78.1,High,Pod Borer (Helicoverpa),Emamectin Benzoate 5% SG
Wheat,19.5,73.4,0.0,40.0,68.3,High,Aphid,Imidacloprid 17.8% SL
Pulses,12.5,80.0,58.7,30.9,14.9,Low,No Significant Pest,No Spray Needed (monitor only)
Wheat,12.0,58.4,14.6,25.3,26.4,Low,Aphid,Imidacloprid 17.8% SL
Oil seeds,13.3,91.7,0.0,39.7,43.0,Medium,Mustard Aphid,Dimethoate 30% EC
Cotton,33.5,67.7,0.0,17.2,72.0,High,Whitefly,Diafenthiuron 50% WP
Wheat,14.3,37.6,0.5,43.0,10.2,Low,No Significant Pest,No Spray Needed (monitor only)
Oil seeds,16.6,86.7,0.0,33.0,71.6,High,Mustard Aphid,Dimethoate 30% EC
Barley,14.1,36.1,4.8,24.3,15.3,Low,Aphid,Imidacloprid 17.8% SL
Wheat,12.4,66.5,27.6,21.8,21.8,Low,Aphid,Imidacloprid 17.8% SL
Oil seeds,21.0,46.2,8.2,45.3,18.0,Low,Mustard Aphid,Dimethoate 30% EC
Cotton,35.0,60.8,95.1,43.7,19.4,Low,Whitefly,Diafenthiuron 50% WP
Paddy,23.6,97.4,0.0,37.7,20.5,Low,Blast,Tricyclazole 75% WP
Barley,8.7,38.4,2.1,29.4,9.6,Low,No Significant Pest,No Spray Needed (monitor only)
Cotton,28.0,74.3,0.0,29.6,66.2,High,Jassid,Thiamethoxam 25% WG
Sugarcane,20.3,69.7,0.0,29.5,0.9,Low,No Significant Pest,No Spray Needed (monitor only)
Barley,15.3,74.3,2.4,27.9,72.6,High,Aphid,Imidacloprid 17.8% SL
Paddy,24.6,84.9,39.7,44.4,19.5,Low,Stem Borer,Cartap Hydrochloride 4% G
Maize,28.9,53.4,0.0,32.6,15.0,Low,Fall Armyworm,Spinetoram 11.7% SC
Oil seeds,25.1,75.8,0.0,25.2,32.3,Medium,Mustard Aphid,Dimethoate 30% EC
Sugarcane,25.6,62.7,0.0,34.2,21.4,Low,Early Shoot Borer,Chlorantraniliprole 18.5% SC
Sugarcane,34.7,78.8,0.0,29.9,72.7,High,Early Shoot Borer,Chlorantraniliprole 18.5% SC
Tobacco,31.2,74.8,0.0,28.9,26.3,Low,Spodoptera Caterpillar,Emamectin Benzoate 5% SG
Barley,13.1,76.9,0.0,35.3,50.0,Medium,Aphid,Imidacloprid 17.8% SL
Pulses,14.0,52.7,15.9,16.5,17.6,Low,Aphid,Thiamethoxam 25% WG
Oil seeds,17.1,70.9,0.0,41.3,61.1,High,Mustard Aphid,Dimethoate 30% EC
Sugarcane,34.9,77.2,57.6,47.0,32.1,Medium,Early Shoot Borer,Chlorantraniliprole 18.5% SC
Ground Nuts,27.2,89.0,35.7,15.6,60.6,High,Aphid,Imidacloprid 17.8% SL
Ground Nuts,31.0,61.9,0.0,21.9,63.2,High,Leaf Miner,Chlorpyrifos 20% EC
Sugarcane,31.9,76.8,120.0,68.9,26.9,Low,Early Shoot Borer,Chlorantraniliprole 18.5% SC
Wheat,20.4,85.6,0.0,27.5,72.4,High,Aphid,Imidacloprid 17.8% SL
Maize,35.6,71.1,36.0,41.2,22.0,Low,Stem Borer,Chlorantraniliprole 18.5% SC
Sugarcane,27.8,75.5,0.0,64.4,34.2,Medium,Early Shoot Borer,Chlorantraniliprole 18.5% SC
Cotton,29.7,51.9,0.0,21.5,44.2,Medium,Whitefly,Diafenthiuron 50% WP
Wheat,18.7,37.2,11.1,27.6,20.7,Low,Termite,Chlorpyrifos 20% EC
Maize,23.7,76.4,50.8,49.4,32.3,Medium,Fall Armyworm,Spinetoram 11.7% SC
Oil seeds,17.7,49.9,0.0,38.0,32.5,Medium,Mustard Aphid,Dimethoate 30% EC
Pulses,20.9,53.0,21.7,25.1,27.2,Low,Aphid,Thiamethoxam 25% WG
Sugarcane,31.5,84.6,57.5,32.4,58.6,Medium,Early Shoot Borer,Chlorantraniliprole 18.5% SC
Barley,26.4,68.5,14.5,38.1,19.9,Low,Aphid,Imidacloprid 17.8% SL
Oil seeds,20.2,81.4,0.0,29.2,69.7,High,Mustard Aphid,Dimethoate 30% EC
Paddy,26.2,94.4,0.0,72.1,40.1,Medium,Stem Borer,Cartap Hydrochloride 4% G
Cotton,36.6,86.2,27.9,30.9,27.1,Low,Whitefly,Diafenthiuron 50% WP
Wheat,14.4,43.5,8.1,43.7,17.7,Low,Aphid,Imidacloprid 17.8% SL
Ground Nuts,31.9,58.5,37.2,40.0,23.9,Low,Leaf Miner,Chlorpyrifos 20% EC
Barley,14.1,59.0,0.0,27.1,63.5,High,Aphid,Imidacloprid 17.8% SL
Wheat,23.0,76.8,0.0,29.9,65.2,High,Termite,Chlorpyrifos 20% EC
Barley,10.6,60.0,0.3,38.7,23.9,Low,Aphid,Imidacloprid 17.8% SL
Millets,32.3,49.5,19.1,28.2,20.9,Low,Earhead Bug,Malathion 50% EC
Ground Nuts,27.0,85.8,20.4,34.0,52.5,Medium,Aphid,Imidacloprid 17.8% SL
Barley,13.0,45.6,3.6,27.7,24.8,Low,Aphid,Imidacloprid 17.8% SL
Tobacco,23.8,40.9,0.0,36.9,7.9,Low,No Significant Pest,No Spray Needed (monitor only)
Cotton,36.6,58.9,19.0,23.2,25.3,Low,Whitefly,Diafenthiuron 50% WP
Ground Nuts,34.2,60.3,1.0,30.6,26.8,Low,Leaf Miner,Chlorpyrifos 20% EC
Ground Nuts,31.4,75.8,0.0,38.1,54.4,Medium,Leaf Miner,Chlorpyrifos 20% EC
Millets,37.2,44.7,0.0,29.7,4.6,Low,No Significant Pest,No Spray Needed (monitor only)
Wheat,27.2,36.4,1.8,34.6,30.8,Medium,Termite,Chlorpyrifos 20% EC
Millets,31.6,68.0,0.0,21.2,75.4,High,Earhead Bug,Malathion 50% EC
Cotton,25.1,55.6,9.4,45.0,15.3,Low,Jassid,Thiamethoxam 25% WG
Ground Nuts,25.6,91.6,0.0,32.4,62.1,High,Aphid,Imidacloprid 17.8% SL
Pulses,25.4,57.1,14.9,19.1,48.8,Medium,Pod Borer (Helicoverpa),Emamectin Benzoate 5% SG
Millets,24.1,64.6,13.3,18.3,26.4,Low,Shoot Fly,Thiamethoxam 30% FS
Ground Nuts,30.6,58.2,0.0,26.9,53.1,Medium,Leaf Miner,Chlorpyrifos 20% EC
Wheat,24.5,58.5,0.0,24.5,79.4,High,Termite,Chlorpyrifos 20% EC
Millets,27.4,70.0,2.5,32.5,57.1,Medium,Shoot Fly,Thiamethoxam 30% FS
Cotton,26.6,61.3,0.0,27.0,39.8,Medium,Jassid,Thiamethoxam 25% WG
Tobacco,19.4,50.2,0.8,25.7,23.3,Low,Aphid,Imidacloprid 17.8% SL
Tobacco,12.2,71.0,4.0,42.0,8.8,Low,No Significant Pest,No Spray Needed (monitor only)
Tobacco,27.3,72.8,0.0,30.3,35.3,Medium,Aphid,Imidacloprid 17.8% SL
Barley,15.2,49.1,2.2,38.9,37.4,Medium,Aphid,Imidacloprid 17.8% SL
Maize,25.0,80.5,0.0,25.3,21.3,Low,Fall Armyworm,Spinetoram 11.7% SC
Tobacco,30.4,81.5,0.0,29.0,33.6,Medium,Spodoptera Caterpillar,Emamectin Benzoate 5% SG
Paddy,24.7,68.9,25.6,70.5,16.5,Low,Stem Borer,Cartap Hydrochloride 4% G
Oil seeds,12.7,85.7,81.5,50.3,15.6,Low,Mustard Aphid,Dimethoate 30% EC
Tobacco,15.1,45.6,14.2,35.8,5.8,Low,No Significant Pest,No Spray Needed (monitor only)
Cotton,27.6,58.3,0.0,27.6,46.8,Medium,Jassid,Thiamethoxam 25% WG
Oil seeds,13.1,71.1,0.0,30.6,53.1,Medium,Mustard Aphid,Dimethoate 30% EC
Oil seeds,30.1,72.5,89.4,27.5,36.7,Medium,Girdle Beetle,Lambda-cyhalothrin 5% EC
Wheat,19.4,58.9,0.0,26.0,82.7,High,Aphid,Imidacloprid 17.8% SL
Wheat,19.8,80.1,26.4,26.3,44.7,Medium,Aphid,Imidacloprid 17.8% SL
Barley,12.8,56.3,2.9,34.1,40.7,Medium,Aphid,Imidacloprid 17.8% SL
Pulses,13.9,51.7,21.6,37.7,11.3,Low,No Significant Pest,No Spray Needed (monitor only)
Ground Nuts,24.9,61.6,5.0,27.3,34.1,Medium,Aphid,Imidacloprid 17.8% SL
Ground Nuts,25.4,53.8,0.0,23.9,25.3,Low,Aphid,Imidacloprid 17.8% SL
Maize,25.8,55.4,0.0,42.9,17.3,Low,Fall Armyworm,Spinetoram 11.7% SC
Sugarcane,31.0,50.2,37.4,33.4,25.7,Low,Early Shoot Borer,Chlorantraniliprole 18.5% SC
Barley,19.4,63.9,0.0,37.0,61.8,High,Aphid,Imidacloprid 17.8% SL
Paddy,24.7,97.5,150.0,89.4,92.9,High,Blast,Tricyclazole 75% WP
Oil seeds,33.8,69.1,90.0,39.3,14.2,Low,No Significant Pest,No Spray Needed (monitor only)
Oil seeds,25.3,62.9,0.0,35.4,19.4,Low,Mustard Aphid,Dimethoate 30% EC
Ground Nuts,33.1,78.3,24.9,31.0,38.6,Medium,Leaf Miner,Chlorpyrifos 20% EC
Maize,23.6,60.3,0.0,39.4,10.8,Low,No Significant Pest,No Spray Needed (monitor only)
Oil seeds,32.6,85.2,40.4,42.1,40.3,Medium,Girdle Beetle,Lambda-cyhalothrin 5% EC
Maize,24.8,62.4,67.8,24.8,21.9,Low,Fall Armyworm,Spinetoram 11.7% SC
Ground Nuts,30.2,85.2,26.2,21.4,66.2,High,Leaf Miner,Chlorpyrifos 20% EC
Ground Nuts,28.1,72.2,0.0,17.3,71.4,High,Leaf Miner,Chlorpyrifos 20% EC
Barley,26.7,36.5,0.0,27.3,3.4,Low,No Significant Pest,No Spray Needed (monitor only)
Ground Nuts,35.0,68.1,74.0,41.3,11.8,Low,No Significant Pest,No Spray Needed (monitor only)
Ground Nuts,29.8,74.2,9.9,20.6,73.5,High,Leaf Miner,Chlorpyrifos 20% EC
Maize,28.5,82.4,101.7,47.9,92.7,High,Fall Armyworm,Spinetoram 11.7% SC
Barley,19.0,83.4,0.0,25.1,72.6,High,Aphid,Imidacloprid 17.8% SL
Paddy,33.8,61.8,19.3,67.5,6.4,Low,No Significant Pest,No Spray Needed (monitor only)
Pulses,11.4,49.9,0.0,19.7,13.0,Low,No Significant Pest,No Spray Needed (monitor only)
Millets,36.4,74.1,0.0,18.1,24.1,Low,Earhead Bug,Malathion 50% EC
Ground Nuts,28.3,86.0,33.0,15.3,72.0,High,Aphid,Imidacloprid 17.8% SL
Oil seeds,33.8,78.4,0.0,16.4,4.9,Low,No Significant Pest,No Spray Needed (monitor only)
Oil seeds,34.0,76.3,33.2,34.1,17.7,Low,Girdle Beetle,Lambda-cyhalothrin 5% EC
Wheat,12.2,61.0,0.0,39.2,28.6,Low,Aphid,Imidacloprid 17.8% SL
Barley,17.9,78.0,0.6,38.6,64.6,High,Aphid,Imidacloprid 17.8% SL
Cotton,28.0,64.8,21.3,18.3,60.4,High,Jassid,Thiamethoxam 25% WG
Ground Nuts,29.8,61.4,69.8,20.5,36.3,Medium,Leaf Miner,Chlorpyrifos 20% EC
Oil seeds,12.7,59.3,37.9,19.7,22.6,Low,Mustard Aphid,Dimethoate 30% EC
Oil seeds,23.0,56.1,8.4,42.8,19.8,Low,Mustard Aphid,Dimethoate 30% EC
Paddy,35.7,75.2,21.9,79.0,13.9,Low,No Significant Pest,No Spray Needed (monitor only)
Wheat,9.6,72.9,1.5,29.9,17.6,Low,Aphid,Imidacloprid 17.8% SL
Ground Nuts,31.1,62.7,0.0,31.6,51.4,Medium,Leaf Miner,Chlorpyrifos 20% EC
Ground Nuts,27.4,53.3,69.4,28.8,13.6,Low,No Significant Pest,No Spray Needed (monitor only)
Oil seeds,30.8,90.7,0.0,43.5,41.5,Medium,Girdle Beetle,Lambda-cyhalothrin 5% EC
Millets,31.3,45.6,82.8,25.4,13.4,Low,No Significant Pest,No Spray Needed (monitor only)
Barley,24.0,76.8,3.1,32.5,44.9,Medium,Aphid,Imidacloprid 17.8% SL
Pulses,22.0,50.9,10.8,24.5,34.4,Medium,Aphid,Thiamethoxam 25% WG
Paddy,28.1,95.2,150.0,90.5,100.0,High,Stem Borer,Cartap Hydrochloride 4% G
Pulses,27.0,37.7,0.0,20.4,8.2,Low,No Significant Pest,No Spray Needed (monitor only)
Millets,31.2,62.5,90.0,27.6,47.5,Medium,Shoot Fly,Thiamethoxam 30% FS
Ground Nuts,24.9,88.7,0.0,32.7,56.5,Medium,Aphid,Imidacloprid 17.8% SL
Ground Nuts,30.9,79.3,33.7,38.2,48.0,Medium,Leaf Miner,Chlorpyrifos 20% EC
Wheat,11.4,47.7,0.0,35.6,17.5,Low,Aphid,Imidacloprid 17.8% SL
Maize,34.0,58.4,0.0,24.4,7.2,Low,No Significant Pest,No Spray Needed (monitor only)
Maize,32.4,71.2,23.2,38.6,33.7,Medium,Fall Armyworm,Spinetoram 11.7% SC
Oil seeds,32.0,79.3,12.2,23.6,19.3,Low,Girdle Beetle,Lambda-cyhalothrin 5% EC
Ground Nuts,35.3,50.4,6.5,36.7,9.2,Low,No Significant Pest,No Spray Needed (monitor only)
Millets,37.0,71.1,35.0,21.0,13.8,Low,No Significant Pest,No Spray Needed (monitor only)
Barley,26.3,43.3,3.6,26.2,10.9,Low,No Significant Pest,No Spray Needed (monitor only)
Millets,28.5,82.1,0.0,32.4,64.7,High,Earhead Bug,Malathion 50% EC
Sugarcane,36.8,80.5,0.0,54.6,28.9,Low,Early Shoot Borer,Chlorantraniliprole 18.5% SC
Paddy,34.5,85.6,8.6,37.6,16.6,Low,Stem Borer,Cartap Hydrochloride 4% G
Paddy,23.5,86.3,85.4,65.2,39.2,Medium,Blast,Tricyclazole 75% WP
Pulses,24.4,82.6,48.6,27.4,78.6,High,Wilt,Carbendazim 50% WP
Wheat,16.2,50.0,0.0,18.6,60.5,High,Aphid,Imidacloprid 17.8% SL
Barley,8.3,57.6,0.0,25.5,19.7,Low,Aphid,Imidacloprid 17.8% SL
Sugarcane,29.2,92.3,0.0,59.2,48.1,Medium,Early Shoot Borer,Chlorantraniliprole 18.5% SC
Sugarcane,21.1,67.6,0.0,31.2,2.2,Low,No Significant Pest,No Spray Needed (monitor only)
Tobacco,19.2,68.8,4.2,34.3,46.5,Medium,Aphid,Imidacloprid 17.8% SL
Cotton,31.5,47.1,31.1,34.2,22.6,Low,Whitefly,Diafenthiuron 50% WP
Sugarcane,30.8,86.7,51.4,33.1,63.6,High,Early Shoot Borer,Chlorantraniliprole 18.5% SC
Ground Nuts,29.4,63.2,24.0,38.5,41.8,Medium,Leaf Miner,Chlorpyrifos 20% EC
Cotton,29.5,51.3,36.2,41.9,21.9,Low,Whitefly,Diafenthiuron 50% WP
Maize,23.2,63.4,0.0,40.8,8.8,Low,No Significant Pest,No Spray Needed (monitor only)
Ground Nuts,26.3,76.0,75.9,30.9,48.6,Medium,Leaf Spot (Tikka),Hexaconazole 5% EC
Pulses,23.7,66.8,8.3,18.7,65.7,High,Pod Borer (Helicoverpa),Emamectin Benzoate 5% SG
Cotton,31.0,50.0,0.0,24.1,46.4,Medium,Whitefly,Diafenthiuron 50% WP
Paddy,33.9,68.5,122.8,58.1,15.5,Low,Stem Borer,Cartap Hydrochloride 4% G
Millets,31.6,64.8,0.0,18.8,73.4,High,Earhead Bug,Malathion 50% EC
Wheat,11.6,35.4,28.4,45.7,4.9,Low,No Significant Pest,No Spray Needed (monitor only)
Oil seeds,30.9,59.4,31.5,42.7,9.4,Low,No Significant Pest,No Spray Needed (monitor only)
Maize,35.0,64.1,0.0,29.6,10.8,Low,No Significant Pest,No Spray Needed (monitor only)
Millets,27.9,58.1,53.1,38.1,61.5,High,Shoot Fly,Thiamethoxam 30% FS
Ground Nuts,27.9,90.0,7.3,38.6,56.5,Medium,Aphid,Imidacloprid 17.8% SL
Paddy,23.2,89.0,38.3,65.6,29.7,Low,Blast,Tricyclazole 75% WP
Barley,24.9,76.7,0.0,34.3,38.1,Medium,Aphid,Imidacloprid 17.8% SL
Pulses,33.2,48.4,0.0,27.8,2.7,Low,No Significant Pest,No Spray Needed (monitor only)
Wheat,21.1,58.5,1.2,23.8,70.7,High,Termite,Chlorpyrifos 20% EC
Pulses,28.8,80.4,9.7,22.2,58.8,Medium,Pod Borer (Helicoverpa),Emamectin Benzoate 5% SG
Barley,21.9,70.7,0.0,38.1,52.6,Medium,Aphid,Imidacloprid 17.8% SL
Ground Nuts,34.9,51.4,0.2,22.2,14.6,Low,No Significant Pest,No Spray Needed (monitor only)
Paddy,24.6,88.3,0.0,45.4,16.7,Low,Blast,Tricyclazole 75% WP
Cotton,35.3,81.7,0.0,26.5,44.7,Medium,Whitefly,Diafenthiuron 50% WP
Millets,34.5,61.5,28.8,28.6,19.0,Low,Earhead Bug,Malathion 50% EC
Wheat,17.6,70.5,5.1,22.3,83.2,High,Aphid,Imidacloprid 17.8% SL
Maize,34.9,51.8,0.0,40.4,3.9,Low,No Significant Pest,No Spray Needed (monitor only)
Tobacco,21.1,69.3,39.1,47.7,25.4,Low,Aphid,Imidacloprid 17.8% SL
Paddy,22.2,66.2,89.1,71.8,9.4,Low,No Significant Pest,No Spray Needed (monitor only)
Maize,24.7,68.1,0.0,20.0,18.1,Low,Fall Armyworm,Spinetoram 11.7% SC
Millets,33.3,68.5,58.9,32.4,40.9,Medium,Shoot Fly,Thiamethoxam 30% FS
Oil seeds,12.1,86.2,0.0,41.2,34.6,Medium,Mustard Aphid,Dimethoate 30% EC
Paddy,31.2,87.8,0.0,59.9,36.9,Medium,Stem Borer,Cartap Hydrochloride 4% G
Tobacco,13.8,41.8,0.0,42.0,0.3,Low,No Significant Pest,No Spray Needed (monitor only)
Cotton,25.8,51.2,0.0,16.5,21.7,Low,Whitefly,Diafenthiuron 50% WP
Ground Nuts,35.8,78.6,0.0,36.9,18.2,Low,Leaf Miner,Chlorpyrifos 20% EC
Cotton,31.5,50.2,0.0,16.9,51.3,Medium,Whitefly,Diafenthiuron 50% WP
Millets,30.9,47.9,31.0,17.6,24.4,Low,Earhead Bug,Malathion 50% EC
Barley,17.9,69.0,0.0,30.7,76.3,High,Aphid,Imidacloprid 17.8% SL
Pulses,30.1,43.0,1.8,35.8,7.6,Low,No Significant Pest,No Spray Needed (monitor only)
Paddy,26.7,86.3,0.0,71.9,49.0,Medium,Brown Planthopper,Buprofezin 25% SC
Ground Nuts,30.1,59.2,0.0,27.2,46.0,Medium,Leaf Miner,Chlorpyrifos 20% EC
Maize,24.6,89.4,0.0,39.1,44.3,Medium,Turcicum Leaf Blight,Mancozeb 75% WP
Sugarcane,21.9,58.5,0.0,32.6,3.1,Low,No Significant Pest,No Spray Needed (monitor only)
Paddy,24.4,69.4,0.0,58.7,9.9,Low,No Significant Pest,No Spray Needed (monitor only)
Sugarcane,28.9,78.9,0.0,41.9,58.9,Medium,Early Shoot Borer,Chlorantraniliprole 18.5% SC
Millets,27.8,50.4,27.2,21.4,24.1,Low,Earhead Bug,Malathion 50% EC
Barley,27.3,63.0,9.6,33.3,19.7,Low,Aphid,Imidacloprid 17.8% SL
Paddy,24.1,97.7,0.5,68.9,41.7,Medium,Blast,Tricyclazole 75% WP
Barley,22.5,78.5,15.0,22.6,45.6,Medium,Aphid,Imidacloprid 17.8% SL
Barley,21.0,38.4,3.2,18.3,23.1,Low,Aphid,Imidacloprid 17.8% SL
Oil seeds,24.9,67.9,0.0,44.7,21.9,Low,Mustard Aphid,Dimethoate 30% EC
Millets,33.4,52.1,11.5,24.0,24.6,Low,Earhead Bug,Malathion 50% EC
Barley,15.1,67.8,11.7,31.5,52.2,Medium,Aphid,Imidacloprid 17.8% SL
Pulses,12.3,60.6,21.6,19.6,11.4,Low,No Significant Pest,No Spray Needed (monitor only)
Wheat,20.5,40.4,10.5,22.0,31.6,Medium,Termite,Chlorpyrifos 20% EC
Pulses,31.2,78.4,56.5,41.8,34.2,Medium,Wilt,Carbendazim 50% WP
Tobacco,21.2,69.0,6.1,29.8,63.2,High,Aphid,Imidacloprid 17.8% SL
Barley,12.2,37.4,6.9,35.5,9.2,Low,No Significant Pest,No Spray Needed (monitor only)
Tobacco,16.4,54.7,3.7,21.6,22.3,Low,Aphid,Imidacloprid 17.8% SL
Millets,29.3,46.1,70.0,28.6,21.1,Low,Shoot Fly,Thiamethoxam 30% FS
Paddy,30.7,95.0,0.0,65.2,47.8,Medium,Stem Borer,Cartap Hydrochloride 4% G
Paddy,26.7,76.1,5.4,72.4,40.9,Medium,Stem Borer,Cartap Hydrochloride 4% G
Millets,26.5,48.1,25.0,14.8,21.5,Low,Earhead Bug,Malathion 50% EC
Tobacco,21.5,58.7,18.2,39.2,25.6,Low,Aphid,Imidacloprid 17.8% SL
Oil seeds,31.5,72.7,26.2,41.9,23.4,Low,Girdle Beetle,Lambda-cyhalothrin 5% EC
Ground Nuts,31.5,66.8,0.0,15.4,73.3,High,Leaf Miner,Chlorpyrifos 20% EC
Millets,35.4,82.6,33.5,35.1,14.9,Low,No Significant Pest,No Spray Needed (monitor only)
Cotton,24.0,77.6,0.0,32.6,30.1,Medium,Jassid,Thiamethoxam 25% WG
Maize,34.9,60.4,120.0,41.2,13.4,Low,No Significant Pest,No Spray Needed (monitor only)
Pulses,17.4,56.0,0.0,28.0,43.9,Medium,Aphid,Thiamethoxam 25% WG
Pulses,27.6,62.3,0.0,28.5,53.1,Medium,Pod Borer (Helicoverpa),Emamectin Benzoate 5% SG
Ground Nuts,33.8,82.7,87.2,29.6,25.2,Low,Leaf Miner,Chlorpyrifos 20% EC
Paddy,30.8,72.4,0.0,73.3,26.7,Low,Stem Borer,Cartap Hydrochloride 4% G
Paddy,33.7,75.7,0.0,36.1,9.0,Low,No Significant Pest,No Spray Needed (monitor only)
Millets,25.2,65.7,0.0,13.0,45.3,Medium,Earhead Bug,Malathion 50% EC
Sugarcane,29.1,55.0,0.0,62.9,23.3,Low,Early Shoot Borer,Chlorantraniliprole 18.5% SC
Oil seeds,33.1,49.1,0.0,22.7,1.2,Low,No Significant Pest,No Spray Needed (monitor only)
Ground Nuts,30.0,76.2,1.8,21.3,78.9,High,Leaf Miner,Chlorpyrifos 20% EC
Paddy,35.9,72.6,55.1,65.7,9.5,Low,No Significant Pest,No Spray Needed (monitor only)
Wheat,10.3,78.2,20.9,35.1,44.3,Medium,Yellow Rust,Propiconazole 25% EC
Tobacco,12.2,51.7,0.1,44.1,4.6,Low,No Significant Pest,No Spray Needed (monitor only)
Oil seeds,18.1,48.2,0.0,44.0,26.0,Low,Mustard Aphid,Dimethoate 30% EC
Ground Nuts,33.1,79.2,0.0,27.0,58.9,Medium,Leaf Miner,Chlorpyrifos 20% EC
Tobacco,24.2,61.7,15.7,34.4,29.6,Low,Aphid,Imidacloprid 17.8% SL
Sugarcane,20.1,80.6,20.4,52.0,6.7,Low,No Significant Pest,No Spray Needed (monitor only)
Maize,23.3,62.7,0.0,44.2,17.1,Low,Fall Armyworm,Spinetoram 11.7% SC
Tobacco,23.0,75.6,40.0,24.0,39.3,Medium,Aphid,Imidacloprid 17.8% SL
Sugarcane,26.5,71.2,0.0,33.4,25.5,Low,Early Shoot Borer,Chlorantraniliprole 18.5% SC
Barley,24.3,79.1,0.5,17.8,52.5,Medium,Aphid,Imidacloprid 17.8% SL
Paddy,33.1,62.0,28.5,65.6,8.0,Low,No Significant Pest,No Spray Needed (monitor only)
Millets,32.8,60.7,11.8,15.8,50.2,Medium,Earhead Bug,Malathion 50% EC
Paddy,34.4,94.0,50.4,52.0,20.3,Low,Stem Borer,Cartap Hydrochloride 4% G
Paddy,32.4,75.5,150.0,62.7,42.8,Medium,Stem Borer,Cartap Hydrochloride 4% G
Maize,35.8,61.7,4.6,21.6,1.6,Low,No Significant Pest,No Spray Needed (monitor only)
Wheat,19.6,53.8,0.0,40.4,55.2,Medium,Aphid,Imidacloprid 17.8% SL
Oil seeds,21.8,51.6,0.5,19.6,41.9,Medium,Mustard Aphid,Dimethoate 30% EC
Maize,23.1,53.8,0.0,44.3,6.3,Low,No Significant Pest,No Spray Needed (monitor only)
Sugarcane,22.1,58.8,0.0,39.3,0.5,Low,No Significant Pest,No Spray Needed (monitor only)
Oil seeds,26.3,89.3,0.0,44.2,48.8,Medium,Girdle Beetle,Lambda-cyhalothrin 5% EC
Tobacco,18.9,48.5,15.8,34.4,6.8,Low,No Significant Pest,No Spray Needed (monitor only)
Cotton,24.4,59.0,24.7,21.1,18.0,Low,Jassid,Thiamethoxam 25% WG
Millets,30.4,79.0,40.1,29.3,65.2,High,Shoot Fly,Thiamethoxam 30% FS
Sugarcane,33.0,61.7,10.0,60.9,42.2,Medium,Early Shoot Borer,Chlorantraniliprole 18.5% SC
Sugarcane,34.9,94.9,16.9,62.8,43.4,Medium,Early Shoot Borer,Chlorantraniliprole 18.5% SC
Pulses,24.9,74.5,0.6,22.9,91.3,High,Pod Borer (Helicoverpa),Emamectin Benzoate 5% SG
Oil seeds,33.3,77.7,0.0,25.2,12.9,Low,No Significant Pest,No Spray Needed (monitor only)
Sugarcane,27.1,93.6,54.5,40.4,39.9,Medium,Woolly Aphid,Imidacloprid 17.8% SL
Tobacco,19.6,77.9,21.1,29.5,44.0,Medium,Aphid,Imidacloprid 17.8% SL
Oil seeds,22.3,66.5,0.0,44.5,35.7,Medium,Mustard Aphid,Dimethoate 30% EC
Pulses,23.4,54.1,46.5,33.0,42.8,Medium,Wilt,Carbendazim 50% WP
Maize,24.3,71.4,7.9,24.7,17.4,Low,Fall Armyworm,Spinetoram 11.7% SC
Cotton,34.6,51.6,40.3,48.0,15.1,Low,Whitefly,Diafenthiuron 50% WP
Maize,23.0,82.0,0.0,21.0,21.1,Low,Turcicum Leaf Blight,Mancozeb 75% WP
Paddy,35.4,63.4,150.0,82.2,6.8,Low,No Significant Pest,No Spray Needed (monitor only)
Paddy,27.8,94.1,0.0,55.3,39.6,Medium,Stem Borer,Cartap Hydrochloride 4% G
Paddy,35.3,75.0,90.5,72.7,18.1,Low,Stem Borer,Cartap Hydrochloride 4% G
Tobacco,27.1,80.4,10.8,29.6,48.7,Medium,Spodoptera Caterpillar,Emamectin Benzoate 5% SG
Ground Nuts,26.6,76.8,74.8,45.9,57.9,Medium,Leaf Spot (Tikka),Hexaconazole 5% EC
Tobacco,17.9,54.0,40.0,22.5,12.4,Low,No Significant Pest,No Spray Needed (monitor only)
Ground Nuts,35.7,87.0,3.4,31.6,21.9,Low,Leaf Miner,Chlorpyrifos 20% EC
Wheat,25.4,52.2,0.0,40.6,46.9,Medium,Termite,Chlorpyrifos 20% EC
Barley,10.0,66.6,0.0,19.8,32.6,Medium,Aphid,Imidacloprid 17.8% SL
Sugarcane,20.9,71.0,15.2,51.3,8.1,Low,No Significant Pest,No Spray Needed (monitor only)
Sugarcane,21.9,83.7,0.0,54.1,20.8,Low,Woolly Aphid,Imidacloprid 17.8% SL
Maize,29.2,56.4,17.5,34.9,17.1,Low,Fall Armyworm,Spinetoram 11.7% SC
Paddy,32.0,89.0,29.2,40.6,31.0,Medium,Stem Borer,Cartap Hydrochloride 4% G
Wheat,25.2,38.4,0.0,38.0,37.0,Medium,Termite,Chlorpyrifos 20% EC
Barley,15.6,51.2,23.9,23.1,30.4,Medium,Aphid,Imidacloprid 17.8% SL
Barley,20.8,36.8,0.0,38.2,15.7,Low,Aphid,Imidacloprid 17.8% SL
Wheat,9.5,45.8,30.0,33.7,8.1,Low,No Significant Pest,No Spray Needed (monitor only)
Paddy,27.6,91.5,1.9,79.1,56.7,Medium,Stem Borer,Cartap Hydrochloride 4% G
Cotton,34.6,54.5,0.0,21.9,35.1,Medium,Whitefly,Diafenthiuron 50% WP
Oil seeds,32.6,83.2,11.6,41.3,30.2,Medium,Girdle Beetle,Lambda-cyhalothrin 5% EC
Pulses,10.9,48.5,0.0,36.4,5.5,Low,No Significant Pest,No Spray Needed (monitor only)
Oil seeds,22.9,53.2,41.9,19.6,20.4,Low,Mustard Aphid,Dimethoate 30% EC
Tobacco,22.8,75.5,0.0,27.9,71.4,High,Aphid,Imidacloprid 17.8% SL
Pulses,21.3,73.7,19.7,33.9,51.4,Medium,Wilt,Carbendazim 50% WP
Tobacco,25.7,68.1,0.0,20.0,62.4,High,Aphid,Imidacloprid 17.8% SL
Wheat,26.3,61.4,0.7,35.5,60.2,High,Termite,Chlorpyrifos 20% EC
Maize,34.4,73.3,83.0,28.8,27.7,Low,Stem Borer,Chlorantraniliprole 18.5% SC
Millets,30.5,43.0,23.0,23.2,16.3,Low,Earhead Bug,Malathion 50% EC
Millets,34.5,67.3,11.7,31.3,25.8,Low,Earhead Bug,Malathion 50% EC
Paddy,22.5,67.0,17.1,45.7,8.5,Low,No Significant Pest,No Spray Needed (monitor only)
Maize,23.7,76.7,0.0,47.7,26.3,Low,Fall Armyworm,Spinetoram 11.7% SC
Ground Nuts,25.2,60.5,100.0,30.0,15.9,Low,Aphid,Imidacloprid 17.8% SL
Cotton,36.6,70.7,59.4,42.5,13.9,Low,No Significant Pest,No Spray Needed (monitor only)
Barley,23.5,43.7,23.1,34.3,13.8,Low,No Significant Pest,No Spray Needed (monitor only)
Paddy,33.6,63.0,13.2,38.6,9.1,Low,No Significant Pest,No Spray Needed (monitor only)
Barley,16.9,81.2,0.0,18.6,98.7,High,Aphid,Imidacloprid 17.8% SL
Cotton,26.5,89.6,2.5,18.4,63.1,High,Jassid,Thiamethoxam 25% WG
Paddy,29.0,67.6,13.0,53.4,22.0,Low,Stem Borer,Cartap Hydrochloride 4% G
Oil seeds,12.5,87.7,0.0,41.7,36.0,Medium,Mustard Aphid,Dimethoate 30% EC
Maize,28.3,60.1,61.6,34.2,41.6,Medium,Fall Armyworm,Spinetoram 11.7% SC
Tobacco,15.5,60.5,8.2,31.4,18.4,Low,Aphid,Imidacloprid 17.8% SL
Ground Nuts,33.9,64.6,0.0,13.3,48.1,Medium,Leaf Miner,Chlorpyrifos 20% EC
Paddy,26.6,89.9,117.3,87.7,94.6,High,Stem Borer,Cartap Hydrochloride 4% G
Millets,25.7,61.8,0.1,30.2,35.5,Medium,Shoot Fly,Thiamethoxam 30% FS
Sugarcane,33.5,64.1,6.4,49.9,47.1,Medium,Early Shoot Borer,Chlorantraniliprole 18.5% SC
Barley,11.6,70.6,0.0,26.1,53.5,Medium,Aphid,Imidacloprid 17.8% SL
Sugarcane,28.2,54.2,77.1,32.6,16.7,Low,Early Shoot Borer,Chlorantraniliprole 18.5% SC
Pulses,20.8,52.5,18.9,17.0,32.9,Medium,Aphid,Thiamethoxam 25% WG
Ground Nuts,33.8,59.2,40.5,28.8,22.7,Low,Leaf Miner,Chlorpyrifos 20% EC
Millets,27.6,73.9,0.0,28.3,58.3,Medium,Earhead Bug,Malathion 50% EC
Tobacco,16.5,83.6,0.0,28.2,44.1,Medium,Aphid,Imidacloprid 17.8% SL
Cotton,32.9,52.7,3.7,20.4,46.3,Medium,Whitefly,Diafenthiuron 50% WP
Tobacco,22.5,69.5,0.0,24.5,83.5,High,Aphid,Imidacloprid 17.8% SL
Cotton,26.7,61.3,48.8,44.3,24.0,Low,Pink Bollworm,Emamectin Benzoate 5% SG
Barley,13.7,36.7,25.0,33.8,12.7,Low,No Significant Pest,No Spray Needed (monitor only)
Sugarcane,20.3,69.4,120.0,62.3,7.4,Low,No Significant Pest,No Spray Needed (monitor only)
Barley,16.0,41.4,0.0,24.8,33.2,Medium,Aphid,Imidacloprid 17.8% SL
Ground Nuts,35.8,89.9,0.0,31.0,21.1,Low,Leaf Miner,Chlorpyrifos 20% EC
Paddy,29.0,95.8,0.0,48.7,40.5,Medium,Stem Borer,Cartap Hydrochloride 4% G
Oil seeds,30.4,75.3,7.0,19.0,18.3,Low,Girdle Beetle,Lambda-cyhalothrin 5% EC
Sugarcane,31.5,62.7,0.0,59.2,46.5,Medium,Early Shoot Borer,Chlorantraniliprole 18.5% SC
Tobacco,26.8,40.3,2.4,44.1,7.8,Low,No Significant Pest,No Spray Needed (monitor only)
Maize,25.0,51.2,28.3,40.3,7.8,Low,No Significant Pest,No Spray Needed (monitor only)
Cotton,28.9,75.3,0.0,31.6,70.5,High,Whitefly,Diafenthiuron 50% WP
Barley,14.2,51.2,8.1,17.1,45.4,Medium,Aphid,Imidacloprid 17.8% SL
Tobacco,22.8,52.5,1.6,43.0,25.7,Low,Aphid,Imidacloprid 17.8% SL
Tobacco,29.4,61.4,8.6,23.5,19.0,Low,Spodoptera Caterpillar,Emamectin Benzoate 5% SG
Cotton,28.2,53.5,0.0,37.3,34.8,Medium,Whitefly,Diafenthiuron 50% WP
Ground Nuts,26.0,80.5,0.0,16.5,92.1,High,Aphid,Imidacloprid 17.8% SL
Tobacco,22.3,44.5,0.3,24.4,16.5,Low,Aphid,Imidacloprid 17.8% SL
Maize,35.9,72.3,0.0,33.3,15.7,Low,Stem Borer,Chlorantraniliprole 18.5% SC
Sugarcane,26.1,76.4,40.7,52.4,20.0,Low,Woolly Aphid,Imidacloprid 17.8% SL
Pulses,33.3,64.2,17.4,20.7,17.6,Low,Pod Borer (Helicoverpa),Emamectin Benzoate 5% SG
Sugarcane,36.8,84.2,26.3,30.5,38.9,Medium,Early Shoot Borer,Chlorantraniliprole 18.5% SC
Oil seeds,26.6,60.4,10.6,39.1,12.7,Low,No Significant Pest,No Spray Needed (monitor only)
Pulses,14.6,69.6,13.8,31.1,25.1,Low,Aphid,Thiamethoxam 25% WG
Paddy,28.8,96.3,0.0,52.1,50.7,Medium,Stem Borer,Cartap Hydrochloride 4% G
Cotton,35.6,56.6,7.1,20.3,29.4,Low,Whitefly,Diafenthiuron 50% WP
Sugarcane,24.4,79.0,120.0,65.6,50.9,Medium,Woolly Aphid,Imidacloprid 17.8% SL
Millets,28.0,65.3,34.3,23.0,54.4,Medium,Shoot Fly,Thiamethoxam 30% FS
Maize,35.8,51.4,0.0,34.7,0.1,Low,No Significant Pest,No Spray Needed (monitor only)
Millets,31.9,41.7,0.0,22.4,19.3,Low,Earhead Bug,Malathion 50% EC
Oil seeds,27.3,68.2,1.2,41.9,28.6,Low,Girdle Beetle,Lambda-cyhalothrin 5% EC
Oil seeds,16.3,41.8,0.0,37.5,15.4,Low,Mustard Aphid,Dimethoate 30% EC
Cotton,32.7,70.8,7.2,20.6,80.3,High,Whitefly,Diafenthiuron 50% WP
Ground Nuts,24.7,84.8,0.0,14.2,75.7,High,Aphid,Imidacloprid 17.8% SL
Sugarcane,28.9,88.6,2.4,38.1,71.9,High,Early Shoot Borer,Chlorantraniliprole 18.5% SC
Sugarcane,24.3,71.2,28.2,46.1,9.4,Low,No Significant Pest,No Spray Needed (monitor only)
Paddy,28.5,96.4,150.0,85.9,100.0,High,Stem Borer,Cartap Hydrochloride 4% G
Ground Nuts,35.2,50.0,2.4,28.8,12.1,Low,No Significant Pest,No Spray Needed (monitor only)
Paddy,22.8,81.5,0.0,72.6,14.6,Low,No Significant Pest,No Spray Needed (monitor only)
Sugarcane,23.3,72.4,36.7,52.8,12.7,Low,No Significant Pest,No Spray Needed (monitor only)
Millets,36.8,56.2,10.4,12.1,13.3,Low,No Significant Pest,No Spray Needed (monitor only)
Barley,19.0,84.0,0.0,28.8,73.6,High,Aphid,Imidacloprid 17.8% SL
Wheat,25.2,71.9,5.5,24.3,54.7,Medium,Termite,Chlorpyrifos 20% EC
Maize,29.7,77.6,0.0,27.4,40.1,Medium,Fall Armyworm,Spinetoram 11.7% SC
Sugarcane,34.0,82.0,103.5,59.7,33.0,Medium,Early Shoot Borer,Chlorantraniliprole 18.5% SC
Ground Nuts,24.6,67.3,37.1,18.6,41.4,Medium,Aphid,Imidacloprid 17.8% SL
Ground Nuts,32.9,77.7,2.3,23.6,52.5,Medium,Leaf Miner,Chlorpyrifos 20% EC
Sugarcane,22.3,78.7,79.5,70.0,24.6,Low,Woolly Aphid,Imidacloprid 17.8% SL
Wheat,25.5,79.6,14.4,44.1,38.2,Medium,Termite,Chlorpyrifos 20% EC
Cotton,28.7,53.9,44.4,38.5,25.3,Low,Whitefly,Diafenthiuron 50% WP
Pulses,12.6,72.5,0.0,16.9,34.9,Medium,Aphid,Thiamethoxam 25% WG
Tobacco,13.4,87.3,5.3,29.7,22.9,Low,Aphid,Imidacloprid 17.8% SL
Oil seeds,22.9,52.0,0.0,31.0,28.0,Low,Mustard Aphid,Dimethoate 30% EC
Wheat,16.0,85.5,0.0,40.8,55.9,Medium,Aphid,Imidacloprid 17.8% SL
Millets,30.5,65.3,0.0,19.1,75.6,High,Earhead Bug,Malathion 50% EC
Pulses,22.1,66.7,2.5,17.1,82.8,High,Aphid,Thiamethoxam 25% WG
Barley,27.3,43.5,18.6,38.2,7.7,Low,No Significant Pest,No Spray Needed (monitor only)
Maize,25.3,89.1,0.0,33.9,35.0,Medium,Turcicum Leaf Blight,Mancozeb 75% WP
Ground Nuts,25.9,53.0,0.0,14.9,30.1,Medium,Leaf Miner,Chlorpyrifos 20% EC
Maize,29.7,71.7,51.3,32.4,62.9,High,Fall Armyworm,Spinetoram 11.7% SC
Pulses,22.5,74.7,0.0,20.7,74.8,High,Pod Borer (Helicoverpa),Emamectin Benzoate 5% SG
Ground Nuts,28.8,77.9,80.2,31.3,52.2,Medium,Leaf Spot (Tikka),Hexaconazole 5% EC
Wheat,22.7,65.4,1.4,30.9,79.4,High,Termite,Chlorpyrifos 20% EC
Maize,35.3,69.8,0.0,34.3,12.1,Low,No Significant Pest,No Spray Needed (monitor only)
Wheat,13.0,66.2,0.4,42.9,34.4,Medium,Aphid,Imidacloprid 17.8% SL
Pulses,12.1,61.4,52.9,43.6,8.2,Low,No Significant Pest,No Spray Needed (monitor only)
Paddy,32.4,85.2,50.2,46.2,32.2,Medium,Stem Borer,Cartap Hydrochloride 4% G
Oil seeds,27.9,64.7,0.0,38.3,17.6,Low,Girdle Beetle,Lambda-cyhalothrin 5% EC
Ground Nuts,25.0,68.0,55.3,35.2,21.7,Low,Aphid,Imidacloprid 17.8% SL
Sugarcane,31.2,78.7,0.0,48.5,66.6,High,Early Shoot Borer,Chlorantraniliprole 18.5% SC
Oil seeds,26.4,45.7,0.0,18.4,7.1,Low,No Significant Pest,No Spray Needed (monitor only)
Millets,37.4,77.8,20.4,26.8,9.4,Low,No Significant Pest,No Spray Needed (monitor only)
Paddy,24.9,95.9,139.9,61.3,64.2,High,Blast,Tricyclazole 75% WP
Sugarcane,31.9,61.8,112.3,66.4,19.2,Low,Early Shoot Borer,Chlorantraniliprole 18.5% SC
Cotton,30.9,78.5,49.4,22.6,65.8,High,Whitefly,Diafenthiuron 50% WP
Pulses,29.5,88.0,16.6,23.6,49.8,Medium,Pod Borer (Helicoverpa),Emamectin Benzoate 5% SG
Wheat,8.3,47.7,7.6,39.2,5.0,Low,No Significant Pest,No Spray Needed (monitor only)
Cotton,29.9,52.5,0.0,18.0,52.8,Medium,Whitefly,Diafenthiuron 50% WP
Paddy,22.3,89.9,0.0,62.5,21.8,Low,Blast,Tricyclazole 75% WP
Paddy,27.7,68.6,0.0,55.3,22.0,Low,Stem Borer,Cartap Hydrochloride 4% G
Cotton,29.6,48.1,0.0,17.7,41.2,Medium,Whitefly,Diafenthiuron 50% WP
Oil seeds,28.0,56.0,0.0,21.6,10.8,Low,No Significant Pest,No Spray Needed (monitor only)
Cotton,35.3,60.4,0.0,24.9,41.1,Medium,Whitefly,Diafenthiuron 50% WP
Cotton,33.4,52.2,16.9,36.5,27.8,Low,Whitefly,Diafenthiuron 50% WP
Tobacco,20.7,79.0,18.7,42.9,32.3,Medium,Aphid,Imidacloprid 17.8% SL
Tobacco,22.5,69.4,4.4,36.4,49.0,Medium,Aphid,Imidacloprid 17.8% SL
Barley,9.7,41.2,0.0,23.9,17.9,Low,Aphid,Imidacloprid 17.8% SL
Cotton,26.7,83.0,0.0,16.6,70.7,High,Jassid,Thiamethoxam 25% WG
Tobacco,29.6,44.2,0.0,44.6,3.5,Low,No Significant Pest,No Spray Needed (monitor only)
Sugarcane,28.5,55.6,120.0,53.4,11.8,Low,No Significant Pest,No Spray Needed (monitor only)
Pulses,26.1,68.1,0.5,22.7,78.1,High,Pod Borer (Helicoverpa),Emamectin Benzoate 5% SG
Maize,33.1,52.6,0.0,22.0,7.3,Low,No Significant Pest,No Spray Needed (monitor only)
Maize,29.1,70.9,29.8,21.8,37.3,Medium,Fall Armyworm,Spinetoram 11.7% SC
Millets,36.6,61.4,20.6,31.0,11.7,Low,No Significant Pest,No Spray Needed (monitor only)
Paddy,26.1,84.3,0.0,78.3,44.6,Medium,Stem Borer,Cartap Hydrochloride 4% G
Cotton,31.1,56.6,94.1,47.1,25.5,Low,Whitefly,Diafenthiuron 50% WP
Tobacco,13.3,50.6,32.0,43.2,1.6,Low,No Significant Pest,No Spray Needed (monitor only)
Cotton,31.5,75.9,66.7,49.9,62.5,High,Pink Bollworm,Emamectin Benzoate 5% SG
Oil seeds,13.1,45.0,67.4,29.2,9.5,Low,No Significant Pest,No Spray Needed (monitor only)
Pulses,11.3,60.4,60.0,25.3,3.6,Low,No Significant Pest,No Spray Needed (monitor only)
Ground Nuts,35.7,74.1,64.4,28.5,12.3,Low,No Significant Pest,No Spray Needed (monitor only)
Barley,27.9,39.5,5.5,36.4,8.3,Low,No Significant Pest,No Spray Needed (monitor only)
Millets,26.8,57.2,1.3,26.3,40.1,Medium,Earhead Bug,Malathion 50% EC
Pulses,17.0,69.8,2.8,23.6,63.8,High,Aphid,Thiamethoxam 25% WG
Cotton,34.7,86.9,0.5,20.1,63.6,High,Whitefly,Diafenthiuron 50% WP
Cotton,28.8,89.6,65.0,30.9,72.3,High,Pink Bollworm,Emamectin Benzoate 5% SG
Oil seeds,25.0,58.3,9.7,22.2,24.0,Low,Mustard Aphid,Dimethoate 30% EC
Cotton,31.9,60.5,4.4,37.5,53.1,Medium,Whitefly,Diafenthiuron 50% WP
Cotton,35.3,55.6,0.0,23.6,32.9,Medium,Whitefly,Diafenthiuron 50% WP
Pulses,20.7,71.2,0.0,16.1,91.2,High,Aphid,Thiamethoxam 25% WG
Cotton,32.7,82.5,0.0,34.7,55.6,Medium,Whitefly,Diafenthiuron 50% WP
Millets,27.8,66.1,0.0,14.2,71.5,High,Earhead Bug,Malathion 50% EC
Maize,33.6,73.1,0.0,26.4,21.2,Low,Stem Borer,Chlorantraniliprole 18.5% SC
Barley,14.9,76.6,0.0,35.7,61.9,High,Aphid,Imidacloprid 17.8% SL
Pulses,14.8,83.1,58.8,30.6,20.3,Low,Aphid,Thiamethoxam 25% WG
Oil seeds,19.2,62.8,73.8,46.8,29.7,Low,Mustard Aphid,Dimethoate 30% EC
Ground Nuts,34.4,77.7,100.0,23.1,19.4,Low,Leaf Miner,Chlorpyrifos 20% EC
Wheat,23.5,84.6,11.9,28.4,54.5,Medium,Termite,Chlorpyrifos 20% EC
Tobacco,30.3,73.5,8.4,33.8,36.1,Medium,Spodoptera Caterpillar,Emamectin Benzoate 5% SG
Pulses,19.6,60.1,9.1,22.2,49.8,Medium,Aphid,Thiamethoxam 25% WG
Barley,9.5,81.4,16.7,32.3,38.8,Medium,Yellow Rust,Propiconazole 25% EC
Cotton,31.9,52.3,110.0,52.1,16.6,Low,Whitefly,Diafenthiuron 50% WP
Cotton,31.8,67.4,0.0,39.4,64.4,High,Whitefly,Diafenthiuron 50% WP
Cotton,33.8,84.1,44.5,33.6,44.1,Medium,Whitefly,Diafenthiuron 50% WP
Maize,28.7,73.0,0.0,28.1,43.0,Medium,Fall Armyworm,Spinetoram 11.7% SC
Oil seeds,18.4,82.5,4.1,43.6,50.9,Medium,Mustard Aphid,Dimethoate 30% EC
Sugarcane,37.5,51.5,51.1,49.2,9.5,Low,No Significant Pest,No Spray Needed (monitor only)
Millets,31.5,71.3,4.9,21.7,68.3,High,Earhead Bug,Malathion 50% EC
Pulses,21.9,35.0,15.2,22.1,6.0,Low,No Significant Pest,No Spray Needed (monitor only)
Pulses,10.3,43.5,0.0,18.1,4.4,Low,No Significant Pest,No Spray Needed (monitor only)
Sugarcane,26.2,54.9,0.0,51.7,10.2,Low,No Significant Pest,No Spray Needed (monitor only)
Paddy,33.5,84.6,23.7,74.8,35.1,Medium,Stem Borer,Cartap Hydrochloride 4% G
Wheat,21.8,61.5,17.7,43.2,27.7,Low,Termite,Chlorpyrifos 20% EC
Ground Nuts,26.1,88.6,20.8,26.2,58.8,Medium,Aphid,Imidacloprid 17.8% SL
Oil seeds,33.2,55.8,13.4,40.5,2.3,Low,No Significant Pest,No Spray Needed (monitor only)
Barley,8.1,47.5,15.9,38.1,7.1,Low,No Significant Pest,No Spray Needed (monitor only)
Cotton,34.2,51.0,44.4,27.9,24.1,Low,Whitefly,Diafenthiuron 50% WP
Maize,31.9,80.5,0.0,20.8,28.8,Low,Stem Borer,Chlorantraniliprole 18.5% SC
Ground Nuts,31.5,56.5,4.1,13.1,50.9,Medium,Leaf Miner,Chlorpyrifos 20% EC
Pulses,12.1,56.7,0.0,15.6,16.3,Low,Aphid,Thiamethoxam 25% WG
Cotton,33.4,56.6,9.7,16.5,56.0,Medium,Whitefly,Diafenthiuron 50% WP
Barley,23.3,79.0,12.5,39.9,30.2,Medium,Aphid,Imidacloprid 17.8% SL
Millets,35.1,45.2,0.0,12.0,13.6,Low,No Significant Pest,No Spray Needed (monitor only)
Sugarcane,21.8,52.3,0.0,27.6,0.4,Low,No Significant Pest,No Spray Needed (monitor only)
Paddy,31.7,67.8,33.7,48.4,18.6,Low,Stem Borer,Cartap Hydrochloride 4% G
Paddy,29.7,86.4,57.8,43.8,40.4,Medium,Stem Borer,Cartap Hydrochloride 4% G
Millets,25.0,55.9,0.0,20.9,25.0,Low,Earhead Bug,Malathion 50% EC
Sugarcane,37.0,85.7,35.3,63.6,24.0,Low,Early Shoot Borer,Chlorantraniliprole 18.5% SC
Tobacco,13.8,42.3,4.2,19.3,3.3,Low,No Significant Pest,No Spray Needed (monitor only)
Maize,35.8,85.2,0.0,28.7,13.7,Low,No Significant Pest,No Spray Needed (monitor only)
Millets,37.4,53.5,80.3,22.1,6.2,Low,No Significant Pest,No Spray Needed (monitor only)
Pulses,24.3,85.6,18.4,20.5,58.8,Medium,Pod Borer (Helicoverpa),Emamectin Benzoate 5% SG
Paddy,34.9,94.9,4.9,40.6,12.0,Low,No Significant Pest,No Spray Needed (monitor only)
Millets,27.0,66.1,11.6,15.0,53.4,Medium,Earhead Bug,Malathion 50% EC
Wheat,10.0,52.9,7.8,34.6,11.4,Low,No Significant Pest,No Spray Needed (monitor only)
Sugarcane,27.8,81.1,0.0,51.0,32.4,Medium,Early Shoot Borer,Chlorantraniliprole 18.5% SC
Wheat,13.5,85.8,14.6,20.5,46.1,Medium,Yellow Rust,Propiconazole 25% EC
Maize,30.8,79.9,60.0,37.8,75.7,High,Fall Armyworm,Spinetoram 11.7% SC
Ground Nuts,26.7,66.3,0.0,23.6,51.3,Medium,Leaf Miner,Chlorpyrifos 20% EC
Millets,24.4,42.2,55.3,16.8,11.4,Low,No Significant Pest,No Spray Needed (monitor only)
Pulses,13.3,54.1,7.0,28.9,17.8,Low,Aphid,Thiamethoxam 25% WG
Wheat,21.6,55.6,0.0,31.8,56.8,Medium,Termite,Chlorpyrifos 20% EC
Millets,34.2,71.8,0.0,13.9,52.3,Medium,Earhead Bug,Malathion 50% EC
Wheat,22.2,55.6,5.1,28.6,55.2,Medium,Termite,Chlorpyrifos 20% EC
Pulses,28.3,44.8,25.3,38.9,11.0,Low,No Significant Pest,No Spray Needed (monitor only)
Millets,30.3,69.1,36.5,13.6,50.8,Medium,Earhead Bug,Malathion 50% EC
Pulses,25.1,53.2,0.0,27.2,32.6,Medium,Pod Borer (Helicoverpa),Emamectin Benzoate 5% SG
Oil seeds,22.2,55.5,33.6,32.2,21.4,Low,Mustard Aphid,Dimethoate 30% EC
Pulses,26.7,75.5,6.5,19.9,77.3,High,Pod Borer (Helicoverpa),Emamectin Benzoate 5% SG
Tobacco,26.7,80.0,6.7,20.0,49.6,Medium,Aphid,Imidacloprid 17.8% SL
Wheat,16.3,82.8,0.0,20.1,94.7,High,Aphid,Imidacloprid 17.8% SL
Barley,26.8,36.5,1.5,37.2,4.9,Low,No Significant Pest,No Spray Needed (monitor only)
Barley,27.4,80.0,12.0,36.6,14.7,Low,No Significant Pest,No Spray Needed (monitor only)
Wheat,14.7,36.5,18.1,34.5,10.1,Low,No Significant Pest,No Spray Needed (monitor only)
Oil seeds,16.5,72.9,1.5,32.1,70.0,High,Mustard Aphid,Dimethoate 30% EC
Pulses,20.5,38.9,14.6,22.4,9.4,Low,No Significant Pest,No Spray Needed (monitor only)
Paddy,32.4,84.1,150.0,75.0,70.4,High,Stem Borer,Cartap Hydrochloride 4% G
Tobacco,25.7,75.6,0.0,23.5,56.3,Medium,Aphid,Imidacloprid 17.8% SL
Wheat,11.2,84.5,0.0,30.7,33.6,Medium,Yellow Rust,Propiconazole 25% EC
Oil seeds,26.5,91.2,35.1,36.9,53.2,Medium,Girdle Beetle,Lambda-cyhalothrin 5% EC
Millets,31.3,48.3,0.0,26.4,29.5,Low,Earhead Bug,Malathion 50% EC
Oil seeds,12.1,70.0,22.4,37.3,23.4,Low,Mustard Aphid,Dimethoate 30% EC
Pulses,29.4,45.6,2.8,20.4,16.9,Low,Pod Borer (Helicoverpa),Emamectin Benzoate 5% SG
Ground Nuts,33.7,86.1,29.6,21.2,43.3,Medium,Leaf Miner,Chlorpyrifos 20% EC
Sugarcane,37.1,66.1,18.6,49.4,24.1,Low,Early Shoot Borer,Chlorantraniliprole 18.5% SC
Millets,25.4,50.1,0.0,18.0,25.3,Low,Earhead Bug,Malathion 50% EC
Millets,32.3,68.3,6.0,26.2,54.1,Medium,Earhead Bug,Malathion 50% EC
Pulses,22.2,72.9,13.8,28.5,46.8,Medium,Pod Borer (Helicoverpa),Emamectin Benzoate 5% SG
Millets,24.4,78.4,70.2,17.1,47.7,Medium,Shoot Fly,Thiamethoxam 30% FS
Pulses,12.1,69.9,43.4,24.4,11.9,Low,No Significant Pest,No Spray Needed (monitor only)
Tobacco,31.1,77.0,0.0,32.2,33.6,Medium,Spodoptera Caterpillar,Emamectin Benzoate 5% SG
Sugarcane,28.8,80.5,19.4,61.7,39.0,Medium,Early Shoot Borer,Chlorantraniliprole 18.5% SC
Tobacco,19.2,50.3,0.0,24.2,24.5,Low,Aphid,Imidacloprid 17.8% SL
Barley,11.3,82.1,20.7,22.4,49.0,Medium,Yellow Rust,Propiconazole 25% EC
Pulses,22.4,40.6,60.0,32.9,8.0,Low,No Significant Pest,No Spray Needed (monitor only)
Sugarcane,30.9,60.1,8.1,61.1,38.2,Medium,Early Shoot Borer,Chlorantraniliprole 18.5% SC
Oil seeds,23.7,89.2,21.6,27.6,46.1,Medium,Alternaria Blight,Mancozeb 75% WP
Paddy,32.1,61.8,2.7,63.3,9.1,Low,No Significant Pest,No Spray Needed (monitor only)
Wheat,8.1,69.5,0.0,31.3,12.4,Low,No Significant Pest,No Spray Needed (monitor only)
Tobacco,22.5,65.4,0.0,19.9,77.5,High,Aphid,Imidacloprid 17.8% SL
Sugarcane,33.9,87.2,120.0,44.8,33.0,Medium,Early Shoot Borer,Chlorantraniliprole 18.5% SC
Maize,28.8,78.6,0.0,20.8,36.5,Medium,Fall Armyworm,Spinetoram 11.7% SC
Ground Nuts,24.0,64.3,78.0,32.1,19.7,Low,Aphid,Imidacloprid 17.8% SL
Pulses,25.3,86.8,0.0,30.1,79.5,High,Pod Borer (Helicoverpa),Emamectin Benzoate 5% SG
Millets,34.6,48.4,0.0,11.2,21.6,Low,Earhead Bug,Malathion 50% EC
Ground Nuts,33.2,89.4,100.0,39.6,27.1,Low,Leaf Spot (Tikka),Hexaconazole 5% EC
Tobacco,31.8,75.7,26.8,39.5,50.0,Medium,Spodoptera Caterpillar,Emamectin Benzoate 5% SG
Pulses,10.8,65.2,0.0,37.8,7.7,Low,No Significant Pest,No Spray Needed (monitor only)
Paddy,27.1,65.4,27.0,55.7,14.8,Low,No Significant Pest,No Spray Needed (monitor only)
Tobacco,21.5,66.4,4.0,21.4,71.0,High,Aphid,Imidacloprid 17.8% SL
Barley,14.6,41.6,1.7,23.1,26.8,Low,Aphid,Imidacloprid 17.8% SL
Oil seeds,15.6,56.9,0.0,29.6,49.1,Medium,Mustard Aphid,Dimethoate 30% EC
Oil seeds,30.6,41.9,0.0,36.4,0.0,Low,No Significant Pest,No Spray Needed (monitor only)
Cotton,35.1,73.2,7.5,24.0,42.7,Medium,Whitefly,Diafenthiuron 50% WP
Tobacco,12.6,68.8,14.0,37.0,9.4,Low,No Significant Pest,No Spray Needed (monitor only)
Millets,36.8,76.4,1.2,33.7,17.6,Low,Earhead Bug,Malathion 50% EC
Ground Nuts,32.9,87.9,0.0,15.7,68.1,High,Leaf Miner,Chlorpyrifos 20% EC
Tobacco,26.1,79.5,2.1,23.2,63.0,High,Aphid,Imidacloprid 17.8% SL
Oil seeds,16.2,46.8,52.4,28.6,15.1,Low,Mustard Aphid,Dimethoate 30% EC
Paddy,27.3,97.2,0.0,72.8,59.0,Medium,Brown Planthopper,Buprofezin 25% SC
Tobacco,30.2,77.6,4.8,28.8,41.3,Medium,Spodoptera Caterpillar,Emamectin Benzoate 5% SG
Sugarcane,26.6,71.0,6.5,63.3,24.8,Low,Early Shoot Borer,Chlorantraniliprole 18.5% SC
Cotton,34.2,73.2,0.0,18.5,64.0,High,Whitefly,Diafenthiuron 50% WP
Maize,35.8,64.5,0.0,30.5,9.9,Low,No Significant Pest,No Spray Needed (monitor only)
Barley,15.3,67.5,0.0,31.5,67.3,High,Aphid,Imidacloprid 17.8% SL
Millets,37.5,57.9,19.7,36.3,6.1,Low,No Significant Pest,No Spray Needed (monitor only)
Paddy,24.0,81.0,31.8,53.5,18.4,Low,Stem Borer,Cartap Hydrochloride 4% G
Wheat,25.4,60.3,11.0,22.3,58.4,Medium,Termite,Chlorpyrifos 20% EC
Ground Nuts,26.8,88.4,58.4,41.8,81.0,High,Leaf Spot (Tikka),Hexaconazole 5% EC
Paddy,28.4,91.0,0.0,35.3,36.1,Medium,Stem Borer,Cartap Hydrochloride 4% G
Millets,29.1,60.1,0.0,31.5,47.7,Medium,Earhead Bug,Malathion 50% EC
Sugarcane,33.7,60.8,0.0,35.9,56.8,Medium,Early Shoot Borer,Chlorantraniliprole 18.5% SC
Oil seeds,28.9,83.9,60.1,38.2,64.6,High,Girdle Beetle,Lambda-cyhalothrin 5% EC
Paddy,23.7,85.5,102.0,60.1,36.7,Medium,Stem Borer,Cartap Hydrochloride 4% G
Paddy,33.0,60.7,0.0,63.7,4.5,Low,No Significant Pest,No Spray Needed (monitor only)
Cotton,33.5,53.1,5.1,28.9,40.4,Medium,Whitefly,Diafenthiuron 50% WP
Sugarcane,22.5,90.2,13.3,44.3,29.3,Low,Woolly Aphid,Imidacloprid 17.8% SL
Cotton,36.6,76.8,28.8,41.2,18.0,Low,Whitefly,Diafenthiuron 50% WP
Maize,35.0,79.7,69.0,28.3,26.5,Low,Stem Borer,Chlorantraniliprole 18.5% SC
Sugarcane,29.0,82.0,92.9,36.3,34.6,Medium,Early Shoot Borer,Chlorantraniliprole 18.5% SC
Wheat,21.8,72.1,27.5,22.0,40.3,Medium,Termite,Chlorpyrifos 20% EC
Tobacco,12.6,49.8,3.6,25.3,6.2,Low,No Significant Pest,No Spray Needed (monitor only)
Paddy,31.2,67.8,0.0,39.9,10.9,Low,No Significant Pest,No Spray Needed (monitor only)
Ground Nuts,25.7,54.3,61.8,21.9,10.3,Low,No Significant Pest,No Spray Needed (monitor only)
Cotton,25.7,83.1,20.0,33.7,42.3,Medium,Pink Bollworm,Emamectin Benzoate 5% SG
Paddy,29.7,91.2,48.3,43.6,41.2,Medium,Stem Borer,Cartap Hydrochloride 4% G
Pulses,25.6,41.3,2.3,32.3,10.5,Low,No Significant Pest,No Spray Needed (monitor only)
Maize,30.0,81.1,1.6,43.8,55.3,Medium,Fall Armyworm,Spinetoram 11.7% SC
Tobacco,23.3,76.9,29.8,24.0,42.5,Medium,Aphid,Imidacloprid 17.8% SL
Sugarcane,36.4,76.9,0.0,59.0,31.5,Medium,Early Shoot Borer,Chlorantraniliprole 18.5% SC
Millets,34.0,64.1,3.0,17.1,52.0,Medium,Earhead Bug,Malathion 50% EC
Ground Nuts,29.1,76.2,0.0,24.6,62.3,High,Aphid,Imidacloprid 17.8% SL
Barley,23.9,51.1,1.1,19.6,43.5,Medium,Aphid,Imidacloprid 17.8% SL
Maize,23.5,85.0,0.0,36.6,38.2,Medium,Turcicum Leaf Blight,Mancozeb 75% WP
Millets,36.8,85.3,6.8,29.9,15.1,Low,Earhead Bug,Malathion 50% EC
Wheat,10.8,59.4,6.3,32.2,23.2,Low,Aphid,Imidacloprid 17.8% SL
Sugarcane,30.3,63.9,74.5,50.6,32.6,Medium,Early Shoot Borer,Chlorantraniliprole 18.5% SC
Barley,16.7,63.5,25.0,34.3,35.1,Medium,Aphid,Imidacloprid 17.8% SL
Pulses,19.2,66.0,12.5,26.5,49.4,Medium,Aphid,Thiamethoxam 25% WG
Ground Nuts,31.4,64.8,4.9,15.0,67.1,High,Leaf Miner,Chlorpyrifos 20% EC
Wheat,13.7,69.5,4.0,35.5,42.4,Medium,Aphid,Imidacloprid 17.8% SL
Oil seeds,22.3,84.0,2.7,41.4,41.9,Medium,Mustard Aphid,Dimethoate 30% EC
Sugarcane,23.8,63.1,0.0,46.1,8.5,Low,No Significant Pest,No Spray Needed (monitor only)
Barley,26.2,39.6,1.4,15.9,10.8,Low,No Significant Pest,No Spray Needed (monitor only)
Oil seeds,28.6,90.8,4.0,20.2,30.4,Medium,Girdle Beetle,Lambda-cyhalothrin 5% EC
Cotton,34.3,51.0,0.0,17.1,32.4,Medium,Whitefly,Diafenthiuron 50% WP
Ground Nuts,33.7,76.1,0.0,18.9,52.1,Medium,Leaf Miner,Chlorpyrifos 20% EC
Barley,12.0,56.5,0.0,35.2,38.2,Medium,Aphid,Imidacloprid 17.8% SL
Tobacco,19.6,76.7,1.2,28.1,68.1,High,Aphid,Imidacloprid 17.8% SL
Paddy,33.1,75.6,0.0,52.1,14.0,Low,No Significant Pest,No Spray Needed (monitor only)
Maize,23.6,82.1,120.0,28.5,43.3,Medium,Turcicum Leaf Blight,Mancozeb 75% WP
Maize,26.5,89.9,10.3,33.7,41.4,Medium,Fall Armyworm,Spinetoram 11.7% SC
Cotton,32.6,83.3,4.9,26.7,78.4,High,Whitefly,Diafenthiuron 50% WP
Tobacco,12.8,78.8,19.1,27.7,6.8,Low,No Significant Pest,No Spray Needed (monitor only)
Maize,30.8,85.3,13.0,43.9,57.2,Medium,Fall Armyworm,Spinetoram 11.7% SC
Tobacco,13.3,49.7,24.1,35.6,3.2,Low,No Significant Pest,No Spray Needed (monitor only)
Wheat,27.1,78.5,2.6,20.0,67.1,High,Termite,Chlorpyrifos 20% EC
Barley,27.9,37.4,0.0,40.0,4.5,Low,No Significant Pest,No Spray Needed (monitor only)
Maize,33.9,62.2,0.0,18.8,10.5,Low,No Significant Pest,No Spray Needed (monitor only)
Paddy,32.1,60.8,0.5,57.3,3.8,Low,No Significant Pest,No Spray Needed (monitor only)
Oil seeds,23.4,65.8,9.0,30.8,34.3,Medium,Mustard Aphid,Dimethoate 30% EC
Millets,25.5,72.0,0.0,11.1,49.7,Medium,Earhead Bug,Malathion 50% EC
Millets,26.9,85.2,1.6,35.0,56.8,Medium,Shoot Fly,Thiamethoxam 30% FS
Cotton,29.4,78.2,93.5,24.7,56.5,Medium,Pink Bollworm,Emamectin Benzoate 5% SG
Paddy,35.5,73.5,46.1,43.1,6.5,Low,No Significant Pest,No Spray Needed (monitor only)
Cotton,33.2,53.2,0.0,20.4,44.4,Medium,Whitefly,Diafenthiuron 50% WP
Millets,26.9,50.3,12.7,31.3,25.1,Low,Earhead Bug,Malathion 50% EC
Tobacco,23.1,54.1,0.0,23.5,43.2,Medium,Aphid,Imidacloprid 17.8% SL
Tobacco,23.5,51.7,0.0,28.3,29.7,Low,Aphid,Imidacloprid 17.8% SL
Oil seeds,27.7,52.5,13.5,26.1,5.0,Low,No Significant Pest,No Spray Needed (monitor only)
Millets,31.2,45.1,0.0,17.1,28.1,Low,Earhead Bug,Malathion 50% EC
Wheat,18.4,72.4,0.0,20.1,95.4,High,Aphid,Imidacloprid 17.8% SL
Pulses,31.9,89.2,0.0,26.4,43.0,Medium,Pod Borer (Helicoverpa),Emamectin Benzoate 5% SG
Wheat,20.9,63.5,0.0,44.7,53.9,Medium,Termite,Chlorpyrifos 20% EC
Sugarcane,37.0,59.9,35.6,45.6,18.6,Low,Early Shoot Borer,Chlorantraniliprole 18.5% SC
Maize,25.7,62.1,58.7,22.9,23.7,Low,Fall Armyworm,Spinetoram 11.7% SC
Oil seeds,16.4,78.0,90.0,38.7,34.0,Medium,Mustard Aphid,Dimethoate 30% EC
Oil seeds,29.3,67.9,0.0,28.0,17.3,Low,Girdle Beetle,Lambda-cyhalothrin 5% EC
Ground Nuts,29.1,59.3,0.0,13.8,59.4,Medium,Leaf Miner,Chlorpyrifos 20% EC
Paddy,25.4,81.4,47.7,67.9,38.4,Medium,Stem Borer,Cartap Hydrochloride 4% G
Paddy,24.8,64.0,0.0,62.8,9.6,Low,No Significant Pest,No Spray Needed (monitor only)
Millets,34.8,81.3,0.0,31.1,29.5,Low,Earhead Bug,Malathion 50% EC
Sugarcane,20.8,64.3,14.9,54.2,4.3,Low,No Significant Pest,No Spray Needed (monitor only)
Sugarcane,22.7,65.3,110.2,57.6,7.7,Low,No Significant Pest,No Spray Needed (monitor only)
Barley,15.8,66.7,0.0,17.8,84.8,High,Aphid,Imidacloprid 17.8% SL
Sugarcane,35.2,88.0,0.0,44.7,50.6,Medium,Early Shoot Borer,Chlorantraniliprole 18.5% SC
Barley,22.4,37.3,14.5,26.7,12.5,Low,No Significant Pest,No Spray Needed (monitor only)
Wheat,13.0,71.8,17.9,34.3,33.5,Medium,Yellow Rust,Propiconazole 25% EC
Maize,24.2,78.4,10.0,24.9,16.5,Low,Fall Armyworm,Spinetoram 11.7% SC
Paddy,29.1,77.5,31.7,41.7,31.2,Medium,Stem Borer,Cartap Hydrochloride 4% G
Ground Nuts,32.6,56.0,22.6,20.8,31.1,Medium,Leaf Miner,Chlorpyrifos 20% EC
Oil seeds,27.6,68.4,0.0,23.5,19.1,Low,Girdle Beetle,Lambda-cyhalothrin 5% EC
Barley,19.6,42.7,7.1,26.8,29.3,Low,Aphid,Imidacloprid 17.8% SL
Maize,33.5,72.4,0.0,37.2,28.2,Low,Stem Borer,Chlorantraniliprole 18.5% SC
Barley,24.0,55.8,23.3,25.0,22.4,Low,Aphid,Imidacloprid 17.8% SL
Pulses,33.7,42.1,9.4,35.6,1.7,Low,No Significant Pest,No Spray Needed (monitor only)
Oil seeds,24.8,56.9,12.5,31.7,16.6,Low,Mustard Aphid,Dimethoate 30% EC
Millets,31.3,54.8,49.1,28.4,30.0,Medium,Shoot Fly,Thiamethoxam 30% FS
Millets,35.2,86.0,23.6,33.0,23.4,Low,Earhead Bug,Malathion 50% EC
Ground Nuts,25.0,74.3,0.0,14.1,70.3,High,Aphid,Imidacloprid 17.8% SL
Barley,18.1,66.8,11.5,38.6,47.1,Medium,Aphid,Imidacloprid 17.8% SL
Tobacco,21.3,42.7,0.0,32.7,10.9,Low,No Significant Pest,No Spray Needed (monitor only)
Paddy,26.5,92.9,0.0,67.6,43.3,Medium,Stem Borer,Cartap Hydrochloride 4% G
Oil seeds,12.3,46.3,0.0,35.2,14.5,Low,No Significant Pest,No Spray Needed (monitor only)
Paddy,23.2,93.5,150.0,64.4,50.8,Medium,Blast,Tricyclazole 75% WP
Barley,27.2,58.1,24.3,20.4,14.7,Low,No Significant Pest,No Spray Needed (monitor only)
Cotton,32.7,70.8,16.8,18.9,86.5,High,Whitefly,Diafenthiuron 50% WP
Sugarcane,26.8,84.5,0.0,35.1,43.5,Medium,Early Shoot Borer,Chlorantraniliprole 18.5% SC
Pulses,26.5,57.8,3.9,35.7,37.2,Medium,Pod Borer (Helicoverpa),Emamectin Benzoate 5% SG
Barley,10.5,38.8,1.2,28.4,12.8,Low,No Significant Pest,No Spray Needed (monitor only)
Tobacco,30.2,83.5,0.0,33.1,36.3,Medium,Spodoptera Caterpillar,Emamectin Benzoate 5% SG
Pulses,17.9,69.2,0.0,39.1,57.4,Medium,Aphid,Thiamethoxam 25% WG
Ground Nuts,33.5,80.1,0.0,21.0,58.5,Medium,Leaf Miner,Chlorpyrifos 20% EC
Wheat,10.5,67.7,2.3,28.5,24.6,Low,Aphid,Imidacloprid 17.8% SL
Pulses,32.5,71.4,0.1,26.9,33.9,Medium,Pod Borer (Helicoverpa),Emamectin Benzoate 5% SG
Pulses,15.4,81.9,0.4,35.2,42.9,Medium,Aphid,Thiamethoxam 25% WG
Maize,22.4,56.4,0.4,47.8,6.0,Low,No Significant Pest,No Spray Needed (monitor only)
Maize,22.8,55.7,0.7,20.6,4.6,Low,No Significant Pest,No Spray Needed (monitor only)
Cotton,31.8,66.1,29.8,33.9,55.4,Medium,Whitefly,Diafenthiuron 50% WP
Maize,34.5,81.4,92.6,31.4,34.7,Medium,Stem Borer,Chlorantraniliprole 18.5% SC
Wheat,20.8,80.5,0.0,27.5,71.3,High,Termite,Chlorpyrifos 20% EC
Barley,22.1,84.1,0.0,29.1,63.1,High,Aphid,Imidacloprid 17.8% SL
Wheat,17.3,49.5,0.0,28.1,54.9,Medium,Aphid,Imidacloprid 17.8% SL
Oil seeds,30.7,76.6,5.3,44.4,38.6,Medium,Girdle Beetle,Lambda-cyhalothrin 5% EC
Millets,25.7,73.8,25.7,17.0,44.3,Medium,Shoot Fly,Thiamethoxam 30% FS
Wheat,23.5,85.8,2.3,40.6,55.7,Medium,Termite,Chlorpyrifos 20% EC
Maize,28.7,76.6,0.0,45.1,58.3,Medium,Fall Armyworm,Spinetoram 11.7% SC
Millets,29.4,64.0,19.5,28.7,46.5,Medium,Earhead Bug,Malathion 50% EC
Cotton,25.4,53.6,15.9,37.8,15.6,Low,Whitefly,Diafenthiuron 50% WP
Tobacco,23.4,45.4,0.0,27.1,19.0,Low,Aphid,Imidacloprid 17.8% SL
Barley,26.9,46.5,0.4,29.7,12.7,Low,No Significant Pest,No Spray Needed (monitor only)
Maize,22.9,64.2,0.0,41.5,11.9,Low,No Significant Pest,No Spray Needed (monitor only)
Wheat,9.7,71.6,0.2,42.0,15.3,Low,Aphid,Imidacloprid 17.8% SL
Cotton,35.9,68.6,0.0,26.3,33.4,Medium,Whitefly,Diafenthiuron 50% WP
Millets,36.4,69.0,0.0,22.0,23.8,Low,Earhead Bug,Malathion 50% EC
Tobacco,18.0,71.5,0.0,37.1,43.4,Medium,Aphid,Imidacloprid 17.8% SL
Barley,18.4,58.7,5.8,38.8,56.6,Medium,Aphid,Imidacloprid 17.8% SL
Oil seeds,33.3,87.0,15.5,40.1,19.9,Low,Girdle Beetle,Lambda-cyhalothrin 5% EC
Cotton,27.0,75.7,6.1,38.2,49.4,Medium,Jassid,Thiamethoxam 25% WG
Barley,27.5,44.5,1.0,32.0,8.3,Low,No Significant Pest,No Spray Needed (monitor only)
Pulses,30.4,54.1,18.5,38.3,15.3,Low,Pod Borer (Helicoverpa),Emamectin Benzoate 5% SG
Cotton,34.7,64.8,0.0,24.1,49.8,Medium,Whitefly,Diafenthiuron 50% WP
Oil seeds,15.4,71.6,0.0,41.8,56.2,Medium,Mustard Aphid,Dimethoate 30% EC
Tobacco,19.2,72.3,0.0,31.7,57.1,Medium,Aphid,Imidacloprid 17.8% SL
Ground Nuts,29.6,72.2,0.0,14.9,87.3,High,Leaf Miner,Chlorpyrifos 20% EC
Wheat,26.0,66.7,15.0,24.8,44.8,Medium,Termite,Chlorpyrifos 20% EC
Maize,25.9,60.5,0.0,45.8,23.4,Low,Fall Armyworm,Spinetoram 11.7% SC
Millets,27.2,40.2,0.0,28.1,11.5,Low,No Significant Pest,No Spray Needed (monitor only)
Paddy,25.5,79.0,8.1,78.0,35.5,Medium,Stem Borer,Cartap Hydrochloride 4% G
Barley,22.4,56.8,14.7,37.8,26.4,Low,Aphid,Imidacloprid 17.8% SL
Millets,35.9,83.1,15.0,20.3,18.7,Low,Earhead Bug,Malathion 50% EC
Oil seeds,29.9,70.1,25.0,25.4,21.7,Low,Girdle Beetle,Lambda-cyhalothrin 5% EC
Barley,24.1,63.5,0.0,37.7,44.4,Medium,Aphid,Imidacloprid 17.8% SL
Ground Nuts,29.3,73.7,0.0,28.6,57.6,Medium,Leaf Miner,Chlorpyrifos 20% EC
Wheat,13.3,57.3,3.1,31.4,43.0,Medium,Aphid,Imidacloprid 17.8% SL
Paddy,26.9,66.4,37.8,66.8,22.3,Low,Stem Borer,Cartap Hydrochloride 4% G
Pulses,32.5,47.2,23.3,26.1,5.0,Low,No Significant Pest,No Spray Needed (monitor only)
Pulses,14.5,58.6,22.6,26.3,19.8,Low,Aphid,Thiamethoxam 25% WG
Pulses,17.0,54.8,31.5,29.8,24.3,Low,Aphid,Thiamethoxam 25% WG
Wheat,27.6,45.9,0.0,29.1,50.4,Medium,Termite,Chlorpyrifos 20% EC
Paddy,33.9,83.5,0.0,41.3,14.3,Low,No Significant Pest,No Spray Needed (monitor only)
Paddy,25.8,63.9,6.8,66.4,13.0,Low,No Significant Pest,No Spray Needed (monitor only)
Maize,31.1,54.4,0.0,29.2,15.8,Low,Fall Armyworm,Spinetoram 11.7% SC
Tobacco,20.5,54.1,19.8,32.2,21.1,Low,Aphid,Imidacloprid 17.8% SL
Millets,24.9,44.4,0.0,17.5,13.7,Low,No Significant Pest,No Spray Needed (monitor only)
Sugarcane,33.7,59.6,0.0,48.4,37.1,Medium,Early Shoot Borer,Chlorantraniliprole 18.5% SC
Pulses,28.2,47.9,60.0,38.2,13.8,Low,No Significant Pest,No Spray Needed (monitor only)
Paddy,23.0,87.6,29.8,66.7,30.3,Medium,Blast,Tricyclazole 75% WP
Maize,24.4,88.5,0.2,36.6,39.1,Medium,Turcicum Leaf Blight,Mancozeb 75% WP
Cotton,37.2,70.8,0.0,22.3,23.4,Low,Whitefly,Diafenthiuron 50% WP
Barley,22.5,66.8,2.0,29.9,51.0,Medium,Aphid,Imidacloprid 17.8% SL
Pulses,28.0,44.0,4.6,17.9,15.0,Low,No Significant Pest,No Spray Needed (monitor only)
Wheat,11.2,52.7,0.0,32.2,24.3,Low,Aphid,Imidacloprid 17.8% SL
Cotton,28.7,64.9,72.3,41.2,39.1,Medium,Pink Bollworm,Emamectin Benzoate 5% SG
Tobacco,29.2,49.0,12.8,34.5,5.6,Low,No Significant Pest,No Spray Needed (monitor only)
Wheat,17.8,46.0,30.0,40.3,20.3,Low,Aphid,Imidacloprid 17.8% SL
Wheat,27.3,48.0,30.0,32.9,23.8,Low,Termite,Chlorpyrifos 20% EC
Barley,11.1,35.4,8.5,30.7,7.8,Low,No Significant Pest,No Spray Needed (monitor only)
Maize,25.9,89.2,0.0,22.1,30.8,Medium,Fall Armyworm,Spinetoram 11.7% SC
Oil seeds,17.2,63.2,50.9,43.5,34.6,Medium,Mustard Aphid,Dimethoate 30% EC
Wheat,18.5,47.7,12.0,45.7,27.4,Low,Aphid,Imidacloprid 17.8% SL
Millets,24.2,53.3,7.4,28.2,12.9,Low,No Significant Pest,No Spray Needed (monitor only)
Sugarcane,37.1,52.4,40.1,41.1,6.5,Low,No Significant Pest,No Spray Needed (monitor only)
Maize,35.1,51.3,52.0,26.2,5.8,Low,No Significant Pest,No Spray Needed (monitor only)
Sugarcane,25.2,70.9,58.8,48.9,14.8,Low,No Significant Pest,No Spray Needed (monitor only)
Tobacco,27.8,76.8,3.6,31.2,46.7,Medium,Spodoptera Caterpillar,Emamectin Benzoate 5% SG
Sugarcane,35.1,69.9,1.4,56.6,40.3,Medium,Early Shoot Borer,Chlorantraniliprole 18.5% SC
Oil seeds,17.4,55.7,12.7,23.4,44.6,Medium,Mustard Aphid,Dimethoate 30% EC
Maize,23.6,65.7,0.0,36.8,11.9,Low,No Significant Pest,No Spray Needed (monitor only)
Sugarcane,27.0,63.8,63.0,61.8,12.5,Low,No Significant Pest,No Spray Needed (monitor only)
Oil seeds,25.8,45.0,7.9,22.1,8.3,Low,No Significant Pest,No Spray Needed (monitor only)
Millets,28.0,88.0,0.0,30.8,55.4,Medium,Earhead Bug,Malathion 50% EC
Sugarcane,27.2,79.6,19.0,26.6,48.7,Medium,Early Shoot Borer,Chlorantraniliprole 18.5% SC
Wheat,19.4,40.7,0.0,24.6,40.0,Medium,Termite,Chlorpyrifos 20% EC
Maize,34.0,77.0,0.0,22.2,18.7,Low,Stem Borer,Chlorantraniliprole 18.5% SC
Pulses,23.5,60.2,0.0,38.3,42.4,Medium,Aphid,Thiamethoxam 25% WG
Millets,36.8,85.8,26.3,16.3,17.0,Low,Earhead Bug,Malathion 50% EC
Millets,25.8,66.4,11.6,21.1,39.7,Medium,Earhead Bug,Malathion 50% EC
Millets,26.4,74.2,9.6,14.5,49.4,Medium,Earhead Bug,Malathion 50% EC
Sugarcane,29.6,64.4,37.0,57.1,26.6,Low,Early Shoot Borer,Chlorantraniliprole 18.5% SC
Millets,27.1,57.3,0.2,18.1,49.5,Medium,Earhead Bug,Malathion 50% EC
Millets,28.2,80.9,0.0,32.1,57.2,Medium,Earhead Bug,Malathion 50% EC
Barley,27.0,48.3,14.4,26.1,13.4,Low,No Significant Pest,No Spray Needed (monitor only)
Pulses,31.8,47.4,2.2,29.5,12.3,Low,No Significant Pest,No Spray Needed (monitor only)
Millets,31.5,72.4,0.0,19.1,77.4,High,Earhead Bug,Malathion 50% EC
Pulses,31.2,40.8,0.0,33.9,5.1,Low,No Significant Pest,No Spray Needed (monitor only)
Ground Nuts,33.7,68.8,81.4,45.6,20.3,Low,Leaf Miner,Chlorpyrifos 20% EC
Tobacco,14.2,86.6,2.6,24.2,24.0,Low,Aphid,Imidacloprid 17.8% SL
Pulses,17.6,84.1,0.0,30.5,65.6,High,Aphid,Thiamethoxam 25% WG
Maize,34.0,73.6,0.0,33.3,23.2,Low,Stem Borer,Chlorantraniliprole 18.5% SC
Sugarcane,32.1,87.9,40.3,55.6,45.1,Medium,Early Shoot Borer,Chlorantraniliprole 18.5% SC
Oil seeds,31.2,66.0,2.4,24.4,14.0,Low,No Significant Pest,No Spray Needed (monitor only)
Millets,31.6,73.9,0.0,13.3,81.2,High,Earhead Bug,Malathion 50% EC
Sugarcane,32.0,82.7,70.5,68.7,33.3,Medium,Early Shoot Borer,Chlorantraniliprole 18.5% SC
Barley,25.7,79.6,13.9,17.6,27.6,Low,Aphid,Imidacloprid 17.8% SL
Ground Nuts,25.4,72.7,0.3,22.8,73.8,High,Aphid,Imidacloprid 17.8% SL
Ground Nuts,27.3,82.0,0.0,27.0,79.9,High,Aphid,Imidacloprid 17.8% SL
Paddy,27.3,82.7,40.3,74.5,48.8,Medium,Stem Borer,Cartap Hydrochloride 4% G
Barley,27.3,60.9,0.8,29.4,23.6,Low,Aphid,Imidacloprid 17.8% SL
Millets,26.7,72.9,0.0,10.6,60.5,High,Earhead Bug,Malathion 50% EC
Ground Nuts,33.3,83.8,13.1,30.3,45.5,Medium,Leaf Miner,Chlorpyrifos 20% EC
Sugarcane,25.7,77.9,6.1,55.1,24.7,Low,Woolly Aphid,Imidacloprid 17.8% SL
Wheat,12.2,56.2,0.0,43.3,26.0,Low,Aphid,Imidacloprid 17.8% SL
Sugarcane,27.2,52.9,48.0,57.0,8.4,Low,No Significant Pest,No Spray Needed (monitor only)
Pulses,33.8,35.8,52.9,31.2,5.4,Low,No Significant Pest,No Spray Needed (monitor only)
Cotton,31.9,57.4,21.5,19.2,65.5,High,Whitefly,Diafenthiuron 50% WP
Wheat,21.7,65.1,0.0,33.5,60.0,High,Termite,Chlorpyrifos 20% EC
Wheat,22.2,59.2,2.8,22.9,69.7,High,Termite,Chlorpyrifos 20% EC
Sugarcane,37.6,52.9,19.8,45.9,9.8,Low,No Significant Pest,No Spray Needed (monitor only)
Wheat,16.1,43.8,0.0,44.7,23.8,Low,Aphid,Imidacloprid 17.8% SL
Barley,22.9,42.1,4.9,29.8,15.4,Low,Aphid,Imidacloprid 17.8% SL
Pulses,19.5,47.1,0.0,16.8,37.2,Medium,Aphid,Thiamethoxam 25% WG
Millets,37.7,85.0,6.5,12.6,18.7,Low,Earhead Bug,Malathion 50% EC
Millets,28.1,43.7,0.0,13.9,22.8,Low,Earhead Bug,Malathion 50% EC
Paddy,32.3,75.1,48.2,80.0,34.0,Medium,Stem Borer,Cartap Hydrochloride 4% G
Barley,23.0,68.6,0.9,18.2,61.9,High,Aphid,Imidacloprid 17.8% SL
Maize,23.9,69.5,1.7,41.8,19.3,Low,Fall Armyworm,Spinetoram 11.7% SC
Millets,37.5,51.5,2.6,11.6,11.2,Low,No Significant Pest,No Spray Needed (monitor only)
Barley,16.9,73.9,0.0,17.4,91.0,High,Aphid,Imidacloprid 17.8% SL
Barley,25.6,40.8,1.8,38.9,14.4,Low,No Significant Pest,No Spray Needed (monitor only)
Sugarcane,30.2,62.5,24.5,47.6,43.6,Medium,Early Shoot Borer,Chlorantraniliprole 18.5% SC
Cotton,26.3,59.8,5.5,35.0,32.9,Medium,Jassid,Thiamethoxam 25% WG
Tobacco,20.2,76.2,18.9,29.0,40.3,Medium,Aphid,Imidacloprid 17.8% SL
Tobacco,12.3,43.0,12.5,30.3,0.0,Low,No Significant Pest,No Spray Needed (monitor only)
Tobacco,18.3,53.5,19.5,44.2,12.4,Low,No Significant Pest,No Spray Needed (monitor only)
Tobacco,20.8,71.4,0.0,25.9,76.1,High,Aphid,Imidacloprid 17.8% SL
Tobacco,12.9,41.7,0.0,28.2,2.3,Low,No Significant Pest,No Spray Needed (monitor only)
Sugarcane,27.4,89.6,5.9,33.8,45.9,Medium,Early Shoot Borer,Chlorantraniliprole 18.5% SC
Cotton,33.8,51.0,48.1,24.4,29.3,Low,Whitefly,Diafenthiuron 50% WP
Pulses,16.5,83.6,0.0,28.2,54.1,Medium,Aphid,Thiamethoxam 25% WG
Wheat,10.3,86.9,0.0,19.5,28.4,Low,Aphid,Imidacloprid 17.8% SL
Ground Nuts,28.5,53.0,3.1,20.2,33.1,Medium,Leaf Miner,Chlorpyrifos 20% EC
Wheat,14.6,39.5,0.2,34.8,14.7,Low,No Significant Pest,No Spray Needed (monitor only)
Paddy,34.1,78.4,7.2,59.4,16.0,Low,Stem Borer,Cartap Hydrochloride 4% G
Wheat,12.8,59.0,17.2,26.9,27.3,Low,Aphid,Imidacloprid 17.8% SL
Pulses,22.1,51.2,0.0,29.4,37.0,Medium,Aphid,Thiamethoxam 25% WG
Wheat,27.5,76.2,0.4,42.0,45.5,Medium,Termite,Chlorpyrifos 20% EC
Ground Nuts,26.0,80.6,37.2,27.1,53.1,Medium,Aphid,Imidacloprid 17.8% SL
Cotton,36.4,78.6,0.0,35.9,28.9,Low,Whitefly,Diafenthiuron 50% WP
Cotton,32.2,59.7,40.3,36.8,42.6,Medium,Whitefly,Diafenthiuron 50% WP
Tobacco,13.8,67.9,40.0,38.7,7.9,Low,No Significant Pest,No Spray Needed (monitor only)
Barley,14.3,54.8,0.4,32.5,54.5,Medium,Aphid,Imidacloprid 17.8% SL
Oil seeds,21.7,78.6,0.0,20.0,71.6,High,Mustard Aphid,Dimethoate 30% EC
Cotton,27.4,70.0,16.2,37.1,43.0,Medium,Jassid,Thiamethoxam 25% WG
Ground Nuts,31.9,79.2,26.6,41.3,42.0,Medium,Leaf Miner,Chlorpyrifos 20% EC
Wheat,19.6,81.0,1.4,41.9,63.4,High,Aphid,Imidacloprid 17.8% SL
Sugarcane,24.0,74.0,18.5,63.1,15.7,Low,Woolly Aphid,Imidacloprid 17.8% SL
Pulses,23.8,51.9,4.0,22.0,35.1,Medium,Aphid,Thiamethoxam 25% WG
Ground Nuts,26.7,66.5,100.0,46.3,26.8,Low,Leaf Spot (Tikka),Hexaconazole 5% EC
Oil seeds,21.8,43.8,11.4,19.8,17.1,Low,Mustard Aphid,Dimethoate 30% EC
Oil seeds,33.3,63.2,36.3,36.8,6.3,Low,No Significant Pest,No Spray Needed (monitor only)
Tobacco,28.7,58.1,22.5,43.8,24.0,Low,Spodoptera Caterpillar,Emamectin Benzoate 5% SG
Sugarcane,33.9,60.5,0.0,40.3,50.0,Medium,Early Shoot Borer,Chlorantraniliprole 18.5% SC
Wheat,26.2,74.0,0.0,19.9,81.3,High,Termite,Chlorpyrifos 20% EC
Maize,35.2,62.8,6.3,37.8,5.7,Low,No Significant Pest,No Spray Needed (monitor only)
Ground Nuts,27.0,78.8,99.4,32.0,57.3,Medium,Leaf Spot (Tikka),Hexaconazole 5% EC
Wheat,11.1,80.7,0.0,34.9,31.0,Medium,Yellow Rust,Propiconazole 25% EC
Pulses,21.2,41.2,60.0,31.0,5.5,Low,No Significant Pest,No Spray Needed (monitor only)
Maize,28.9,51.4,0.0,38.3,13.3,Low,No Significant Pest,No Spray Needed (monitor only)
Barley,10.1,44.6,25.0,35.0,4.6,Low,No Significant Pest,No Spray Needed (monitor only)
Ground Nuts,33.7,59.4,0.0,19.6,44.0,Medium,Leaf Miner,Chlorpyrifos 20% EC
Maize,32.8,87.4,0.0,18.0,27.9,Low,Stem Borer,Chlorantraniliprole 18.5% SC
Sugarcane,37.5,59.6,0.0,62.5,12.6,Low,No Significant Pest,No Spray Needed (monitor only)
Wheat,11.2,78.7,0.6,38.7,30.4,Medium,Yellow Rust,Propiconazole 25% EC
Sugarcane,20.5,65.5,67.4,53.3,1.8,Low,No Significant Pest,No Spray Needed (monitor only)
Cotton,24.2,71.8,0.0,17.3,35.7,Medium,Jassid,Thiamethoxam 25% WG
Millets,33.4,42.7,19.0,12.2,10.2,Low,No Significant Pest,No Spray Needed (monitor only)
Maize,29.8,61.4,120.0,32.0,45.7,Medium,Fall Armyworm,Spinetoram 11.7% SC
Tobacco,15.9,80.8,0.0,40.8,31.7,Medium,Aphid,Imidacloprid 17.8% SL
Barley,14.1,57.2,5.0,31.4,56.3,Medium,Aphid,Imidacloprid 17.8% SL
Maize,27.6,57.2,37.4,35.0,25.2,Low,Fall Armyworm,Spinetoram 11.7% SC
Sugarcane,36.8,89.9,120.0,52.5,16.5,Low,Early Shoot Borer,Chlorantraniliprole 18.5% SC
Oil seeds,30.5,46.5,0.0,30.0,0.0,Low,No Significant Pest,No Spray Needed (monitor only)
Millets,27.2,56.3,9.9,33.0,34.3,Medium,Earhead Bug,Malathion 50% EC
Barley,26.3,57.7,0.0,38.5,18.9,Low,Aphid,Imidacloprid 17.8% SL
Ground Nuts,25.6,63.7,0.0,35.0,35.4,Medium,Aphid,Imidacloprid 17.8% SL
Cotton,30.9,79.8,3.8,36.0,74.2,High,Whitefly,Diafenthiuron 50% WP
Paddy,35.5,93.1,0.0,53.0,8.1,Low,No Significant Pest,No Spray Needed (monitor only)
Pulses,15.3,40.5,6.4,38.3,8.4,Low,No Significant Pest,No Spray Needed (monitor only)
Wheat,8.2,37.2,6.2,38.3,0.6,Low,No Significant Pest,No Spray Needed (monitor only)
Barley,11.2,48.9,0.9,19.6,35.1,Medium,Aphid,Imidacloprid 17.8% SL
Sugarcane,31.2,67.3,11.1,58.3,49.4,Medium,Early Shoot Borer,Chlorantraniliprole 18.5% SC
Millets,32.1,64.6,75.5,30.8,46.1,Medium,Shoot Fly,Thiamethoxam 30% FS
Paddy,27.7,79.9,0.0,51.2,28.0,Low,Stem Borer,Cartap Hydrochloride 4% G
Ground Nuts,27.1,69.7,85.1,39.8,32.4,Medium,Leaf Spot (Tikka),Hexaconazole 5% EC
Paddy,26.0,76.5,42.9,60.2,38.7,Medium,Stem Borer,Cartap Hydrochloride 4% G
Paddy,25.6,64.7,76.6,76.8,15.3,Low,Stem Borer,Cartap Hydrochloride 4% G
Paddy,30.9,69.5,16.4,49.1,16.9,Low,Stem Borer,Cartap Hydrochloride 4% G
Sugarcane,37.1,90.2,38.6,44.4,31.4,Medium,Early Shoot Borer,Chlorantraniliprole 18.5% SC
Millets,30.2,53.4,25.0,21.1,36.5,Medium,Earhead Bug,Malathion 50% EC
Paddy,34.2,61.6,150.0,67.3,9.5,Low,No Significant Pest,No Spray Needed (monitor only)
Oil seeds,18.5,44.2,2.2,43.4,16.2,Low,Mustard Aphid,Dimethoate 30% EC
Maize,28.9,58.2,0.0,39.8,26.0,Low,Fall Armyworm,Spinetoram 11.7% SC
Sugarcane,37.2,88.4,12.0,34.2,39.7,Medium,Early Shoot Borer,Chlorantraniliprole 18.5% SC
Paddy,33.4,76.0,0.0,76.8,23.2,Low,Stem Borer,Cartap Hydrochloride 4% G
Tobacco,24.5,57.3,14.9,37.0,26.6,Low,Aphid,Imidacloprid 17.8% SL
Oil seeds,30.0,55.7,37.9,27.5,3.2,Low,No Significant Pest,No Spray Needed (monitor only)
Sugarcane,35.2,53.3,4.2,48.6,20.9,Low,Early Shoot Borer,Chlorantraniliprole 18.5% SC
Barley,24.0,83.8,1.2,36.2,46.5,Medium,Aphid,Imidacloprid 17.8% SL
Wheat,12.7,86.5,21.3,33.4,77.7,High,Yellow Rust,Propiconazole 25% EC
Cotton,29.6,83.1,0.0,18.7,92.7,High,Jassid,Thiamethoxam 25% WG
Wheat,14.5,69.6,4.2,37.4,50.3,Medium,Aphid,Imidacloprid 17.8% SL
Barley,20.7,64.0,25.0,19.0,47.6,Medium,Aphid,Imidacloprid 17.8% SL
Paddy,30.5,60.7,115.3,63.0,18.1,Low,Stem Borer,Cartap Hydrochloride 4% G
Maize,27.7,59.5,113.8,55.8,46.5,Medium,Fall Armyworm,Spinetoram 11.7% SC
Pulses,30.5,52.9,0.0,27.1,26.4,Low,Pod Borer (Helicoverpa),Emamectin Benzoate 5% SG
Ground Nuts,24.1,66.1,37.9,27.4,33.6,Medium,Aphid,Imidacloprid 17.8% SL
Millets,26.8,41.4,0.0,33.7,9.8,Low,No Significant Pest,No Spray Needed (monitor only)
Maize,25.8,57.7,97.0,55.1,33.5,Medium,Fall Armyworm,Spinetoram 11.7% SC
Oil seeds,18.4,92.0,30.4,26.2,46.1,Medium,Mustard Aphid,Dimethoate 30% EC
Millets,28.9,48.3,0.0,15.3,33.6,Medium,Earhead Bug,Malathion 50% EC
Oil seeds,16.6,57.3,0.0,20.7,68.7,High,Mustard Aphid,Dimethoate 30% EC
Cotton,31.0,60.3,9.0,40.9,51.7,Medium,Whitefly,Diafenthiuron 50% WP
Barley,14.9,52.5,5.7,39.8,37.0,Medium,Aphid,Imidacloprid 17.8% SL
Maize,26.9,61.3,0.0,19.1,17.0,Low,Fall Armyworm,Spinetoram 11.7% SC
Sugarcane,29.2,51.5,0.0,58.5,20.4,Low,Early Shoot Borer,Chlorantraniliprole 18.5% SC
Paddy,34.4,73.0,150.0,83.4,27.6,Low,Stem Borer,Cartap Hydrochloride 4% G
Barley,8.7,65.9,5.4,29.5,23.7,Low,Aphid,Imidacloprid 17.8% SL
Barley,14.2,47.9,0.0,37.1,33.3,Medium,Aphid,Imidacloprid 17.8% SL
Ground Nuts,30.6,53.0,15.8,30.3,30.0,Medium,Leaf Miner,Chlorpyrifos 20% EC
Cotton,25.5,75.8,48.2,25.1,30.0,Low,Pink Bollworm,Emamectin Benzoate 5% SG
Paddy,26.1,64.5,70.1,42.6,13.2,Low,No Significant Pest,No Spray Needed (monitor only)
Maize,29.5,59.0,0.0,32.6,21.8,Low,Fall Armyworm,Spinetoram 11.7% SC
Ground Nuts,28.2,51.5,0.0,14.6,33.8,Medium,Leaf Miner,Chlorpyrifos 20% EC
Maize,23.0,56.4,2.6,20.1,5.8,Low,No Significant Pest,No Spray Needed (monitor only)
Paddy,22.0,93.0,39.1,81.4,31.6,Medium,Blast,Tricyclazole 75% WP
Tobacco,16.0,82.5,24.3,21.4,22.2,Low,Aphid,Imidacloprid 17.8% SL
Pulses,11.5,74.7,60.0,34.8,7.5,Low,No Significant Pest,No Spray Needed (monitor only)
Tobacco,14.5,40.2,5.3,37.2,2.8,Low,No Significant Pest,No Spray Needed (monitor only)
Ground Nuts,24.0,78.0,0.0,36.3,50.3,Medium,Aphid,Imidacloprid 17.8% SL
Barley,19.6,75.1,4.5,25.7,69.7,High,Aphid,Imidacloprid 17.8% SL
Cotton,26.0,88.3,26.2,38.1,44.8,Medium,Pink Bollworm,Emamectin Benzoate 5% SG
Paddy,22.0,77.0,143.8,80.6,21.9,Low,Stem Borer,Cartap Hydrochloride 4% G
Tobacco,26.3,68.3,0.6,38.5,37.0,Medium,Aphid,Imidacloprid 17.8% SL
Oil seeds,16.9,86.3,32.6,26.3,44.8,Medium,Mustard Aphid,Dimethoate 30% EC
Barley,19.6,70.8,25.0,40.0,31.0,Medium,Aphid,Imidacloprid 17.8% SL
Cotton,32.9,51.7,59.4,46.1,24.5,Low,Whitefly,Diafenthiuron 50% WP
Oil seeds,20.9,64.7,0.0,33.8,58.1,Medium,Mustard Aphid,Dimethoate 30% EC
Ground Nuts,34.5,84.6,9.0,22.9,36.4,Medium,Leaf Miner,Chlorpyrifos 20% EC
Sugarcane,24.1,70.3,33.7,32.1,9.0,Low,No Significant Pest,No Spray Needed (monitor only)
Barley,11.9,78.0,5.8,22.8,47.0,Medium,Aphid,Imidacloprid 17.8% SL
Wheat,19.1,41.9,1.2,32.9,30.8,Medium,Termite,Chlorpyrifos 20% EC
Wheat,13.8,39.8,0.0,32.6,17.3,Low,Aphid,Imidacloprid 17.8% SL
Pulses,17.1,54.0,11.4,20.1,30.8,Medium,Aphid,Thiamethoxam 25% WG
Sugarcane,22.4,56.0,0.0,40.4,3.8,Low,No Significant Pest,No Spray Needed (monitor only)
Pulses,10.1,80.6,26.8,23.7,4.5,Low,No Significant Pest,No Spray Needed (monitor only)
Barley,17.3,36.7,9.0,15.9,19.0,Low,Aphid,Imidacloprid 17.8% SL
Paddy,24.6,85.5,32.3,59.2,30.8,Medium,Stem Borer,Cartap Hydrochloride 4% G
Oil seeds,33.8,51.7,0.0,15.2,3.7,Low,No Significant Pest,No Spray Needed (monitor only)
Pulses,28.7,55.5,0.0,20.9,40.7,Medium,Pod Borer (Helicoverpa),Emamectin Benzoate 5% SG
Sugarcane,24.0,56.0,16.8,43.0,3.1,Low,No Significant Pest,No Spray Needed (monitor only)
Millets,30.1,87.6,0.0,25.0,78.5,High,Earhead Bug,Malathion 50% EC
Millets,36.6,84.9,66.5,26.1,9.2,Low,No Significant Pest,No Spray Needed (monitor only)
Oil seeds,14.5,78.3,1.4,15.4,84.6,High,Mustard Aphid,Dimethoate 30% EC
Millets,34.6,82.9,24.5,28.6,23.7,Low,Earhead Bug,Malathion 50% EC
Cotton,25.0,67.4,0.0,20.4,32.4,Medium,Jassid,Thiamethoxam 25% WG
Wheat,19.7,64.0,0.3,27.1,73.8,High,Aphid,Imidacloprid 17.8% SL
Wheat,27.5,77.3,0.0,27.9,53.6,Medium,Termite,Chlorpyrifos 20% EC
Tobacco,19.2,80.1,5.0,22.2,68.5,High,Aphid,Imidacloprid 17.8% SL
Millets,37.6,50.0,6.7,28.2,4.7,Low,No Significant Pest,No Spray Needed (monitor only)
Pulses,12.6,56.0,23.1,40.0,9.1,Low,No Significant Pest,No Spray Needed (monitor only)
Cotton,35.1,70.9,0.0,17.6,49.2,Medium,Whitefly,Diafenthiuron 50% WP
Maize,34.2,55.5,5.8,19.7,6.5,Low,No Significant Pest,No Spray Needed (monitor only)
Wheat,26.2,82.0,0.0,41.7,53.2,Medium,Termite,Chlorpyrifos 20% EC
Pulses,33.2,69.9,33.6,35.1,14.3,Low,No Significant Pest,No Spray Needed (monitor only)
Sugarcane,25.8,90.4,0.0,38.9,29.4,Low,Woolly Aphid,Imidacloprid 17.8% SL
Ground Nuts,32.0,71.2,0.0,18.0,70.0,High,Leaf Miner,Chlorpyrifos 20% EC
Wheat,21.7,64.4,0.0,22.9,72.9,High,Termite,Chlorpyrifos 20% EC
Wheat,24.9,69.1,0.0,44.2,49.5,Medium,Termite,Chlorpyrifos 20% EC
Tobacco,24.9,45.8,15.4,20.7,11.4,Low,No Significant Pest,No Spray Needed (monitor only)
Sugarcane,32.8,50.2,9.6,56.8,20.5,Low,Early Shoot Borer,Chlorantraniliprole 18.5% SC
Ground Nuts,32.7,84.2,27.4,19.4,59.7,Medium,Leaf Miner,Chlorpyrifos 20% EC
Wheat,9.4,70.7,0.5,34.6,17.4,Low,Aphid,Imidacloprid 17.8% SL
Millets,26.3,57.7,3.2,30.4,32.5,Medium,Earhead Bug,Malathion 50% EC
Oil seeds,27.6,67.4,12.5,24.0,18.0,Low,Girdle Beetle,Lambda-cyhalothrin 5% EC
Pulses,28.3,61.1,0.0,37.8,43.1,Medium,Pod Borer (Helicoverpa),Emamectin Benzoate 5% SG
Maize,30.7,57.9,120.0,41.3,40.6,Medium,Fall Armyworm,Spinetoram 11.7% SC
Maize,25.8,88.7,64.8,30.2,52.9,Medium,Fall Armyworm,Spinetoram 11.7% SC
Oil seeds,22.6,75.4,0.0,34.4,51.0,Medium,Mustard Aphid,Dimethoate 30% EC
Oil seeds,19.8,60.5,5.4,37.4,42.3,Medium,Mustard Aphid,Dimethoate 30% EC
Tobacco,13.7,42.8,0.0,22.0,3.6,Low,No Significant Pest,No Spray Needed (monitor only)
Cotton,28.7,89.2,36.0,21.4,75.6,High,Jassid,Thiamethoxam 25% WG
Sugarcane,35.9,86.1,120.0,60.6,16.7,Low,Early Shoot Borer,Chlorantraniliprole 18.5% SC
Wheat,19.9,77.0,0.0,38.6,59.9,Medium,Aphid,Imidacloprid 17.8% SL
Barley,14.0,69.1,22.6,31.5,37.2,Medium,Yellow Rust,Propiconazole 25% EC
Barley,11.3,83.5,15.1,24.8,43.8,Medium,Yellow Rust,Propiconazole 25% EC
Cotton,31.7,62.2,26.2,31.2,57.2,Medium,Whitefly,Diafenthiuron 50% WP
Barley,15.7,49.3,0.0,28.0,48.7,Medium,Aphid,Imidacloprid 17.8% SL
Barley,14.0,54.7,23.4,28.8,28.6,Low,Aphid,Imidacloprid 17.8% SL
Maize,31.6,90.2,2.7,23.5,36.2,Medium,Stem Borer,Chlorantraniliprole 18.5% SC
Maize,33.5,78.0,0.0,22.0,22.3,Low,Stem Borer,Chlorantraniliprole 18.5% SC
Barley,18.1,53.6,1.7,23.0,80.0,High,Aphid,Imidacloprid 17.8% SL
Oil seeds,31.7,43.3,30.2,22.7,3.4,Low,No Significant Pest,No Spray Needed (monitor only)
Wheat,14.0,44.3,5.0,30.2,23.3,Low,Aphid,Imidacloprid 17.8% SL
Tobacco,18.5,60.5,0.0,33.2,43.6,Medium,Aphid,Imidacloprid 17.8% SL
Barley,23.7,49.9,6.1,32.1,27.5,Low,Aphid,Imidacloprid 17.8% SL
Tobacco,27.3,49.0,0.0,42.9,9.1,Low,No Significant Pest,No Spray Needed (monitor only)
Tobacco,15.4,49.0,0.0,40.9,7.2,Low,No Significant Pest,No Spray Needed (monitor only)
Wheat,14.3,83.3,11.7,45.9,67.7,High,Yellow Rust,Propiconazole 25% EC
Wheat,15.6,51.9,0.0,22.2,59.7,Medium,Aphid,Imidacloprid 17.8% SL
Cotton,33.6,83.0,4.6,27.8,69.8,High,Whitefly,Diafenthiuron 50% WP
Cotton,26.5,57.2,6.8,43.7,22.6,Low,Jassid,Thiamethoxam 25% WG
Cotton,32.8,46.2,87.8,22.3,17.0,Low,Whitefly,Diafenthiuron 50% WP
Pulses,13.9,58.9,45.5,22.5,17.5,Low,Aphid,Thiamethoxam 25% WG
Maize,28.4,69.8,0.0,40.9,37.8,Medium,Fall Armyworm,Spinetoram 11.7% SC
Ground Nuts,31.6,65.4,0.0,32.2,50.5,Medium,Leaf Miner,Chlorpyrifos 20% EC
Cotton,37.9,50.9,6.1,18.5,12.1,Low,No Significant Pest,No Spray Needed (monitor only)
Maize,33.0,67.6,30.3,20.7,21.1,Low,Fall Armyworm,Spinetoram 11.7% SC
Oil seeds,32.1,43.4,26.3,25.3,0.0,Low,No Significant Pest,No Spray Needed (monitor only)
Sugarcane,26.6,67.1,41.7,65.4,13.6,Low,No Significant Pest,No Spray Needed (monitor only)
Cotton,27.8,66.8,84.9,24.6,35.3,Medium,Pink Bollworm,Emamectin Benzoate 5% SG
Cotton,28.6,66.4,52.2,49.0,44.1,Medium,Pink Bollworm,Emamectin Benzoate 5% SG
Cotton,36.6,59.3,15.8,37.7,19.3,Low,Whitefly,Diafenthiuron 50% WP
Paddy,33.3,64.5,0.0,52.8,7.8,Low,No Significant Pest,No Spray Needed (monitor only)
Tobacco,14.4,57.4,0.0,22.1,15.1,Low,Aphid,Imidacloprid 17.8% SL
Maize,34.6,54.5,34.7,44.9,6.3,Low,No Significant Pest,No Spray Needed (monitor only)
Maize,31.1,62.5,8.7,48.4,24.7,Low,Fall Armyworm,Spinetoram 11.7% SC
Wheat,27.7,66.0,4.2,31.0,46.6,Medium,Termite,Chlorpyrifos 20% EC
Pulses,11.6,36.8,56.8,22.7,1.4,Low,No Significant Pest,No Spray Needed (monitor only)
Wheat,10.2,67.7,14.0,37.0,19.2,Low,Yellow Rust,Propiconazole 25% EC
Maize,35.5,85.4,81.1,50.0,36.6,Medium,Stem Borer,Chlorantraniliprole 18.5% SC
Pulses,17.5,69.1,25.6,40.8,32.2,Medium,Wilt,Carbendazim 50% WP
Pulses,33.9,36.5,0.0,19.0,1.6,Low,No Significant Pest,No Spray Needed (monitor only)
Paddy,24.0,89.8,23.2,40.4,19.0,Low,Blast,Tricyclazole 75% WP
Maize,23.6,73.9,23.0,29.6,15.5,Low,Fall Armyworm,Spinetoram 11.7% SC
Oil seeds,25.3,61.4,4.6,45.0,16.0,Low,Mustard Aphid,Dimethoate 30% EC
Barley,27.7,50.7,25.0,33.1,4.7,Low,No Significant Pest,No Spray Needed (monitor only)
Pulses,19.5,70.4,24.3,18.8,49.9,Medium,Aphid,Thiamethoxam 25% WG
Sugarcane,21.6,73.0,6.5,61.7,7.5,Low,No Significant Pest,No Spray Needed (monitor only)
Millets,28.7,66.5,0.0,20.5,69.3,High,Earhead Bug,Malathion 50% EC
Sugarcane,20.3,54.1,0.0,48.3,0.4,Low,No Significant Pest,No Spray Needed (monitor only)
Millets,34.3,54.9,0.0,21.2,35.4,Medium,Earhead Bug,Malathion 50% EC
Pulses,27.6,42.1,2.8,27.6,8.1,Low,No Significant Pest,No Spray Needed (monitor only)
Millets,32.6,78.5,53.4,29.2,46.5,Medium,Shoot Fly,Thiamethoxam 30% FS
Oil seeds,14.6,46.8,77.6,38.6,12.4,Low,No Significant Pest,No Spray Needed (monitor only)
Maize,22.4,82.3,20.8,41.0,32.2,Medium,Turcicum Leaf Blight,Mancozeb 75% WP
Pulses,26.5,56.4,0.0,35.6,42.5,Medium,Pod Borer (Helicoverpa),Emamectin Benzoate 5% SG
Pulses,24.7,68.4,0.0,35.3,63.3,High,Pod Borer (Helicoverpa),Emamectin Benzoate 5% SG
Maize,22.9,64.4,31.4,39.4,12.2,Low,No Significant Pest,No Spray Needed (monitor only)
Sugarcane,20.5,54.6,72.1,68.9,3.1,Low,No Significant Pest,No Spray Needed (monitor only)
Tobacco,31.4,81.8,0.0,38.0,35.1,Medium,Spodoptera Caterpillar,Emamectin Benzoate 5% SG
Maize,27.5,78.2,120.0,57.2,92.0,High,Fall Armyworm,Spinetoram 11.7% SC
Wheat,27.8,62.9,19.3,28.0,40.4,Medium,Termite,Chlorpyrifos 20% EC
Pulses,27.0,72.1,48.9,21.2,52.4,Medium,Wilt,Carbendazim 50% WP
Maize,27.8,60.1,120.0,41.8,49.2,Medium,Fall Armyworm,Spinetoram 11.7% SC
Oil seeds,16.1,85.8,0.0,22.4,84.0,High,Mustard Aphid,Dimethoate 30% EC
Oil seeds,27.2,91.1,0.0,18.5,37.0,Medium,Girdle Beetle,Lambda-cyhalothrin 5% EC
Sugarcane,37.2,61.9,120.0,45.1,20.1,Low,Early Shoot Borer,Chlorantraniliprole 18.5% SC
Wheat,8.9,39.6,0.0,31.7,5.0,Low,No Significant Pest,No Spray Needed (monitor only)
Maize,33.6,55.9,7.3,39.6,8.3,Low,No Significant Pest,No Spray Needed (monitor only)
Oil seeds,29.7,87.4,0.0,30.8,36.3,Medium,Girdle Beetle,Lambda-cyhalothrin 5% EC
Barley,12.1,58.2,10.5,22.1,38.5,Medium,Aphid,Imidacloprid 17.8% SL
Sugarcane,34.6,75.1,35.0,44.8,47.0,Medium,Early Shoot Borer,Chlorantraniliprole 18.5% SC
Wheat,25.8,81.7,5.5,25.5,73.1,High,Termite,Chlorpyrifos 20% EC
Paddy,23.8,89.4,0.0,39.3,18.9,Low,Blast,Tricyclazole 75% WP
Maize,29.2,65.9,14.6,34.1,35.7,Medium,Fall Armyworm,Spinetoram 11.7% SC
Oil seeds,31.3,70.8,0.0,23.3,15.8,Low,Girdle Beetle,Lambda-cyhalothrin 5% EC
Tobacco,18.9,72.6,39.2,47.4,23.1,Low,Aphid,Imidacloprid 17.8% SL
Tobacco,23.4,49.7,1.2,34.3,26.4,Low,Aphid,Imidacloprid 17.8% SL
Wheat,15.7,78.5,0.7,38.7,62.8,High,Aphid,Imidacloprid 17.8% SL
Millets,28.8,81.4,11.8,22.8,59.1,Medium,Earhead Bug,Malathion 50% EC
Barley,20.2,72.9,0.0,34.7,67.8,High,Aphid,Imidacloprid 17.8% SL
Tobacco,15.1,74.9,0.0,43.7,21.0,Low,Aphid,Imidacloprid 17.8% SL
Sugarcane,26.6,92.0,6.4,56.5,42.4,Medium,Woolly Aphid,Imidacloprid 17.8% SL
Paddy,30.4,88.7,0.0,77.4,52.1,Medium,Stem Borer,Cartap Hydrochloride 4% G
Cotton,30.8,71.8,0.0,34.7,62.1,High,Whitefly,Diafenthiuron 50% WP
Sugarcane,23.6,75.2,0.0,30.4,7.8,Low,No Significant Pest,No Spray Needed (monitor only)
Barley,21.1,59.4,10.6,19.5,57.3,Medium,Aphid,Imidacloprid 17.8% SL
Sugarcane,20.9,70.4,38.3,54.5,7.8,Low,No Significant Pest,No Spray Needed (monitor only)
Tobacco,30.5,65.9,4.3,43.5,23.9,Low,Spodoptera Caterpillar,Emamectin Benzoate 5% SG
Pulses,25.0,75.6,0.0,33.4,68.4,High,Pod Borer (Helicoverpa),Emamectin Benzoate 5% SG
Oil seeds,14.8,73.6,6.3,35.7,44.2,Medium,Mustard Aphid,Dimethoate 30% EC
Tobacco,17.9,63.0,5.5,29.5,39.3,Medium,Aphid,Imidacloprid 17.8% SL
Ground Nuts,25.2,78.5,0.0,17.2,79.7,High,Aphid,Imidacloprid 17.8% SL
Oil seeds,33.0,84.9,60.5,41.3,31.1,Medium,Girdle Beetle,Lambda-cyhalothrin 5% EC
Cotton,24.7,61.8,60.9,41.6,17.8,Low,Pink Bollworm,Emamectin Benzoate 5% SG
Wheat,23.0,72.4,0.0,40.0,61.2,High,Termite,Chlorpyrifos 20% EC
Sugarcane,28.1,67.5,0.0,33.6,46.9,Medium,Early Shoot Borer,Chlorantraniliprole 18.5% SC
Oil seeds,28.4,91.8,1.2,33.5,42.7,Medium,Girdle Beetle,Lambda-cyhalothrin 5% EC
Ground Nuts,28.7,68.9,19.8,22.6,55.8,Medium,Leaf Miner,Chlorpyrifos 20% EC
Paddy,27.3,96.8,0.0,70.1,54.9,Medium,Brown Planthopper,Buprofezin 25% SC
Oil seeds,20.4,44.2,0.0,16.9,27.6,Low,Mustard Aphid,Dimethoate 30% EC
Oil seeds,13.5,85.5,12.8,38.9,35.0,Medium,Mustard Aphid,Dimethoate 30% EC
Barley,25.6,44.8,4.0,18.9,19.4,Low,Aphid,Imidacloprid 17.8% SL
Ground Nuts,25.3,69.6,100.0,35.5,31.2,Medium,Leaf Spot (Tikka),Hexaconazole 5% EC
Millets,30.7,74.5,0.0,20.7,74.0,High,Earhead Bug,Malathion 50% EC
Cotton,33.2,49.4,0.0,38.7,27.3,Low,Whitefly,Diafenthiuron 50% WP
Barley,19.6,54.6,0.0,18.1,77.8,High,Aphid,Imidacloprid 17.8% SL
Oil seeds,33.6,59.2,1.2,37.7,1.9,Low,No Significant Pest,No Spray Needed (monitor only)
Ground Nuts,27.1,81.5,0.0,36.1,61.1,High,Aphid,Imidacloprid 17.8% SL
Ground Nuts,31.3,87.6,0.0,36.5,56.7,Medium,Leaf Miner,Chlorpyrifos 20% EC
Wheat,17.3,85.7,0.0,27.1,81.9,High,Aphid,Imidacloprid 17.8% SL
Barley,25.4,65.7,0.0,25.5,34.5,Medium,Aphid,Imidacloprid 17.8% SL
Sugarcane,30.2,87.2,0.0,25.1,87.9,High,Early Shoot Borer,Chlorantraniliprole 18.5% SC
Wheat,24.1,43.1,1.1,33.9,45.8,Medium,Termite,Chlorpyrifos 20% EC
Millets,24.7,83.2,8.3,19.3,32.0,Medium,Shoot Fly,Thiamethoxam 30% FS
Wheat,21.5,39.4,22.9,32.4,24.1,Low,Termite,Chlorpyrifos 20% EC
Millets,36.9,79.7,0.3,29.4,13.5,Low,No Significant Pest,No Spray Needed (monitor only)
Tobacco,30.8,45.2,2.9,36.8,2.0,Low,No Significant Pest,No Spray Needed (monitor only)
Cotton,27.6,58.0,22.0,43.9,26.0,Low,Whitefly,Diafenthiuron 50% WP
Paddy,26.9,79.2,20.2,37.0,25.8,Low,Stem Borer,Cartap Hydrochloride 4% G
Tobacco,13.9,67.6,9.1,22.3,15.4,Low,Aphid,Imidacloprid 17.8% SL
Millets,37.6,71.0,0.0,26.6,13.4,Low,No Significant Pest,No Spray Needed (monitor only)
Millets,38.0,73.5,0.0,33.6,8.5,Low,No Significant Pest,No Spray Needed (monitor only)
Cotton,26.1,84.6,60.8,41.5,66.0,High,Pink Bollworm,Emamectin Benzoate 5% SG
Paddy,32.4,94.7,38.1,59.0,42.7,Medium,Stem Borer,Cartap Hydrochloride 4% G
Cotton,33.6,52.2,0.0,35.7,32.5,Medium,Whitefly,Diafenthiuron 50% WP
Maize,33.4,69.8,0.0,49.7,30.5,Medium,Stem Borer,Chlorantraniliprole 18.5% SC
Cotton,36.5,87.4,0.0,21.5,33.5,Medium,Whitefly,Diafenthiuron 50% WP
Tobacco,26.7,75.8,28.3,38.9,67.5,High,Spodoptera Caterpillar,Emamectin Benzoate 5% SG
Paddy,32.4,90.1,75.1,51.6,39.6,Medium,Stem Borer,Cartap Hydrochloride 4% G
Cotton,25.0,86.3,13.4,42.6,37.0,Medium,Pink Bollworm,Emamectin Benzoate 5% SG
Barley,16.0,64.2,25.0,38.4,31.6,Medium,Aphid,Imidacloprid 17.8% SL
Tobacco,19.0,66.1,0.0,33.2,53.5,Medium,Aphid,Imidacloprid 17.8% SL
Maize,31.1,66.9,31.7,40.1,41.0,Medium,Fall Armyworm,Spinetoram 11.7% SC
Sugarcane,22.9,94.4,36.4,50.9,38.3,Medium,Woolly Aphid,Imidacloprid 17.8% SL
Tobacco,29.2,73.5,0.0,32.0,37.6,Medium,Spodoptera Caterpillar,Emamectin Benzoate 5% SG
Millets,33.5,65.6,0.0,20.6,42.8,Medium,Earhead Bug,Malathion 50% EC
Barley,8.4,46.0,10.6,32.0,8.6,Low,No Significant Pest,No Spray Needed (monitor only)
Paddy,34.4,95.3,61.8,68.0,30.1,Medium,Stem Borer,Cartap Hydrochloride 4% G
Maize,33.5,74.4,0.0,27.4,21.7,Low,Stem Borer,Chlorantraniliprole 18.5% SC
Cotton,24.6,59.9,0.0,19.1,22.2,Low,Jassid,Thiamethoxam 25% WG
Paddy,35.1,77.2,0.0,61.7,13.2,Low,No Significant Pest,No Spray Needed (monitor only)
Tobacco,24.8,78.8,6.9,39.4,49.7,Medium,Aphid,Imidacloprid 17.8% SL
Pulses,19.9,84.5,8.3,16.7,84.4,High,Aphid,Thiamethoxam 25% WG
Paddy,22.8,83.8,118.6,52.0,20.1,Low,Blast,Tricyclazole 75% WP
Barley,9.8,69.8,4.4,25.3,34.8,Medium,Aphid,Imidacloprid 17.8% SL
Tobacco,25.6,44.7,1.4,40.8,8.8,Low,No Significant Pest,No Spray Needed (monitor only)
Oil seeds,21.7,72.5,35.4,42.8,24.8,Low,Mustard Aphid,Dimethoate 30% EC
Tobacco,20.1,57.2,35.3,29.0,25.3,Low,Aphid,Imidacloprid 17.8% SL
Sugarcane,30.7,61.2,24.8,63.1,32.4,Medium,Early Shoot Borer,Chlorantraniliprole 18.5% SC
Maize,29.7,76.6,0.0,40.4,47.5,Medium,Stem Borer,Chlorantraniliprole 18.5% SC
Paddy,30.5,60.4,45.6,43.2,5.9,Low,No Significant Pest,No Spray Needed (monitor only)
Pulses,19.1,69.7,0.0,22.9,84.6,High,Aphid,Thiamethoxam 25% WG
Paddy,28.6,71.9,36.0,55.8,28.4,Low,Stem Borer,Cartap Hydrochloride 4% G
Wheat,13.7,84.2,13.5,24.0,48.8,Medium,Yellow Rust,Propiconazole 25% EC
Millets,28.4,67.7,10.5,16.9,63.9,High,Earhead Bug,Malathion 50% EC
Tobacco,12.3,46.1,0.0,31.9,2.4,Low,No Significant Pest,No Spray Needed (monitor only)
Wheat,19.1,70.1,0.0,32.5,82.6,High,Aphid,Imidacloprid 17.8% SL
Oil seeds,24.8,79.0,1.5,26.2,30.2,Medium,Mustard Aphid,Dimethoate 30% EC
Tobacco,22.7,46.6,0.0,36.4,16.2,Low,Aphid,Imidacloprid 17.8% SL
Oil seeds,17.3,86.6,0.0,18.3,100.0,High,Mustard Aphid,Dimethoate 30% EC
Wheat,20.6,84.4,0.0,32.3,65.4,High,Aphid,Imidacloprid 17.8% SL
Millets,26.8,55.2,4.6,15.4,42.0,Medium,Earhead Bug,Malathion 50% EC
Cotton,30.8,64.5,1.3,39.2,55.2,Medium,Whitefly,Diafenthiuron 50% WP
Ground Nuts,25.9,76.1,0.0,23.8,65.7,High,Aphid,Imidacloprid 17.8% SL
Cotton,26.9,73.3,33.4,25.6,52.4,Medium,Jassid,Thiamethoxam 25% WG
Wheat,9.5,44.5,6.2,22.7,8.4,Low,No Significant Pest,No Spray Needed (monitor only)
Millets,26.6,87.2,3.7,12.1,68.6,High,Earhead Bug,Malathion 50% EC
Paddy,33.8,66.1,82.2,85.8,17.2,Low,Stem Borer,Cartap Hydrochloride 4% G
Ground Nuts,25.5,55.7,7.1,36.9,18.9,Low,Aphid,Imidacloprid 17.8% SL
Oil seeds,23.3,72.0,3.7,29.9,40.4,Medium,Mustard Aphid,Dimethoate 30% EC
Tobacco,14.6,85.5,0.0,31.8,25.8,Low,Aphid,Imidacloprid 17.8% SL
Ground Nuts,25.2,70.6,0.0,12.1,69.2,High,Aphid,Imidacloprid 17.8% SL
Ground Nuts,27.4,59.5,23.4,18.5,36.3,Medium,Leaf Miner,Chlorpyrifos 20% EC
Barley,19.4,43.1,6.7,31.3,28.6,Low,Aphid,Imidacloprid 17.8% SL
Pulses,15.9,37.7,60.0,27.5,2.4,Low,No Significant Pest,No Spray Needed (monitor only)
Sugarcane,20.7,79.5,36.9,36.3,8.6,Low,No Significant Pest,No Spray Needed (monitor only)
Pulses,24.2,36.6,0.0,35.4,8.0,Low,No Significant Pest,No Spray Needed (monitor only)
Maize,27.9,90.9,0.0,46.1,57.2,Medium,Fall Armyworm,Spinetoram 11.7% SC
Pulses,23.5,80.7,34.4,24.2,62.3,High,Wilt,Carbendazim 50% WP
Tobacco,18.0,55.7,0.0,41.3,22.8,Low,Aphid,Imidacloprid 17.8% SL
Tobacco,24.3,55.1,40.0,32.0,18.3,Low,Aphid,Imidacloprid 17.8% SL
Maize,27.9,66.7,0.0,30.3,29.6,Low,Fall Armyworm,Spinetoram 11.7% SC
Wheat,16.3,84.8,0.8,37.6,60.2,High,Aphid,Imidacloprid 17.8% SL
Ground Nuts,29.8,68.1,0.0,21.6,66.0,High,Leaf Miner,Chlorpyrifos 20% EC
Millets,31.6,45.0,1.8,33.7,24.7,Low,Earhead Bug,Malathion 50% EC
Tobacco,24.0,72.7,0.0,36.9,60.3,High,Aphid,Imidacloprid 17.8% SL
Tobacco,24.0,56.6,3.7,36.2,33.5,Medium,Aphid,Imidacloprid 17.8% SL
Millets,27.9,51.1,0.0,21.0,35.6,Medium,Earhead Bug,Malathion 50% EC
Pulses,27.1,42.5,9.4,40.6,6.5,Low,No Significant Pest,No Spray Needed (monitor only)
Millets,27.8,69.0,19.0,24.3,52.8,Medium,Shoot Fly,Thiamethoxam 30% FS
Maize,23.9,55.3,24.2,36.0,7.1,Low,No Significant Pest,No Spray Needed (monitor only)
Oil seeds,23.5,57.8,0.0,22.5,36.8,Medium,Mustard Aphid,Dimethoate 30% EC
Sugarcane,37.0,78.6,0.0,37.5,36.8,Medium,Early Shoot Borer,Chlorantraniliprole 18.5% SC
Sugarcane,21.8,94.6,28.4,27.4,17.4,Low,Woolly Aphid,Imidacloprid 17.8% SL
Pulses,29.8,87.5,0.0,36.5,50.3,Medium,Pod Borer (Helicoverpa),Emamectin Benzoate 5% SG
Millets,31.1,47.7,0.6,15.8,38.2,Medium,Earhead Bug,Malathion 50% EC
Cotton,25.4,54.7,23.8,28.6,19.5,Low,Jassid,Thiamethoxam 25% WG
Ground Nuts,30.0,76.7,0.0,38.4,58.5,Medium,Leaf Miner,Chlorpyrifos 20% EC
Barley,8.7,55.7,0.0,22.1,22.6,Low,Aphid,Imidacloprid 17.8% SL
Sugarcane,31.0,76.4,0.3,36.0,86.6,High,Early Shoot Borer,Chlorantraniliprole 18.5% SC
Millets,29.0,85.0,9.4,31.7,55.2,Medium,Earhead Bug,Malathion 50% EC
Oil seeds,31.2,51.9,10.2,26.8,1.1,Low,No Significant Pest,No Spray Needed (monitor only)
Oil seeds,13.8,48.9,46.5,28.7,18.0,Low,Mustard Aphid,Dimethoate 30% EC
Barley,14.2,82.5,0.0,21.3,80.2,High,Aphid,Imidacloprid 17.8% SL
Maize,28.0,90.6,0.0,40.7,55.0,Medium,Fall Armyworm,Spinetoram 11.7% SC
Ground Nuts,33.9,55.5,6.3,21.5,25.6,Low,Leaf Miner,Chlorpyrifos 20% EC
Millets,33.0,68.2,0.0,27.4,54.4,Medium,Earhead Bug,Malathion 50% EC
Paddy,28.3,70.8,14.2,62.6,29.5,Low,Stem Borer,Cartap Hydrochloride 4% G
Ground Nuts,30.6,66.5,18.8,33.3,53.2,Medium,Leaf Miner,Chlorpyrifos 20% EC
Millets,33.6,74.2,90.0,32.6,38.8,Medium,Shoot Fly,Thiamethoxam 30% FS
Cotton,27.5,65.3,40.9,23.4,49.7,Medium,Jassid,Thiamethoxam 25% WG
Cotton,25.6,49.2,61.5,20.7,9.7,Low,No Significant Pest,No Spray Needed (monitor only)
Tobacco,20.9,41.9,0.0,28.8,11.0,Low,No Significant Pest,No Spray Needed (monitor only)
Pulses,28.1,79.0,0.0,23.1,75.6,High,Pod Borer (Helicoverpa),Emamectin Benzoate 5% SG
Barley,8.7,81.2,0.0,22.6,27.3,Low,Aphid,Imidacloprid 17.8% SL
Wheat,18.0,86.5,23.1,25.0,54.9,Medium,Aphid,Imidacloprid 17.8% SL
Sugarcane,22.9,66.4,0.0,46.8,5.2,Low,No Significant Pest,No Spray Needed (monitor only)
Ground Nuts,30.3,82.3,0.0,33.2,61.9,High,Leaf Miner,Chlorpyrifos 20% EC
Ground Nuts,27.3,73.7,100.0,33.0,44.2,Medium,Leaf Spot (Tikka),Hexaconazole 5% EC
Cotton,28.9,50.0,64.6,44.7,18.3,Low,Whitefly,Diafenthiuron 50% WP
Barley,17.4,75.7,4.7,31.4,72.3,High,Aphid,Imidacloprid 17.8% SL
Wheat,27.5,79.2,15.8,36.5,37.2,Medium,Termite,Chlorpyrifos 20% EC
Oil seeds,16.9,73.9,19.2,35.1,40.2,Medium,Mustard Aphid,Dimethoate 30% EC
Tobacco,23.2,82.9,0.0,42.6,58.8,Medium,Aphid,Imidacloprid 17.8% SL
Wheat,16.9,58.2,0.0,33.3,58.0,Medium,Aphid,Imidacloprid 17.8% SL
Cotton,26.6,68.7,9.0,17.9,55.1,Medium,Jassid,Thiamethoxam 25% WG
Sugarcane,25.8,75.7,0.2,28.6,28.9,Low,Early Shoot Borer,Chlorantraniliprole 18.5% SC
Tobacco,21.4,63.6,0.0,30.9,61.3,High,Aphid,Imidacloprid 17.8% SL
Paddy,29.6,83.6,3.8,39.7,30.7,Medium,Stem Borer,Cartap Hydrochloride 4% G
Paddy,35.2,74.7,28.4,45.9,8.8,Low,No Significant Pest,No Spray Needed (monitor only)
Cotton,31.8,49.8,0.0,25.8,39.8,Medium,Whitefly,Diafenthiuron 50% WP
Tobacco,31.0,85.8,0.0,34.2,36.4,Medium,Spodoptera Caterpillar,Emamectin Benzoate 5% SG
Pulses,16.3,64.7,31.7,33.4,25.3,Low,Aphid,Thiamethoxam 25% WG
Tobacco,29.6,86.3,0.4,28.2,43.2,Medium,Spodoptera Caterpillar,Emamectin Benzoate 5% SG
Maize,29.8,66.9,120.0,56.8,82.1,High,Fall Armyworm,Spinetoram 11.7% SC
Ground Nuts,27.0,81.2,0.0,17.9,89.1,High,Aphid,Imidacloprid 17.8% SL
Millets,24.2,66.5,0.0,23.6,26.0,Low,Shoot Fly,Thiamethoxam 30% FS
Oil seeds,23.3,47.6,4.3,37.1,16.9,Low,Mustard Aphid,Dimethoate 30% EC
Millets,32.5,84.3,0.1,19.6,66.5,High,Earhead Bug,Malathion 50% EC
Sugarcane,21.9,86.4,14.1,48.9,23.8,Low,Woolly Aphid,Imidacloprid 17.8% SL
Paddy,32.4,67.7,0.0,45.4,10.1,Low,No Significant Pest,No Spray Needed (monitor only)
Oil seeds,19.6,78.8,65.6,43.5,41.1,Medium,Alternaria Blight,Mancozeb 75% WP
Cotton,33.9,67.4,76.6,37.0,30.4,Medium,Whitefly,Diafenthiuron 50% WP
Millets,35.4,56.8,0.0,23.7,23.2,Low,Earhead Bug,Malathion 50% EC
Pulses,13.0,49.9,0.0,39.3,15.4,Low,Aphid,Thiamethoxam 25% WG
Barley,8.5,59.2,4.8,27.0,22.5,Low,Aphid,Imidacloprid 17.8% SL
Wheat,18.9,53.2,0.0,22.5,70.6,High,Aphid,Imidacloprid 17.8% SL
Maize,32.5,63.6,1.9,22.7,17.9,Low,Fall Armyworm,Spinetoram 11.7% SC
Cotton,28.3,84.3,14.7,33.9,60.3,High,Jassid,Thiamethoxam 25% WG
Maize,23.5,56.7,0.0,23.7,8.4,Low,No Significant Pest,No Spray Needed (monitor only)
Pulses,30.3,64.5,0.0,33.0,46.4,Medium,Pod Borer (Helicoverpa),Emamectin Benzoate 5% SG
Cotton,27.8,89.5,14.2,25.2,65.0,High,Jassid,Thiamethoxam 25% WG
Paddy,28.9,91.3,8.5,64.8,57.0,Medium,Stem Borer,Cartap Hydrochloride 4% G
Millets,36.2,49.7,16.2,25.7,5.7,Low,No Significant Pest,No Spray Needed (monitor only)
Wheat,24.8,44.0,1.8,35.3,46.9,Medium,Termite,Chlorpyrifos 20% EC
Wheat,17.9,65.7,9.1,19.2,71.4,High,Aphid,Imidacloprid 17.8% SL
Cotton,27.4,45.5,0.0,36.2,17.6,Low,Whitefly,Diafenthiuron 50% WP
Paddy,27.9,93.1,99.0,57.6,64.1,High,Brown Planthopper,Buprofezin 25% SC
Barley,8.3,76.9,0.0,25.9,24.8,Low,Aphid,Imidacloprid 17.8% SL
Pulses,17.1,64.0,0.0,22.8,65.0,High,Aphid,Thiamethoxam 25% WG
Barley,20.7,75.3,13.0,40.7,39.9,Medium,Aphid,Imidacloprid 17.8% SL
Wheat,9.4,45.0,9.2,35.4,2.4,Low,No Significant Pest,No Spray Needed (monitor only)
Maize,31.0,79.3,1.9,19.5,31.1,Medium,Fall Armyworm,Spinetoram 11.7% SC
Cotton,27.6,72.0,1.8,38.5,54.0,Medium,Jassid,Thiamethoxam 25% WG
Oil seeds,27.2,47.1,0.0,33.6,5.9,Low,No Significant Pest,No Spray Needed (monitor only)
Millets,31.3,87.3,38.2,20.7,52.7,Medium,Shoot Fly,Thiamethoxam 30% FS
Pulses,21.7,75.0,43.7,33.1,75.8,High,Wilt,Carbendazim 50% WP
Maize,31.1,68.4,6.0,35.0,34.2,Medium,Fall Armyworm,Spinetoram 11.7% SC
Barley,21.8,72.2,8.8,36.1,45.2,Medium,Aphid,Imidacloprid 17.8% SL
Millets,26.4,76.5,7.5,21.3,45.0,Medium,Earhead Bug,Malathion 50% EC
Millets,25.4,84.8,66.4,36.8,85.8,High,Shoot Fly,Thiamethoxam 30% FS
Barley,13.1,39.4,16.2,21.3,10.4,Low,No Significant Pest,No Spray Needed (monitor only)
Paddy,32.8,72.0,0.0,69.7,23.6,Low,Stem Borer,Cartap Hydrochloride 4% G
Oil seeds,17.0,76.2,37.2,23.0,42.5,Medium,Mustard Aphid,Dimethoate 30% EC
Maize,28.8,73.1,110.7,33.1,74.7,High,Fall Armyworm,Spinetoram 11.7% SC
Sugarcane,29.6,52.3,38.4,29.5,24.7,Low,Early Shoot Borer,Chlorantraniliprole 18.5% SC
Maize,28.5,68.9,107.9,49.7,76.5,High,Fall Armyworm,Spinetoram 11.7% SC
Millets,37.6,83.3,0.0,16.0,17.9,Low,Earhead Bug,Malathion 50% EC
Tobacco,15.6,79.9,1.8,36.4,24.8,Low,Aphid,Imidacloprid 17.8% SL
Wheat,15.7,66.2,7.1,39.6,48.5,Medium,Aphid,Imidacloprid 17.8% SL
Paddy,27.9,73.3,85.9,44.3,36.4,Medium,Stem Borer,Cartap Hydrochloride 4% G
Wheat,8.6,79.9,0.0,42.4,14.7,Low,No Significant Pest,No Spray Needed (monitor only)
Barley,14.6,62.9,2.0,39.1,44.1,Medium,Aphid,Imidacloprid 17.8% SL
Cotton,36.7,89.6,66.3,32.5,20.9,Low,Whitefly,Diafenthiuron 50% WP
Paddy,29.4,67.1,0.0,40.1,14.0,Low,No Significant Pest,No Spray Needed (monitor only)
Millets,33.9,53.9,14.5,16.6,28.7,Low,Earhead Bug,Malathion 50% EC
Maize,25.4,59.7,70.4,39.4,29.8,Low,Fall Armyworm,Spinetoram 11.7% SC
Barley,9.2,55.3,2.0,28.1,17.4,Low,Aphid,Imidacloprid 17.8% SL
Cotton,36.1,64.5,0.0,29.1,31.9,Medium,Whitefly,Diafenthiuron 50% WP
Wheat,17.2,55.7,10.6,21.4,68.1,High,Aphid,Imidacloprid 17.8% SL
Paddy,31.3,84.0,27.0,52.4,33.6,Medium,Stem Borer,Cartap Hydrochloride 4% G
Barley,8.3,66.1,25.0,22.9,14.4,Low,No Significant Pest,No Spray Needed (monitor only)
Barley,14.1,55.2,13.0,22.5,39.8,Medium,Aphid,Imidacloprid 17.8% SL
Pulses,28.0,75.0,6.3,20.1,72.9,High,Pod Borer (Helicoverpa),Emamectin Benzoate 5% SG
Wheat,22.9,62.0,20.6,43.3,31.9,Medium,Termite,Chlorpyrifos 20% EC
Pulses,16.9,40.1,2.2,18.3,11.9,Low,No Significant Pest,No Spray Needed (monitor only)
Maize,33.0,80.2,11.4,24.7,28.3,Low,Stem Borer,Chlorantraniliprole 18.5% SC
Tobacco,21.0,56.3,0.0,33.3,33.3,Medium,Aphid,Imidacloprid 17.8% SL
Maize,22.1,67.0,58.0,49.0,13.8,Low,No Significant Pest,No Spray Needed (monitor only)
Tobacco,18.6,72.8,0.0,28.7,58.2,Medium,Aphid,Imidacloprid 17.8% SL
Ground Nuts,33.4,57.5,29.5,34.9,26.7,Low,Leaf Miner,Chlorpyrifos 20% EC
Wheat,11.9,74.5,0.0,19.5,40.5,Medium,Aphid,Imidacloprid 17.8% SL
Oil seeds,24.9,82.6,11.6,25.7,27.2,Low,Mustard Aphid,Dimethoate 30% EC
Cotton,24.4,68.7,4.1,43.0,22.8,Low,Pink Bollworm,Emamectin Benzoate 5% SG
Sugarcane,24.0,94.6,4.8,42.7,30.1,Medium,Woolly Aphid,Imidacloprid 17.8% SL
Wheat,12.5,72.4,5.2,36.3,33.8,Medium,Aphid,Imidacloprid 17.8% SL
Tobacco,17.1,77.8,2.6,20.4,52.1,Medium,Aphid,Imidacloprid 17.8% SL
Tobacco,17.0,65.3,0.0,21.1,46.0,Medium,Aphid,Imidacloprid 17.8% SL
Maize,28.2,62.1,0.0,46.3,32.2,Medium,Fall Armyworm,Spinetoram 11.7% SC
Barley,14.0,48.0,0.0,27.5,37.8,Medium,Aphid,Imidacloprid 17.8% SL
Wheat,11.2,64.6,0.0,41.8,26.8,Low,Aphid,Imidacloprid 17.8% SL
Oil seeds,20.2,49.5,0.0,24.6,41.6,Medium,Mustard Aphid,Dimethoate 30% EC
Maize,34.3,50.1,1.8,41.7,2.0,Low,No Significant Pest,No Spray Needed (monitor only)
Maize,30.5,89.8,0.0,40.6,59.0,Medium,Stem Borer,Chlorantraniliprole 18.5% SC
Ground Nuts,25.1,79.2,3.8,36.2,59.5,Medium,Aphid,Imidacloprid 17.8% SL
Tobacco,12.9,50.7,7.4,21.9,6.6,Low,No Significant Pest,No Spray Needed (monitor only)
Wheat,20.5,80.1,0.0,28.7,69.4,High,Aphid,Imidacloprid 17.8% SL
Wheat,17.2,43.2,1.2,31.9,31.3,Medium,Aphid,Imidacloprid 17.8% SL
Ground Nuts,31.7,77.0,0.0,33.3,51.5,Medium,Leaf Miner,Chlorpyrifos 20% EC
Ground Nuts,35.2,53.5,27.7,17.5,13.7,Low,No Significant Pest,No Spray Needed (monitor only)
Barley,25.8,57.9,6.5,34.6,23.2,Low,Aphid,Imidacloprid 17.8% SL
Sugarcane,20.5,60.6,0.0,41.0,0.0,Low,No Significant Pest,No Spray Needed (monitor only)
Oil seeds,15.1,71.5,65.0,36.2,31.8,Medium,Mustard Aphid,Dimethoate 30% EC
Maize,23.3,54.3,23.1,40.6,9.4,Low,No Significant Pest,No Spray Needed (monitor only)
Pulses,28.7,56.4,41.6,42.0,33.3,Medium,Wilt,Carbendazim 50% WP
Ground Nuts,25.1,57.3,19.4,37.3,20.4,Low,Aphid,Imidacloprid 17.8% SL
Cotton,34.2,82.2,0.0,28.9,53.4,Medium,Whitefly,Diafenthiuron 50% WP
Paddy,27.8,62.5,17.1,59.9,14.1,Low,No Significant Pest,No Spray Needed (monitor only)
Oil seeds,13.3,70.8,40.5,42.5,19.3,Low,Mustard Aphid,Dimethoate 30% EC
Sugarcane,37.5,51.3,0.0,51.3,7.1,Low,No Significant Pest,No Spray Needed (monitor only)
Barley,21.8,69.0,0.0,29.2,59.3,Medium,Aphid,Imidacloprid 17.8% SL
Paddy,34.9,63.2,46.4,73.9,6.9,Low,No Significant Pest,No Spray Needed (monitor only)
Paddy,27.3,85.7,3.1,45.0,33.5,Medium,Stem Borer,Cartap Hydrochloride 4% G
Ground Nuts,27.2,87.0,4.8,20.2,73.8,High,Aphid,Imidacloprid 17.8% SL
Ground Nuts,26.3,69.9,22.6,37.5,37.3,Medium,Aphid,Imidacloprid 17.8% SL
Paddy,32.7,68.1,33.0,47.0,11.9,Low,No Significant Pest,No Spray Needed (monitor only)
Ground Nuts,28.9,63.2,0.0,18.3,55.6,Medium,Leaf Miner,Chlorpyrifos 20% EC
Maize,31.4,55.5,31.8,42.2,17.1,Low,Fall Armyworm,Spinetoram 11.7% SC
Ground Nuts,35.1,58.8,49.0,30.6,13.8,Low,No Significant Pest,No Spray Needed (monitor only)
Maize,28.6,58.7,0.0,39.5,26.3,Low,Fall Armyworm,Spinetoram 11.7% SC
Paddy,25.3,84.9,0.0,45.6,16.4,Low,Stem Borer,Cartap Hydrochloride 4% G
Sugarcane,22.0,89.3,7.7,53.6,25.3,Low,Woolly Aphid,Imidacloprid 17.8% SL
Millets,27.4,54.0,27.3,32.4,37.8,Medium,Shoot Fly,Thiamethoxam 30% FS
Paddy,26.5,66.6,0.0,44.2,11.0,Low,No Significant Pest,No Spray Needed (monitor only)
Barley,10.9,58.2,0.0,35.0,27.8,Low,Aphid,Imidacloprid 17.8% SL
Pulses,30.5,65.2,13.1,36.0,27.4,Low,Pod Borer (Helicoverpa),Emamectin Benzoate 5% SG
Wheat,27.4,66.1,0.2,23.5,66.1,High,Termite,Chlorpyrifos 20% EC
Tobacco,25.2,47.4,27.8,39.5,9.2,Low,No Significant Pest,No Spray Needed (monitor only)
Oil seeds,16.9,56.4,0.0,31.7,59.2,Medium,Mustard Aphid,Dimethoate 30% EC
Ground Nuts,26.4,68.4,0.3,22.8,66.2,High,Aphid,Imidacloprid 17.8% SL
Maize,22.6,87.5,3.7,24.6,29.9,Low,Turcicum Leaf Blight,Mancozeb 75% WP
Paddy,35.9,61.7,61.0,80.0,0.4,Low,No Significant Pest,No Spray Needed (monitor only)
Maize,25.9,80.9,50.5,35.7,47.2,Medium,Fall Armyworm,Spinetoram 11.7% SC
Barley,27.8,48.4,19.2,35.4,7.9,Low,No Significant Pest,No Spray Needed (monitor only)
Oil seeds,14.5,64.4,13.7,20.6,45.4,Medium,Mustard Aphid,Dimethoate 30% EC
Tobacco,18.8,57.4,2.9,27.3,36.3,Medium,Aphid,Imidacloprid 17.8% SL
Wheat,21.6,61.9,2.0,23.6,68.8,High,Termite,Chlorpyrifos 20% EC
Pulses,31.5,79.1,5.1,19.7,44.2,Medium,Pod Borer (Helicoverpa),Emamectin Benzoate 5% SG
Ground Nuts,29.2,83.0,35.5,32.1,53.5,Medium,Leaf Miner,Chlorpyrifos 20% EC
Ground Nuts,31.4,73.1,26.2,24.1,56.8,Medium,Leaf Miner,Chlorpyrifos 20% EC
Cotton,35.9,62.5,35.0,37.6,22.8,Low,Whitefly,Diafenthiuron 50% WP
Tobacco,25.7,63.3,31.2,26.2,30.8,Medium,Spodoptera Caterpillar,Emamectin Benzoate 5% SG
Sugarcane,23.3,63.4,34.5,50.9,3.5,Low,No Significant Pest,No Spray Needed (monitor only)
Barley,16.6,61.7,5.8,33.9,53.3,Medium,Aphid,Imidacloprid 17.8% SL
Cotton,34.9,77.7,0.0,40.7,37.7,Medium,Whitefly,Diafenthiuron 50% WP
Wheat,20.3,83.7,9.2,38.4,52.5,Medium,Aphid,Imidacloprid 17.8% SL
Sugarcane,35.9,59.2,7.0,48.8,29.6,Low,Early Shoot Borer,Chlorantraniliprole 18.5% SC
Oil seeds,19.6,83.3,40.2,23.9,39.8,Medium,Mustard Aphid,Dimethoate 30% EC
Ground Nuts,26.9,62.5,100.0,33.1,19.0,Low,Aphid,Imidacloprid 17.8% SL
Pulses,10.7,55.4,0.0,18.1,9.1,Low,No Significant Pest,No Spray Needed (monitor only)
Oil seeds,28.0,59.4,0.0,16.8,10.0,Low,No Significant Pest,No Spray Needed (monitor only)
Sugarcane,37.6,79.7,0.0,27.5,36.5,Medium,Early Shoot Borer,Chlorantraniliprole 18.5% SC
Ground Nuts,25.5,79.4,0.0,16.0,83.2,High,Aphid,Imidacloprid 17.8% SL
Ground Nuts,26.8,75.1,8.3,32.0,65.5,High,Aphid,Imidacloprid 17.8% SL
Maize,33.7,57.6,17.8,43.3,13.7,Low,No Significant Pest,No Spray Needed (monitor only)
Pulses,17.0,45.8,20.5,25.2,17.9,Low,Aphid,Thiamethoxam 25% WG
Maize,26.8,85.4,0.0,39.5,44.5,Medium,Fall Armyworm,Spinetoram 11.7% SC
Cotton,30.2,52.1,36.2,47.5,27.9,Low,Whitefly,Diafenthiuron 50% WP
Paddy,31.8,84.6,0.0,37.4,27.7,Low,Stem Borer,Cartap Hydrochloride 4% G
Oil seeds,31.8,63.5,24.0,45.1,11.0,Low,No Significant Pest,No Spray Needed (monitor only)
Cotton,27.0,87.5,0.0,38.2,49.7,Medium,Jassid,Thiamethoxam 25% WG
Tobacco,12.3,41.2,3.1,23.7,0.0,Low,No Significant Pest,No Spray Needed (monitor only)
Pulses,24.5,58.1,0.0,17.3,60.5,High,Pod Borer (Helicoverpa),Emamectin Benzoate 5% SG
Barley,26.5,62.8,6.2,27.2,25.6,Low,Aphid,Imidacloprid 17.8% SL
Oil seeds,26.1,61.7,90.0,22.5,12.6,Low,No Significant Pest,No Spray Needed (monitor only)
Oil seeds,30.1,42.0,82.5,23.1,1.7,Low,No Significant Pest,No Spray Needed (monitor only)
Sugarcane,20.5,81.3,0.0,47.0,10.5,Low,No Significant Pest,No Spray Needed (monitor only)
Wheat,22.6,84.9,10.1,27.0,55.6,Medium,Termite,Chlorpyrifos 20% EC
Wheat,15.2,42.0,0.0,26.2,27.9,Low,Aphid,Imidacloprid 17.8% SL
Ground Nuts,28.3,59.0,0.0,21.0,45.3,Medium,Leaf Miner,Chlorpyrifos 20% EC
Paddy,30.4,65.6,3.0,39.3,15.4,Low,Stem Borer,Cartap Hydrochloride 4% G
Oil seeds,15.6,87.4,8.7,27.4,61.9,High,Mustard Aphid,Dimethoate 30% EC
Sugarcane,32.5,86.4,0.0,45.4,75.7,High,Early Shoot Borer,Chlorantraniliprole 18.5% SC
Barley,15.6,67.8,6.3,35.3,53.6,Medium,Aphid,Imidacloprid 17.8% SL
Wheat,16.4,50.2,7.5,33.2,38.4,Medium,Aphid,Imidacloprid 17.8% SL
Oil seeds,20.7,88.0,0.0,34.5,54.3,Medium,Mustard Aphid,Dimethoate 30% EC
Oil seeds,24.2,46.7,31.7,43.0,5.2,Low,No Significant Pest,No Spray Needed (monitor only)
Cotton,36.3,77.6,110.0,29.2,16.1,Low,Whitefly,Diafenthiuron 50% WP
Wheat,17.4,38.2,4.9,26.8,21.4,Low,Aphid,Imidacloprid 17.8% SL
Pulses,28.7,87.8,40.1,24.7,44.3,Medium,Pod Borer (Helicoverpa),Emamectin Benzoate 5% SG
Barley,12.1,38.1,12.5,28.1,5.1,Low,No Significant Pest,No Spray Needed (monitor only)
Wheat,23.4,79.4,2.9,33.6,61.3,High,Termite,Chlorpyrifos 20% EC
