,month,commodity_name,avg_modal_price,avg_min_price,avg_max_price,change,confidence
0,March,Maize,2341.58,2191.23,2402.98,-14.43,9.043039315334092
1,February,Maize,2356.01,2202.35,2414.46,-26.19,9.002932924732923
2,January,Maize,2382.2,2221.31,2448.22,53.42,9.525228780119212
3,December,Maize,2328.78,2164.86,2411.66,55.32,10.597823753209823
4,November,Maize,2273.46,2077.63,2377.78,35.48,13.202343564434829
5,October,Maize,2237.98,1991.11,2378.7,-50.0,17.318742794841775
6,September,Maize,2393.13,2204.42,2479.21,-50.0,11.482451851758992
7,August,Maize,2456.74,2298.02,2506.37,100.0,8.480750913812612
8,July,Maize,2338.06,2206.41,2396.22,100.0,8.118268992241429
9,June,Maize,2174.73,2090.89,2250.66,14.27,7.346659125500636
10,May,Maize,2160.46,2061.65,2226.54,32.92,7.632170926561929
11,April,Maize,2127.54,2017.03,2206.96,-26.06,8.927211709298067
12,March,Maize,2153.6,2052.71,2220.01,4.19,7.76838781575038
13,February,Maize,2149.41,2070.78,2217.12,22.84,6.808379974039373
14,January,Maize,2126.57,2037.26,2199.37,34.51,7.623073776080726
15,December,Maize,2092.06,1974.47,2171.79,18.59,9.431851858933298
16,November,Maize,2073.47,1942.78,2161.7,100.0,10.558146488736266
17,October,Maize,1965.06,1814.11,2079.59,-50.0,13.510020050278376
18,September,Maize,2024.29,1931.95,2091.41,-50.0,7.877329829224064
19,August,Maize,2145.24,2058.22,2216.01,100.0,7.355354179485765
20,July,Maize,1984.76,1895.67,2052.89,100.0,7.921360769060229
21,June,Maize,1871.36,1779.53,1943.95,-19.11,8.786123461012316
22,May,Maize,1890.47,1778.3,1962.59,-50.0,9.748369453098963
23,April,Maize,2005.26,1893.06,2083.72,-50.0,9.507993975843524
24,March,Maize,2093.35,2001.72,2156.47,-11.49,7.39245706642462
25,February,Maize,2104.84,2021.08,2165.52,-22.89,6.8622793181429484
26,January,Maize,2127.73,2043.07,2191.82,41.19,6.99101859728444
27,December,Maize,2086.54,1976.82,2163.54,78.58,8.948786028544866
28,November,Maize,2007.96,1859.58,2110.31,60.22,12.486802525946732
29,October,Maize,1947.74,1785.88,2080.91,-50.0,15.147298920800504
30,September,Maize,2111.81,2013.74,2188.37,-32.45,8.269209824747486
31,August,Maize,2144.26,2071.15,2207.29,77.75,6.349043492860002
32,July,Maize,2066.51,1992.18,2126.71,37.55,6.510009629762255
33,June,Maize,2028.96,1937.76,2096.14,-10.5,7.805969560760187
34,May,Maize,2039.46,1927.11,2117.36,-5.43,9.328449687662431
35,April,Maize,2044.89,1937.28,2114.7,65.84,8.67626131478954
36,March,Maize,1979.05,1885.57,2038.5,100.0,7.727444986230771
37,February,Maize,1833.29,1748.51,1885.44,100.0,7.469085632933145
38,January,Maize,1718.96,1631.08,1779.31,95.19,8.623237306278215
39,December,Maize,1623.77,1511.99,1701.58,29.07,11.675914692351745
40,November,Maize,1594.7,1462.78,1686.58,23.46,14.033987583871571
41,October,Maize,1571.24,1427.5,1676.66,-50.0,15.85753926834857
42,September,Maize,1690.47,1605.95,1759.23,-30.08,9.06730080983395
43,August,Maize,1720.55,1656.16,1771.47,58.77,6.7019267094824295
44,July,Maize,1661.78,1593.82,1714.76,100.0,7.277738328779987
45,June,Maize,1556.74,1478.59,1619.4,39.91,9.045184166912918
46,May,Maize,1516.83,1438.34,1577.06,39.96,9.145388738355651
47,April,Maize,1476.87,1397.81,1531.92,63.43,9.080690920663304
48,March,Maize,1413.44,1339.53,1468.77,68.69,9.143649535884084
49,February,Maize,1344.75,1270.87,1406.19,-33.02,10.062836958542492
50,January,Maize,1377.77,1292.97,1441.08,-41.24,10.749980040209897
51,December,Maize,1419.01,1331.44,1486.44,3.77,10.92310836428214
52,November,Maize,1415.24,1312.63,1492.2,100.0,12.688307283570275
53,October,Maize,1278.8,1170.51,1367.06,1.75,15.369878010634968
54,September,Maize,1277.05,1200.01,1335.43,-27.84,10.604126698249878
55,August,Maize,1304.89,1240.11,1354.72,-33.26,8.78311581819158
56,July,Maize,1338.15,1264.87,1400.62,-29.55,10.144602623024323
57,June,Maize,1367.7,1286.61,1429.25,-17.21,10.429187687358347
58,May,Maize,1384.91,1302.49,1449.82,-50.0,10.638236419695136
59,April,Maize,1547.57,1482.92,1603.61,-31.16,7.798677927331224
60,March,Maize,1578.73,1488.21,1644.82,-50.0,9.919998986527139
61,February,Maize,1704.79,1617.94,1769.73,-50.0,8.903735944016564
62,January,Maize,1852.75,1755.93,1925.09,-10.1,9.130211847254074
63,December,Maize,1862.85,1741.04,1951.44,100.0,11.294521834822993
64,November,Maize,1740.8,1590.02,1849.62,-50.0,14.912683823529408
65,October,Maize,1860.45,1734.08,1957.46,-50.0,12.006772555027014
66,September,Maize,1972.05,1890.36,2035.45,-28.74,7.357318526406539
67,August,Maize,2000.79,1929.09,2055.92,33.11,6.338996096541874
68,July,Maize,1967.68,1895.91,2023.01,73.56,6.459383639616193
69,June,Maize,1894.12,1818.05,1948.43,-38.06,6.883407598251437
70,May,Maize,1932.18,1852.22,1986.05,-19.51,6.9263733192559656
71,April,Maize,1951.69,1876.09,2007.18,100.0,6.716742925362129
72,March,Maize,1845.83,1775.69,1892.1,6.55,6.306647957829262
73,February,Maize,1839.28,1768.78,1890.24,100.0,6.603671001696318
74,January,Maize,1687.79,1617.75,1736.52,100.0,7.037012898524105
75,December,Maize,1577.7,1495.68,1636.56,100.0,8.929454268872401
76,November,Maize,1426.14,1338.83,1489.16,31.18,10.541040851529312
77,October,Maize,1394.96,1304.01,1462.09,11.24,11.332224579916264
78,September,Maize,1383.72,1327.93,1431.9,30.15,7.513803370624117
79,August,Maize,1353.57,1303.35,1393.69,39.81,6.674202294672618
80,July,Maize,1313.76,1261.19,1353.54,16.06,7.029442211667268
81,June,Maize,1297.7,1240.85,1339.61,20.64,7.61038760884642
82,May,Maize,1277.06,1222.73,1312.2,23.28,7.005935508120216
83,April,Maize,1253.78,1198.34,1290.82,9.65,7.3760946896584745
84,March,Maize,1244.13,1191.23,1282.58,-10.0,7.342480287429762
85,February,Maize,1254.13,1200.15,1292.59,6.79,7.3708467224290795
86,January,Maize,1247.34,1193.21,1285.79,6.96,7.4221944297464955
87,December,Maize,1240.38,1175.67,1286.28,15.81,8.917428529966614
88,November,Maize,1224.57,1145.43,1275.37,-50.0,10.611071641474137
89,October,Maize,1277.21,1194.72,1335.43,-50.0,11.016982328669524
90,September,Maize,1351.91,1293.55,1402.65,-35.94,8.070063835610368
91,August,Maize,1387.85,1341.81,1432.19,-3.96,6.512231148899385
92,July,Maize,1391.81,1339.89,1441.93,-0.49,7.331460472334584
93,June,Maize,1392.3,1328.94,1434.78,-29.42,7.601809954751125
94,May,Maize,1421.72,1357.38,1463.27,-3.6,7.448020707312261
95,April,Maize,1425.32,1361.21,1462.5,-1.93,7.106474335587795
96,March,Maize,1427.25,1369.24,1459.29,-4.35,6.309336135925728
97,February,Maize,1431.6,1368.55,1464.69,14.77,6.715563006426384
98,January,Maize,1416.83,1351.58,1452.8,26.34,7.144117501746859
99,December,Maize,1390.49,1323.81,1582.8,9.62,18.625808168343532
100,November,Maize,1380.87,1308.5,1426.75,-38.65,8.563441888085048
101,October,Maize,1419.52,1326.87,1486.69,-50.0,11.258735347159615
102,September,Maize,1534.8,1468.19,1602.06,-33.58,8.722309095647635
103,August,Maize,1568.38,1514.95,1618.27,1.34,6.587689207972554
104,July,Maize,1567.04,1511.63,1624.15,49.55,7.180416581580558
105,June,Maize,1517.49,1457.75,1568.78,71.72,7.316687424628826
106,May,Maize,1445.77,1387.71,1482.79,16.27,6.576426402539819
107,April,Maize,1429.5,1371.41,1462.8,-16.47,6.393144456103523
108,March,Maize,1445.97,1394.24,1480.71,-1.63,5.980068742781664
109,February,Maize,1447.6,1396.23,1485.63,-0.53,6.1757391544625655
110,January,Maize,1448.13,1396.29,1486.44,10.34,6.225269830747245
111,December,Maize,1437.79,1380.09,1479.92,39.91,6.943294917894835
112,November,Maize,1397.88,1339.41,1444.45,21.97,7.514235842847737
113,October,Maize,1375.91,1310.7,1430.19,-29.09,8.684434301662172
114,September,Maize,1405.0,1350.41,1449.19,52.99,7.030604982206404
115,August,Maize,1352.01,1307.56,1387.66,35.8,5.924512392659827
116,July,Maize,1316.21,1267.93,1351.4,33.53,6.341693194854926
117,June,Maize,1282.68,1227.51,1316.31,-1.57,6.923004958368412
118,May,Maize,1284.25,1227.09,1312.49,-11.82,6.6497956005450725
119,April,Maize,1296.07,1243.67,1326.77,2.38,6.411690726581119
120,March,Maize,1293.69,1244.09,1326.79,30.91,6.392566998276251
121,February,Maize,1262.78,1207.78,1299.44,16.15,7.258588194301469
122,January,Maize,1246.63,1187.81,1286.51,28.93,7.91734516255826
123,December,Maize,1217.7,1148.48,1268.4,1.1,9.848074238318146
124,November,Maize,1216.6,1134.84,1281.03,-21.52,12.016274864376134
125,October,Maize,1238.12,1172.41,1285.27,-48.95,9.115433075953858
126,September,Maize,1287.07,1234.13,1330.93,-30.96,7.520958456028029
127,August,Maize,1318.03,1272.38,1363.05,27.13,6.879206087873557
128,July,Maize,1290.9,1236.78,1346.76,19.02,8.51963746223565
129,June,Maize,1271.88,1207.59,1313.95,-15.49,8.362424128062406
130,May,Maize,1287.37,1224.4,1325.19,-7.54,7.829140029672897
131,April,Maize,1294.91,1237.11,1336.35,4.62,7.66385308631488
132,March,Maize,1290.29,1226.1,1331.07,24.19,8.135380418355567
133,February,Maize,1266.1,1205.95,1314.71,-3.35,8.590158755232604
134,January,Maize,1269.45,1206.64,1314.21,-29.22,8.473748473748469
135,December,Maize,1298.67,1231.17,1348.06,-13.13,9.000746918000715
136,November,Maize,1311.8,1243.01,1363.18,-16.77,9.160695227931093
137,October,Maize,1328.57,1254.02,1383.76,-50.0,9.765386844501984
138,September,Maize,1384.58,1326.17,1434.45,21.75,7.820422077453089
139,August,Maize,1362.83,1311.59,1405.27,-4.39,6.873931451464971
140,July,Maize,1367.22,1312.82,1409.89,30.66,7.09980837026961
141,June,Maize,1336.56,1281.89,1381.62,64.22,7.4616927036571346
142,May,Maize,1272.34,1224.51,1309.84,-24.52,6.706540704528659
143,April,Maize,1296.86,1247.13,1333.47,-13.83,6.657619172462711
144,March,Maize,1310.69,1259.67,1346.44,0.21,6.620177158595853
145,February,Maize,1310.48,1256.61,1347.65,-8.62,6.947072828276676
146,January,Maize,1319.1,1261.28,1360.77,-0.49,7.542263664619818
147,December,Maize,1319.59,1255.75,1368.44,69.76,8.539773717594105
148,November,Maize,1249.83,1180.72,1302.45,28.06,9.739724602545948
149,October,Maize,1221.77,1149.75,1277.53,-38.35,10.458596953600102
150,September,Maize,1260.12,1193.36,1313.76,18.49,9.554645589308963
151,August,Maize,1241.63,1185.8,1291.05,60.84,8.476760387555068
152,July,Maize,1180.79,1126.13,1228.49,100.0,8.668772601393973
153,June,Maize,1072.7,1018.84,1114.53,-8.28,8.920481029178703
154,May,Maize,1080.98,1031.92,1118.75,-41.42,8.032526041184845
155,April,Maize,1122.4,1076.73,1161.02,7.38,7.509800427655021
156,March,Maize,1115.02,1071.55,1150.36,6.54,7.068034654086917
157,February,Maize,1108.48,1063.13,1146.19,8.18,7.493143764434175
158,January,Maize,1100.3,1053.72,1142.48,69.33,8.066890847950559
159,December,Maize,1030.97,984.71,1074.7,32.83,8.728672997274412
160,November,Maize,998.14,949.16,1039.56,23.27,9.056845733063495
161,October,Maize,974.87,923.84,1018.94,-50.0,9.755146840091502
162,September,Maize,1025.9,974.52,1070.31,-47.95,9.337167365240273
163,August,Maize,1073.85,1024.39,1117.16,-17.89,8.639009172603249
164,July,Maize,1091.74,1034.98,1137.79,4.11,9.417077326103279
165,June,Maize,1087.63,1028.69,1133.28,11.29,9.616321727057906
166,May,Maize,1076.34,1025.73,1113.64,-12.36,8.167493542932538
167,April,Maize,1088.7,1038.2,1124.34,84.63,7.9121888490860535
168,March,Maize,1004.07,962.05,1034.81,52.34,7.246506717659126
169,February,Maize,951.73,911.25,980.71,12.98,7.298288380107808
170,January,Maize,938.75,896.77,972.74,34.17,8.092676431424769
171,December,Maize,904.58,862.6,939.88,-1.91,8.543191315306547
172,November,Maize,906.49,862.83,943.68,-19.25,8.919017308519665
173,October,Maize,925.74,874.51,968.19,-50.0,10.119471989975594
174,September,Maize,975.81,929.85,1015.15,-1.28,8.74145581619372
175,August,Maize,977.09,940.23,1010.89,-13.13,7.231677736953604
176,July,Maize,990.22,949.56,1025.6,41.39,7.679101613782792
177,June,Maize,948.83,906.78,982.12,44.99,7.940305428791252
178,May,Maize,903.84,868.15,925.89,-0.42,6.388298813949373
179,April,Maize,904.26,868.21,926.21,11.27,6.414084444739345
180,March,Maize,892.99,858.43,917.22,-7.93,6.583500375144187
181,February,Maize,900.92,866.93,926.97,-0.83,6.664298716867211
183,March,Wheat,2730.88,2572.68,2845.22,-50.0,9.979933208343096
184,February,Wheat,2891.92,2743.18,2994.66,-37.41,8.695952861766578
185,January,Wheat,2929.33,2794.13,3036.33,100.0,8.268102262292054
186,December,Wheat,2816.44,2683.29,2913.31,7.23,8.167047762423483
187,November,Wheat,2809.21,2669.12,2924.59,81.81,9.09401575531912
188,October,Wheat,2727.4,2597.5,2850.09,98.61,9.261201143946622
189,September,Wheat,2628.79,2508.83,2724.91,47.77,8.219751292419703
190,August,Wheat,2581.02,2463.45,2671.08,70.24,8.044494037241096
191,July,Wheat,2510.78,2403.28,2599.67,40.82,7.821872087558441
192,June,Wheat,2469.96,2345.43,2583.33,48.22,9.63173492688141
193,May,Wheat,2421.74,2291.63,2564.47,36.6,11.266279617134774
194,April,Wheat,2385.14,2249.76,2537.77,-45.18,12.075182169600097
195,March,Wheat,2430.32,2266.16,2602.44,-29.33,13.836860989499334
196,February,Wheat,2459.65,2333.7,2621.74,-50.0,11.710609233020957
197,January,Wheat,2541.99,2433.95,2687.17,14.45,9.961486866588785
198,December,Wheat,2527.54,2400.69,2670.89,-31.73,10.690236356299003
199,November,Wheat,2559.27,2426.41,2694.58,88.88,10.478378600147702
200,October,Wheat,2470.39,2345.84,2600.95,70.66,10.32670954788514
201,September,Wheat,2399.73,2295.89,2494.15,-20.56,8.261762781646278
202,August,Wheat,2420.29,2307.46,2535.13,100.0,9.406723987621321
203,July,Wheat,2295.88,2187.21,2409.7,19.76,9.690837500217771
204,June,Wheat,2276.12,2151.65,2400.91,46.92,10.951092209549575
205,May,Wheat,2229.2,2101.24,2366.26,24.28,11.888569890543714
206,April,Wheat,2204.92,2065.4,2349.89,-45.06,12.902508934564509
207,March,Wheat,2249.98,2087.37,2391.34,-50.0,13.509897865758818
208,February,Wheat,2477.88,2338.1,2595.28,-50.0,10.379033690089926
209,January,Wheat,2672.07,2548.76,2775.84,100.0,8.498280359421718
210,December,Wheat,2565.7,2442.68,2670.34,88.02,8.873211988930908
211,November,Wheat,2477.68,2350.27,2583.75,100.0,9.42333150366472
212,October,Wheat,2310.44,2205.87,2398.84,47.99,8.352088779626403
213,September,Wheat,2262.45,2164.62,2340.32,7.88,7.765917478839324
214,August,Wheat,2254.57,2156.31,2336.22,100.0,7.979792155488623
215,July,Wheat,2132.43,2035.12,2217.2,58.73,8.538615570030432
216,June,Wheat,2073.7,1966.93,2175.13,-50.0,10.040025075951203
217,May,Wheat,2125.76,2013.53,2233.9,12.37,10.366645340960414
218,April,Wheat,2113.39,2000.14,2233.89,13.0,11.060428979033675
219,March,Wheat,2100.39,1975.75,2215.51,100.0,11.415022924314066
220,February,Wheat,1988.49,1889.96,2086.05,23.04,9.861251502396298
221,January,Wheat,1965.45,1872.38,2052.44,15.31,9.161260779974048
222,December,Wheat,1950.14,1857.23,2037.57,2.55,9.247541202170096
223,November,Wheat,1947.59,1853.61,2038.19,32.02,9.47735406322687
224,October,Wheat,1915.57,1825.69,2004.51,44.13,9.335080419927225
225,September,Wheat,1871.44,1784.03,1971.39,83.81,10.011541914247859
226,August,Wheat,1787.63,1703.23,1872.92,19.57,9.49245649267466
227,July,Wheat,1768.06,1681.65,1858.21,-50.0,9.986086445030143
228,June,Wheat,1822.91,1702.23,1912.73,-50.0,11.547470802178934
229,May,Wheat,1911.54,1827.14,1975.28,24.16,7.74977243479079
230,April,Wheat,1887.38,1800.41,1967.79,100.0,8.86837838697029
231,March,Wheat,1749.94,1653.05,1854.34,18.13,11.502680091888863
232,February,Wheat,1731.81,1645.22,1818.3,-9.54,9.994167951449635
233,January,Wheat,1741.35,1653.96,1834.31,77.97,10.356906997444506
234,December,Wheat,1663.38,1579.35,1757.87,-43.35,10.732364222246268
235,November,Wheat,1706.73,1614.0,1814.36,22.4,11.73940810790224
236,October,Wheat,1684.33,1599.29,1781.02,-16.72,10.789453373151343
237,September,Wheat,1701.05,1621.29,1792.62,-50.0,10.072014344081593
238,August,Wheat,1782.08,1707.91,1863.48,-50.0,8.729686658286942
239,July,Wheat,1835.6,1761.79,1913.63,-32.72,8.271954674220972
240,June,Wheat,1868.32,1782.68,1955.77,-38.97,9.264472895435468
241,May,Wheat,1907.29,1833.26,1983.45,-19.35,7.874523538633352
242,April,Wheat,1926.64,1868.11,1984.71,3.42,6.051986878711131
243,March,Wheat,1923.22,1826.0,2013.62,-50.0,9.755514189744277
244,February,Wheat,2060.85,1970.49,2143.9,-50.0,8.414489167091252
245,January,Wheat,2126.37,2033.91,2214.43,57.76,8.489585537794445
246,December,Wheat,2068.61,1981.58,2152.47,19.78,8.261102866175833
247,November,Wheat,2048.83,1963.26,2130.14,45.38,8.145136492534759
248,October,Wheat,2003.45,1931.04,2074.25,34.64,7.148169407771595
249,September,Wheat,1968.81,1903.46,2028.91,-3.33,6.371869301760964
250,August,Wheat,1972.14,1907.03,2030.5,60.48,6.260711714178507
251,July,Wheat,1911.66,1846.05,1973.64,32.46,6.674304008034909
252,June,Wheat,1879.2,1804.33,1947.94,-3.44,7.64208173690933
253,May,Wheat,1882.64,1802.49,1960.55,22.15,8.395657162282749
254,April,Wheat,1860.49,1769.29,1948.63,-50.0,9.63939607307753
255,March,Wheat,1926.27,1830.48,2013.97,-50.0,9.525663588178189
256,February,Wheat,1981.2,1890.81,2062.31,-6.85,8.656369876842318
257,January,Wheat,1988.05,1903.87,2066.81,28.73,8.195970926284552
258,December,Wheat,1959.32,1876.14,2042.13,25.19,8.471816752750955
259,November,Wheat,1934.13,1851.53,2014.59,35.06,8.430663916075959
260,October,Wheat,1899.07,1821.75,1975.6,21.88,8.101333810759998
261,September,Wheat,1877.19,1800.29,1965.64,7.54,8.80837848060133
262,August,Wheat,1869.65,1790.08,1943.98,65.03,8.231487176744315
263,July,Wheat,1804.62,1725.6,1882.74,47.72,8.707650364065572
264,June,Wheat,1756.9,1671.32,1832.78,7.42,9.190050657407935
265,May,Wheat,1749.48,1666.42,1827.02,19.75,9.1798705901182
266,April,Wheat,1729.73,1645.51,1807.77,27.26,9.38065478427269
267,March,Wheat,1702.47,1612.04,1791.65,24.17,10.549965638161032
268,February,Wheat,1678.3,1602.74,1753.03,1.13,8.954894834058273
269,January,Wheat,1677.17,1607.74,1744.96,14.8,8.181639309074216
270,December,Wheat,1662.37,1591.16,1731.1,4.43,8.418101866612117
271,November,Wheat,1657.94,1584.71,1733.08,19.68,8.949057263833424
272,October,Wheat,1638.26,1568.58,1707.46,-1.05,8.477286877540813
273,September,Wheat,1639.31,1574.72,1708.0,-8.67,8.130249922223372
274,August,Wheat,1647.98,1587.18,1713.02,7.79,7.636015000182036
275,July,Wheat,1640.19,1575.41,1706.49,-8.36,7.991757052536591
276,June,Wheat,1648.55,1574.52,1717.27,-23.09,8.659124685329532
277,May,Wheat,1671.64,1585.7,1756.91,-5.82,10.242037759326173
278,April,Wheat,1677.46,1594.76,1768.29,-44.56,10.344807029675817
279,March,Wheat,1722.02,1616.89,1824.6,-50.0,12.061996957062044
280,February,Wheat,1837.55,1734.81,1927.25,-50.0,10.472640200266662
281,January,Wheat,1888.46,1794.12,1983.85,-19.04,10.046810628766297
282,December,Wheat,1907.5,1810.83,2003.99,0.83,10.126343381389258
283,November,Wheat,1906.67,1817.43,2005.7,100.0,9.874283436567417
284,October,Wheat,1760.93,1680.28,1855.66,14.7,9.95951003163102
285,September,Wheat,1746.23,1674.45,1828.62,-6.59,8.828733901032502
286,August,Wheat,1752.82,1681.42,1839.35,11.9,9.010052372747905
287,July,Wheat,1740.92,1672.57,1824.85,11.74,8.747099234887298
288,June,Wheat,1729.18,1646.8,1830.89,65.83,10.64608658439261
289,May,Wheat,1663.35,1574.88,1779.16,32.39,12.281239666937203
290,April,Wheat,1630.96,1541.43,1740.09,-50.0,12.180556236817571
291,March,Wheat,1687.5,1573.48,1812.42,-16.9,14.159407407407409
292,February,Wheat,1704.4,1600.76,1821.6,3.73,12.957052335132593
293,January,Wheat,1700.67,1604.64,1818.83,29.27,12.594448070466335
294,December,Wheat,1671.4,1572.47,1796.21,26.82,13.38638267320809
295,November,Wheat,1644.58,1549.83,1762.52,23.64,12.932785270403391
296,October,Wheat,1620.94,1533.7,1729.39,64.09,12.072624526509312
297,September,Wheat,1556.85,1479.51,1647.43,21.61,10.785881748402227
298,August,Wheat,1535.24,1457.45,1623.83,3.41,10.837393501993166
299,July,Wheat,1531.83,1447.61,1629.31,0.68,11.861629554193353
300,June,Wheat,1531.15,1426.05,1645.66,7.4,14.34281422460243
301,May,Wheat,1523.75,1420.91,1635.24,-2.55,14.06595570139458
302,April,Wheat,1526.3,1416.3,1646.18,-32.51,15.061259254406087
303,March,Wheat,1558.81,1455.45,1665.69,-31.32,13.487211398438554
304,February,Wheat,1590.13,1517.57,1660.14,-32.42,8.96593360291298
305,January,Wheat,1622.55,1553.24,1692.87,50.65,8.60558996641089
306,December,Wheat,1571.9,1504.74,1644.26,13.32,8.875882689738532
307,November,Wheat,1558.58,1488.08,1635.96,28.05,9.488123805001997
308,October,Wheat,1530.53,1459.74,1607.04,-50.0,9.6241171358941
309,September,Wheat,1635.58,1563.58,1723.07,61.95,9.751280891182335
310,August,Wheat,1573.63,1504.54,1659.03,27.93,9.817428493356125
311,July,Wheat,1545.7,1471.96,1645.8,25.09,11.24668435013262
312,June,Wheat,1520.61,1436.06,1627.94,-19.67,12.61862015901514
313,May,Wheat,1540.28,1463.95,1635.9,-12.55,11.16355467837017
314,April,Wheat,1552.83,1465.57,1652.59,-50.0,12.043816773246267
315,March,Wheat,1647.1,1534.79,1761.95,-50.0,13.79151235504827
316,February,Wheat,1697.11,1601.46,1805.4,-14.11,12.016899317074325
317,January,Wheat,1711.22,1624.2,1825.52,25.91,11.764705882352937
318,December,Wheat,1685.31,1596.25,1803.21,27.04,12.280233310192193
319,November,Wheat,1658.27,1573.31,1780.96,70.79,12.522086270631446
320,October,Wheat,1587.48,1514.5,1686.75,43.44,10.850530400382997
321,September,Wheat,1544.04,1481.59,1625.06,19.42,9.291857723893166
322,August,Wheat,1524.62,1467.07,1604.5,-25.95,9.014049402474065
323,July,Wheat,1550.57,1482.9,1635.33,-21.16,9.830578432447412
324,June,Wheat,1571.73,1489.37,1678.56,37.1,12.037054710414642
325,May,Wheat,1534.63,1451.69,1643.44,29.73,12.494868469924345
326,April,Wheat,1504.9,1422.75,1603.93,-50.0,12.039338162004123
327,March,Wheat,1558.58,1460.47,1662.96,-39.97,12.991954214733925
328,February,Wheat,1598.55,1515.19,1702.59,33.82,11.723124081198579
329,January,Wheat,1564.73,1490.48,1663.61,13.45,11.06452870463274
330,December,Wheat,1551.28,1475.12,1648.95,14.5,11.20558506523646
331,November,Wheat,1536.78,1455.62,1637.74,74.28,11.850752872890077
332,October,Wheat,1462.5,1382.81,1548.79,-33.47,11.349059829059831
333,September,Wheat,1495.97,1419.2,1579.06,47.55,10.686043169314887
334,August,Wheat,1448.42,1377.45,1544.38,100.0,11.524972038497125
335,July,Wheat,1326.82,1252.74,1432.84,70.05,13.573808052335654
336,June,Wheat,1256.77,1173.61,1356.99,-36.22,14.591373123164948
337,May,Wheat,1292.99,1217.02,1381.72,4.32,12.73791753996551
338,April,Wheat,1288.67,1220.56,1368.49,41.46,11.4792770841255
339,March,Wheat,1247.21,1172.23,1333.38,51.09,12.920839313347399
340,February,Wheat,1196.12,1135.29,1264.75,6.47,10.82332876300037
341,January,Wheat,1189.65,1130.3,1261.74,65.65,11.048627747656878
342,December,Wheat,1124.0,1071.71,1197.73,6.46,11.211743772241991
343,November,Wheat,1117.54,1067.37,1194.07,22.99,11.337401793224409
344,October,Wheat,1094.55,1043.41,1156.77,-16.54,10.356767621396912
345,September,Wheat,1111.09,1061.9,1173.21,-22.93,10.018090343716526
346,August,Wheat,1134.02,1082.9,1194.45,-22.77,9.83668718364755
347,July,Wheat,1156.79,1100.12,1221.88,-7.49,10.525678818108751
348,June,Wheat,1164.28,1096.84,1233.73,-40.54,11.757481018311754
349,May,Wheat,1204.82,1142.95,1276.26,-8.4,11.06472336116598
350,April,Wheat,1213.22,1146.65,1291.46,-49.0,11.93600501145711
351,March,Wheat,1262.22,1191.44,1343.42,-49.41,12.04069021248277
352,February,Wheat,1311.63,1243.19,1395.26,-6.3,11.593970860684792
353,January,Wheat,1317.93,1252.25,1412.28,24.0,12.142526537828257
354,December,Wheat,1293.93,1223.13,1400.46,26.0,13.704759917460752
355,November,Wheat,1267.93,1199.62,1377.61,30.19,14.037841205744797
356,October,Wheat,1237.74,1170.73,1334.04,10.53,13.194208799909507
357,September,Wheat,1227.21,1167.78,1321.41,-14.57,12.518639841591911
358,August,Wheat,1241.78,1186.38,1335.93,-1.28,12.043196057272622
359,July,Wheat,1243.06,1183.84,1339.71,3.79,12.539217736875141
360,June,Wheat,1239.27,1172.71,1343.68,25.31,13.796025079280547
361,May,Wheat,1213.96,1148.49,1312.93,9.83,13.545751095587995
362,April,Wheat,1204.13,1138.41,1288.1,-50.0,12.431381993638544
363,March,Wheat,1266.79,1186.14,1362.86,-50.0,13.950220636411704
364,February,Wheat,1364.98,1283.93,1459.36,-50.0,12.852202962680758
366,March,Paddy,3647.06,3523.74,3775.14,12.06,6.893223582831105
367,February,Paddy,3635.0,3495.65,3779.27,29.67,7.802475928473175
368,January,Paddy,3605.33,3460.85,3761.34,-3.43,8.334604599301597
369,December,Paddy,3608.76,3465.1,3772.48,9.83,8.517607155920595
370,November,Paddy,3598.93,3453.0,3755.77,7.4,8.412778242422053
371,October,Paddy,3591.53,3433.84,3750.16,18.37,8.807388494597001
372,September,Paddy,3573.16,3420.97,3736.73,36.7,8.836995824424324
373,August,Paddy,3536.46,3384.06,3695.97,43.14,8.819836785938477
374,July,Paddy,3493.32,3338.84,3654.44,63.53,9.034385627426056
375,June,Paddy,3429.79,3282.85,3593.54,8.07,9.058572099166422
376,May,Paddy,3421.72,3272.42,3575.1,27.73,8.845843610815608
377,April,Paddy,3393.99,3252.31,3539.28,-28.9,8.455239997760755
378,March,Paddy,3422.89,3268.4,3586.86,55.76,9.30383389474976
379,February,Paddy,3367.13,3224.86,3516.38,52.23,8.657818379450747
380,January,Paddy,3314.9,3168.21,3468.93,-3.07,9.071766870795493
381,December,Paddy,3317.97,3164.37,3487.61,-10.98,9.742101345099572
382,November,Paddy,3328.95,3170.69,3500.72,38.65,9.913936826927403
383,October,Paddy,3290.3,3148.58,3444.87,31.27,9.004953955566359
384,September,Paddy,3259.03,3114.49,3408.11,-37.31,9.009429185984796
385,August,Paddy,3296.34,3148.07,3464.83,100.0,9.609445627574818
386,July,Paddy,3174.68,3028.46,3337.86,89.26,9.745864150087572
387,June,Paddy,3085.42,2949.01,3243.35,30.34,9.53970610160042
388,May,Paddy,3055.08,2918.64,3212.35,38.88,9.613823533262632
389,April,Paddy,3016.2,2885.2,3156.74,3.06,9.002718652609243
390,March,Paddy,3013.14,2884.04,3153.32,-8.12,8.936856568231155
391,February,Paddy,3021.26,2890.14,3166.99,47.04,9.163395404566304
392,January,Paddy,2974.22,2851.57,3110.16,33.56,8.694380375358907
393,December,Paddy,2940.66,2819.56,3078.03,-35.74,8.78952344031613
394,November,Paddy,2976.4,2851.5,3116.22,-29.0,8.89396586480311
395,October,Paddy,3005.4,2871.88,3154.65,-50.0,9.408730950954947
396,September,Paddy,3056.95,2933.0,3197.34,44.19,8.647181013755546
397,August,Paddy,3012.76,2887.51,3155.69,99.33,8.90147240404147
398,July,Paddy,2913.43,2780.24,3060.11,3.6,9.606202997841045
399,June,Paddy,2909.83,2777.1,3055.31,26.18,9.56103964836434
400,May,Paddy,2883.65,2753.89,3030.01,8.04,9.575364555337865
401,April,Paddy,2875.61,2738.61,3020.29,7.83,9.795486870611795
402,March,Paddy,2867.78,2725.96,3021.35,14.26,10.300301975744299
403,February,Paddy,2853.52,2711.34,2991.26,14.9,9.80963862177241
404,January,Paddy,2838.62,2702.3,2970.05,54.81,9.432400250826106
405,December,Paddy,2783.81,2650.44,2930.58,-9.47,10.063186783580772
406,November,Paddy,2793.28,2671.74,2930.1,30.13,9.249341276205755
407,October,Paddy,2763.15,2647.61,2889.78,25.8,8.76427265982665
408,September,Paddy,2737.35,2619.53,2868.67,-3.04,9.101503278718464
409,August,Paddy,2740.39,2620.23,2876.06,-6.92,9.335532533690458
410,July,Paddy,2747.31,2625.33,2890.15,8.41,9.639247118090065
411,June,Paddy,2738.9,2622.32,2863.5,-1.16,8.805724926065201
412,May,Paddy,2740.06,2621.45,2870.16,33.83,9.076808537039337
413,April,Paddy,2706.23,2586.55,2843.07,22.79,9.478869127901175
414,March,Paddy,2683.44,2567.9,2808.79,20.25,8.97691023462421
415,February,Paddy,2663.19,2548.25,2788.64,27.71,9.026393160082453
416,January,Paddy,2635.48,2528.84,2752.71,1.16,8.494467800931895
417,December,Paddy,2634.32,2522.01,2752.12,-50.0,8.735081539068892
418,November,Paddy,2687.72,2578.07,2806.53,-27.47,8.500141383775098
419,October,Paddy,2715.19,2615.93,2824.98,-50.0,7.6992770303367415
420,September,Paddy,2771.94,2663.05,2892.73,-18.43,8.285893634061338
421,August,Paddy,2790.37,2664.6,2929.87,-11.35,9.506624569501536
422,July,Paddy,2801.72,2679.05,2943.66,0.61,9.444555487343479
423,June,Paddy,2801.11,2676.53,2938.64,-32.98,9.357361902959886
424,May,Paddy,2834.09,2706.48,2981.05,4.66,9.688118584801476
425,April,Paddy,2829.43,2726.28,2950.8,29.82,7.935167153808365
426,March,Paddy,2799.61,2675.75,2947.52,21.16,9.707423533992234
427,February,Paddy,2778.45,2654.16,2924.6,9.56,9.733484496751789
428,January,Paddy,2768.89,2648.49,2911.9,-50.0,9.513198429695665
429,December,Paddy,2821.01,2674.95,2979.74,-29.88,10.804286408059523
430,November,Paddy,2850.89,2688.57,3027.06,23.29,11.873134354534892
431,October,Paddy,2827.6,2666.37,2992.65,9.1,11.539114443344186
432,September,Paddy,2818.5,2664.62,2984.63,12.0,11.353911655135718
433,August,Paddy,2806.5,2649.54,2971.36,18.29,11.466951719223237
434,July,Paddy,2788.21,2636.85,2945.79,-8.56,11.080227099106597
435,June,Paddy,2796.77,2647.37,2953.72,-12.79,10.953707312363903
436,May,Paddy,2809.56,2653.35,2968.7,16.17,11.224177451273507
437,April,Paddy,2793.39,2652.58,2937.12,17.27,10.186189540307653
438,March,Paddy,2776.12,2622.33,2928.89,9.25,11.042750313387026
439,February,Paddy,2766.87,2616.51,2924.66,20.09,11.137133295022883
440,January,Paddy,2746.78,2606.4,2891.42,5.93,10.376513590458645
441,December,Paddy,2740.85,2603.27,2884.21,-14.88,10.250104894467048
442,November,Paddy,2755.73,2619.99,2904.5,-13.7,10.32430608223593
443,October,Paddy,2769.43,2628.51,2916.55,-13.7,10.400696172136504
444,September,Paddy,2783.13,2633.54,2939.54,-42.47,10.99481519009173
445,August,Paddy,2825.6,2659.77,2991.7,5.16,11.747239524348805
446,July,Paddy,2820.44,2650.29,2994.33,24.27,12.198096750861566
447,June,Paddy,2796.17,2622.1,2969.69,3.82,12.430932310982527
448,May,Paddy,2792.35,2619.6,2959.61,64.33,12.176482174512515
449,April,Paddy,2728.02,2564.76,2893.3,-38.72,12.043166838952793
450,March,Paddy,2766.74,2599.6,2941.43,5.23,12.354973723588047
451,February,Paddy,2761.51,2596.97,2942.41,20.88,12.509098283185649
452,January,Paddy,2740.63,2579.03,2913.44,-22.25,12.201938970236764
453,December,Paddy,2762.88,2601.4,2933.43,-39.64,12.017532429928181
454,November,Paddy,2802.52,2636.95,2983.82,27.06,12.377074918287839
455,October,Paddy,2775.46,2622.9,2936.33,26.66,11.292902798094724
456,September,Paddy,2748.8,2591.41,2917.65,-18.63,11.868451688009321
457,August,Paddy,2767.43,2617.56,2940.81,4.67,11.680512244212139
458,July,Paddy,2762.76,2612.83,2942.33,-4.85,11.926479317783665
459,June,Paddy,2767.61,2621.26,2962.68,8.54,12.33627570358539
460,May,Paddy,2759.07,2612.52,2982.51,27.14,13.4099533538475
461,April,Paddy,2731.93,2602.46,2971.68,15.79,13.514987572888023
462,March,Paddy,2716.14,2591.62,2953.41,25.67,13.320005596176927
463,February,Paddy,2690.47,2566.77,2926.74,17.9,13.379446713771193
464,January,Paddy,2672.57,2548.38,2912.17,-44.16,13.611991453918884
465,December,Paddy,2716.73,2577.22,2964.64,-26.77,14.260526441714857
466,November,Paddy,2743.5,2605.24,2984.33,2.26,13.817751047931479
467,October,Paddy,2741.24,2597.93,2981.13,17.93,13.979075163064902
468,September,Paddy,2723.31,2580.46,2965.54,-50.0,14.140145631602715
469,August,Paddy,2814.89,2670.82,3085.36,100.0,14.72668558984543
470,July,Paddy,2713.33,2576.35,2967.91,24.02,14.430975959429922
471,June,Paddy,2689.31,2551.91,2958.76,85.42,15.128415839007046
472,May,Paddy,2603.89,2473.62,2862.04,47.74,14.916912772812987
473,April,Paddy,2556.15,2427.87,2795.78,-40.03,14.39313029360563
474,March,Paddy,2596.18,2467.25,2843.63,-13.96,14.497453951575013
475,February,Paddy,2610.14,2495.55,2853.99,-4.32,13.732596718949926
476,January,Paddy,2614.46,2499.97,2853.08,-22.6,13.506039488077848
477,December,Paddy,2637.06,2520.36,2879.15,35.47,13.605682085352628
478,November,Paddy,2601.59,2487.65,2845.1,3.47,13.73967458362001
479,October,Paddy,2598.12,2485.5,2833.42,15.77,13.391221344664608
480,September,Paddy,2582.35,2470.65,2792.45,27.81,12.461517609928931
481,August,Paddy,2554.54,2442.81,2760.93,-28.96,12.453122675706776
482,July,Paddy,2583.5,2466.49,2793.65,33.83,12.663441068318186
483,June,Paddy,2549.67,2427.5,2756.9,48.31,12.919318970690327
484,May,Paddy,2501.36,2392.99,2703.68,11.82,12.420843061374613
485,April,Paddy,2489.54,2392.8,2652.69,-33.34,10.439277938896337
486,March,Paddy,2522.88,2416.83,2685.43,13.87,10.646562658548955
487,February,Paddy,2509.01,2398.03,2676.09,-21.3,11.082458818418417
488,January,Paddy,2530.31,2415.06,2696.34,-27.79,11.116424469729013
489,December,Paddy,2558.1,2446.37,2724.16,-50.0,10.859231460849848
490,November,Paddy,2651.45,2536.12,2823.62,4.03,10.84312357389353
491,October,Paddy,2647.42,2532.43,2815.91,-11.75,10.707783426883532
492,September,Paddy,2659.17,2533.39,2855.52,-11.63,12.113930286517977
493,August,Paddy,2670.8,2561.65,2879.81,10.68,11.9125355698667
494,July,Paddy,2660.12,2584.69,2917.44,9.45,12.508834187931372
495,June,Paddy,2650.67,2589.46,2911.56,19.0,12.15164467851524
496,May,Paddy,2631.67,2571.09,2897.63,7.06,12.408090680062468
497,April,Paddy,2624.61,2573.41,2892.84,14.5,12.170570103748759
498,March,Paddy,2610.11,2549.74,2852.62,23.0,11.604108639099506
499,February,Paddy,2587.11,2515.8,2849.7,56.63,12.906293122441628
500,January,Paddy,2530.48,2451.71,2798.5,-45.08,13.704514558502733
501,December,Paddy,2575.56,2523.39,2825.61,-3.31,11.734147136933338
502,November,Paddy,2578.87,2525.34,2823.97,29.44,11.579878008585142
503,October,Paddy,2549.43,2520.93,2782.33,23.18,10.253272300082768
504,September,Paddy,2526.25,2478.34,2748.48,16.69,10.69332013854527
505,August,Paddy,2509.56,2477.86,2720.62,-50.0,9.673408884425946
506,July,Paddy,2559.94,2475.89,2814.93,89.27,13.244060407665803
507,June,Paddy,2470.67,2387.69,2725.44,72.27,13.670380908822303
508,May,Paddy,2398.4,2321.21,2636.9,53.92,13.162525016677787
509,April,Paddy,2344.48,2274.81,2575.47,-16.93,12.82416569985668
510,March,Paddy,2361.41,2281.23,2602.11,29.16,13.58849162153121
511,February,Paddy,2332.25,2267.59,2574.12,56.83,13.143102154571753
512,January,Paddy,2275.42,2209.0,2523.57,17.27,13.824700494853703
513,December,Paddy,2258.15,2189.89,2490.31,26.59,13.303810641454291
514,November,Paddy,2231.56,2150.13,2433.86,-3.91,12.714423990392373
515,October,Paddy,2235.47,2150.63,2428.01,41.63,12.408128939328202
516,September,Paddy,2193.84,2113.96,2376.17,27.64,11.952102249936186
517,August,Paddy,2166.2,2083.57,2360.92,35.92,12.803526913489055
518,July,Paddy,2130.28,2040.09,2331.21,59.78,13.665809189402337
519,June,Paddy,2070.5,1977.16,2257.19,7.09,13.524752475247523
520,May,Paddy,2063.41,1968.6,2258.79,47.23,14.063613145230471
521,April,Paddy,2016.18,1924.74,2195.9,-7.68,13.449196004325014
522,March,Paddy,2023.86,1916.37,2188.33,47.57,13.437688377654583
523,February,Paddy,1976.29,1866.56,2142.88,2.98,13.981753689994896
524,January,Paddy,1973.31,1871.98,2145.57,7.45,13.864522046713398
525,December,Paddy,1965.86,1875.96,2160.02,18.55,14.449655621458291
526,November,Paddy,1947.31,1887.18,2156.65,0.52,13.838063790562366
527,October,Paddy,1946.79,1887.25,2157.63,-14.33,13.888503639324226
528,September,Paddy,1961.12,1880.9,2164.32,2.3,14.451945826874443
529,August,Paddy,1958.82,1891.22,2166.96,11.48,14.07684218049642
530,July,Paddy,1947.34,1881.82,2152.02,-19.14,13.875337640062856
531,June,Paddy,1966.48,1902.37,2186.86,-1.65,14.46696635612873
532,May,Paddy,1968.13,1911.53,2185.22,29.9,13.90609360154054
533,April,Paddy,1938.23,1875.62,2138.4,-33.47,13.557730506699423
534,March,Paddy,1971.7,1920.25,2169.44,16.51,12.638332403509663
535,February,Paddy,1955.19,1887.57,2174.19,-8.33,14.659444862136167
536,January,Paddy,1963.52,1906.39,2183.81,-1.35,14.128707627118636
537,December,Paddy,1964.87,1889.99,2188.9,-22.02,15.212711273519371
538,November,Paddy,1986.89,1937.57,2206.82,-11.04,13.551328961341605
539,October,Paddy,1997.93,1937.81,2231.28,-3.45,14.688702807405676
540,September,Paddy,2001.38,1943.12,2235.11,19.15,14.5894332910292
541,August,Paddy,1982.23,1916.58,2216.16,9.28,15.113281506182426
542,July,Paddy,1972.95,1906.42,2218.69,59.12,15.82756785524215
543,June,Paddy,1913.83,1851.44,2146.86,31.69,15.436062764195361
544,May,Paddy,1882.14,1814.4,2113.94,20.43,15.914862868862038
545,April,Paddy,1861.71,1790.06,2103.44,-2.65,16.83291167797348
546,March,Paddy,1864.36,1778.68,2088.59,-10.58,16.622862537278213
547,February,Paddy,1874.94,1781.32,2089.2,0.94,16.42079213201488
549,March,Tobacco,4152.2,4070.45,4865.76,0.16,19.153942488319455
550,February,Tobacco,4152.04,4075.6,4229.93,-8.68,3.716968044623857
551,January,Tobacco,4160.72,4073.36,4340.51,44.06,6.420763713972584
552,December,Tobacco,4116.66,4005.92,4229.34,-50.0,5.427215266745374
553,November,Tobacco,4186.92,4067.27,4344.74,43.44,6.627067151987613
554,October,Tobacco,4143.48,4065.46,4225.92,-15.42,3.872590189888694
555,September,Tobacco,4158.9,4053.75,4304.11,57.22,6.019861020943031
556,August,Tobacco,4101.68,4004.21,4180.68,-50.0,4.302383413625642
557,July,Tobacco,4462.44,4301.16,4630.59,100.0,7.382284131551356
558,June,Tobacco,4140.38,4074.72,4232.03,59.38,3.7994097160164024
559,May,Tobacco,4081.0,4011.39,4154.72,73.86,3.5121293800539175
560,April,Tobacco,4007.14,3937.99,4080.28,21.21,3.5509116227533957
561,March,Tobacco,3985.93,3915.04,4049.5,-40.77,3.373365814251631
562,February,Tobacco,4026.7,3960.72,4103.39,-28.9,3.543099808776431
563,January,Tobacco,4055.6,3983.45,4125.76,-31.15,3.508975244106924
564,December,Tobacco,4086.75,4018.38,4131.46,-10.99,2.7669908851777065
565,November,Tobacco,4097.74,4034.12,4156.39,69.97,2.9838398727103344
566,October,Tobacco,4027.77,3970.02,4078.39,51.86,2.6905707128262013
567,September,Tobacco,3975.91,3923.65,4018.02,70.59,2.3735446727918865
568,August,Tobacco,3905.32,3853.23,3948.95,18.67,2.451015537779229
569,July,Tobacco,3886.65,3826.73,3939.78,24.21,2.9086745654998567
570,June,Tobacco,3862.44,3797.07,3897.21,19.9,2.5926616335787704
571,May,Tobacco,3842.54,3789.07,3896.01,2.27,2.7830549584389503
572,April,Tobacco,3840.27,3767.32,3893.72,71.14,3.2914352376265117
573,March,Tobacco,3769.13,3715.5,3815.25,4.35,2.6464993247778663
574,February,Tobacco,3764.78,3715.07,3815.62,-50.0,2.670806793491246
575,January,Tobacco,3821.33,3758.07,3879.27,-14.2,3.171670596363042
576,December,Tobacco,3835.53,3784.9,3891.52,-32.56,2.7797983590273025
577,November,Tobacco,3868.09,3807.62,3913.24,9.41,2.7305466005185997
578,October,Tobacco,3858.68,3809.62,3907.01,70.3,2.523920097028008
579,September,Tobacco,3788.38,3748.32,3829.85,4.66,2.1521072331709
580,August,Tobacco,3783.72,3740.81,3826.13,50.69,2.2549237258570973
581,July,Tobacco,3733.03,3687.17,3780.22,-7.08,2.4926132391113844
582,June,Tobacco,3740.11,3689.19,3800.44,-15.83,2.9745114448505525
583,May,Tobacco,3755.94,3703.42,3818.39,19.47,3.0610180141322756
584,April,Tobacco,3736.47,3675.93,3804.41,-11.34,3.438539584152958
585,March,Tobacco,3747.81,3695.39,3820.65,48.03,3.342218522283686
586,February,Tobacco,3699.78,3648.28,3772.61,2.26,3.360470082004874
587,January,Tobacco,3697.52,3653.19,3756.58,-19.41,2.7961985330708115
588,December,Tobacco,3716.93,3664.44,3782.64,-50.0,3.180043745779442
589,November,Tobacco,3804.62,3754.11,3858.64,-7.88,2.747449153923381
590,October,Tobacco,3812.5,3760.38,3865.16,70.87,2.7483278688524524
591,September,Tobacco,3741.63,3689.46,3794.82,100.0,2.815885055443754
592,August,Tobacco,3573.62,3528.33,3622.66,90.02,2.6396203289661444
593,July,Tobacco,3483.6,3436.35,3541.41,-50.0,3.0158456768859785
594,June,Tobacco,3553.67,3504.53,3612.93,-14.45,3.0503676480933692
595,May,Tobacco,3568.12,3517.26,3628.67,60.36,3.1223725659450876
596,April,Tobacco,3507.76,3460.15,3564.78,53.59,2.9828152439163484
597,March,Tobacco,3454.17,3406.24,3524.83,-9.56,3.4332415602011523
598,February,Tobacco,3463.73,3411.45,3530.65,-7.23,3.441376781677564
599,January,Tobacco,3470.96,3420.4,3540.62,-50.0,3.4635950860856877
600,December,Tobacco,3521.05,3474.14,3586.18,8.78,3.182005367717015
601,November,Tobacco,3512.27,3468.89,3585.14,-15.6,3.309825269697375
602,October,Tobacco,3527.87,3489.69,3583.74,-50.0,2.665914560343769
603,September,Tobacco,3585.61,3530.82,3651.3,-8.12,3.360097723957709
604,August,Tobacco,3593.73,3525.93,3674.72,-3.48,4.140266519744109
605,July,Tobacco,3597.21,3533.79,3676.73,64.94,3.973635122775708
606,June,Tobacco,3532.27,3464.18,3609.93,15.19,4.126241765210473
607,May,Tobacco,3517.08,3453.82,3592.19,-50.0,3.934229531315748
608,April,Tobacco,3585.15,3520.43,3663.18,37.06,3.9817022997643052
609,March,Tobacco,3548.09,3467.56,3657.62,-9.43,5.356684864250905
610,February,Tobacco,3557.52,3475.97,3655.75,12.03,5.053520429962451
611,January,Tobacco,3545.49,3463.12,3650.14,-39.67,5.274870328219794
612,December,Tobacco,3585.16,3511.07,3666.58,-39.4,4.337602784812945
613,November,Tobacco,3624.56,3553.96,3701.73,-50.0,4.076908645463173
614,October,Tobacco,3692.0,3609.8,3773.87,30.45,4.443932827735637
615,September,Tobacco,3661.55,3586.07,3744.03,38.06,4.314020018844479
616,August,Tobacco,3623.49,3563.31,3813.38,18.9,6.901357530999125
617,July,Tobacco,3604.59,3537.11,3685.26,-27.03,4.110037479990792
618,June,Tobacco,3631.62,3559.3,3708.17,93.97,4.099272500977523
619,May,Tobacco,3537.65,3478.25,3602.07,78.65,3.5000636015434017
620,April,Tobacco,3459.0,3402.02,3525.84,-50.0,3.5796472969066255
621,March,Tobacco,3552.99,3489.24,3624.81,-12.98,3.815659486798448
622,February,Tobacco,3565.97,3495.23,3648.65,33.52,4.302335689868397
623,January,Tobacco,3532.45,3462.85,3610.76,-50.0,4.187178870189254
624,December,Tobacco,3618.84,3539.92,3697.06,-50.0,4.342275425274393
625,November,Tobacco,3669.24,3594.09,3751.4,-0.56,4.287263847554261
626,October,Tobacco,3669.8,3587.2,3764.38,-50.0,4.828056024851498
627,September,Tobacco,3724.72,3627.98,3814.4,-50.0,5.00493996864194
628,August,Tobacco,3787.8,3676.18,3884.47,81.29,5.4989703785838735
629,July,Tobacco,3706.51,3606.08,3804.1,100.0,5.342491993816285
630,June,Tobacco,3541.88,3441.85,3636.83,51.5,5.504986052604831
631,May,Tobacco,3490.38,3383.99,3591.72,-50.0,5.951500982701025
632,April,Tobacco,3689.31,3589.73,3795.21,-50.0,5.569605156519784
633,March,Tobacco,3796.59,3697.16,3895.32,-44.24,5.219420585314725
634,February,Tobacco,3840.83,3746.84,3936.89,-50.0,4.948149228161614
635,January,Tobacco,3949.36,3853.5,4051.22,-50.0,5.006380780683448
636,December,Tobacco,4044.64,3941.03,4141.58,-50.0,4.9584140986589595
637,November,Tobacco,4146.76,4049.26,4240.47,-9.26,4.611069847302473
638,October,Tobacco,4156.02,4056.93,4247.49,4.88,4.585155990587147
639,September,Tobacco,4151.14,4049.37,4238.31,-30.95,4.551520787060916
640,August,Tobacco,4182.09,4077.95,4274.66,68.23,4.70362904672066
641,July,Tobacco,4113.86,4012.14,4210.92,24.52,4.831958306797028
642,June,Tobacco,4089.34,3990.34,4190.7,3.36,4.899568145470899
643,May,Tobacco,4085.98,3987.96,4206.98,9.6,5.360280764957232
644,April,Tobacco,4076.38,3974.59,4197.63,27.19,5.47152130076195
645,March,Tobacco,4049.19,3933.45,4161.75,27.84,5.638164669971036
646,February,Tobacco,4021.35,3916.48,4126.82,60.03,5.230581769803665
647,January,Tobacco,3961.32,3856.13,4070.92,18.99,5.422182504821624
648,December,Tobacco,3942.33,3838.32,4071.54,-29.11,5.91579091552457
649,November,Tobacco,3971.44,3869.06,4089.1,10.64,5.540559595511954
650,October,Tobacco,3960.8,3864.59,4072.95,18.63,5.260553423550789
651,September,Tobacco,3942.17,3835.71,4046.46,4.15,5.346040378776156
652,August,Tobacco,3938.02,3837.54,4048.19,42.15,5.3491348444142
653,July,Tobacco,3895.87,3801.13,4012.79,94.36,5.4329328237338474
654,June,Tobacco,3801.51,3699.67,3902.73,15.58,5.341561642610435
655,May,Tobacco,3785.93,3674.2,3898.8,100.0,5.932492148560602
656,April,Tobacco,3623.35,3487.57,3738.71,100.0,6.931154870492772
657,March,Tobacco,3320.86,3197.43,3429.39,85.93,6.984937636636294
658,February,Tobacco,3234.93,3126.17,3335.45,70.39,6.469382645064956
659,January,Tobacco,3164.54,3049.69,3262.72,100.0,6.731784082362674
660,December,Tobacco,3028.65,2925.47,3122.37,46.97,6.501246429927527
661,November,Tobacco,2981.68,2878.08,3076.08,40.02,6.640551635319686
662,October,Tobacco,2941.66,2824.37,3044.71,91.23,7.490328589979812
663,September,Tobacco,2850.43,2738.18,2944.2,61.98,7.227681437537495
664,August,Tobacco,2788.45,2691.66,2885.83,-48.0,6.963366744965844
665,July,Tobacco,2836.45,2746.14,2933.94,-50.0,6.620952246646343
666,June,Tobacco,2988.8,2903.23,3082.35,-6.85,5.993040685224836
667,May,Tobacco,2995.65,2907.82,3091.18,-50.0,6.120875269140242
668,April,Tobacco,3051.14,2959.68,3157.12,-50.0,6.471023945148373
669,March,Tobacco,3169.32,3066.88,3259.51,-21.15,6.077959940933705
670,February,Tobacco,3190.47,3096.99,3278.61,-50.0,5.692578209480119
671,January,Tobacco,3252.44,3151.58,3330.25,-15.56,5.493414175203849
672,December,Tobacco,3268.0,3167.3,3356.69,-50.0,5.795287637698895
673,November,Tobacco,3376.09,3274.83,3471.52,-50.0,5.82597027922834
674,October,Tobacco,3436.11,3346.21,3528.51,-21.66,5.305418045406002
675,September,Tobacco,3457.77,3365.63,3571.09,-38.5,5.9419799466129914
676,August,Tobacco,3496.27,3397.95,3602.98,17.19,5.864249614589268
677,July,Tobacco,3479.08,3381.2,3569.79,55.85,5.420685928463851
678,June,Tobacco,3423.23,3333.82,3510.51,-4.11,5.161499519459693
679,May,Tobacco,3427.34,3333.66,3490.51,21.51,4.576435369703629
680,April,Tobacco,3405.83,3314.14,3475.7,100.0,4.743630774289966
681,March,Tobacco,3299.58,3215.16,3378.38,44.37,4.946690184811408
682,February,Tobacco,3255.21,3169.86,3328.76,-11.59,4.881405500720386
683,January,Tobacco,3266.8,3176.94,3343.63,-46.73,5.10254683482307
684,December,Tobacco,3313.53,3202.82,3389.26,-26.11,5.62662779573446
685,November,Tobacco,3339.64,3227.28,3458.33,-36.38,6.9184103675845225
686,October,Tobacco,3376.02,3298.55,3455.68,-50.0,4.654297071699802
687,September,Tobacco,3427.86,3332.68,3506.2,-1.5,5.062050375452905
688,August,Tobacco,3429.36,3339.26,3498.83,7.66,4.65305479739659
689,July,Tobacco,3421.7,3339.86,3501.09,-35.29,4.7119852704795875
690,June,Tobacco,3456.99,3368.92,3548.73,-2.57,5.2013456793337545
691,May,Tobacco,3459.56,3369.47,3544.02,-15.23,5.045439304420221
692,April,Tobacco,3474.79,3397.55,3561.39,-44.82,4.715105085487171
693,March,Tobacco,3519.61,3446.57,3595.92,-2.6,4.243367873145034
694,February,Tobacco,3522.21,3442.03,3599.96,-43.19,4.483832593740857
695,January,Tobacco,3565.4,3489.05,3641.45,-50.0,4.2744152128793305
696,December,Tobacco,3711.89,3633.33,3815.59,-31.01,4.910167057752257
697,November,Tobacco,3742.9,3685.38,3866.27,-23.25,4.832883592935955
698,October,Tobacco,3766.15,3696.4,3877.0,11.74,4.795348034464902
699,September,Tobacco,3754.41,3659.92,3843.65,100.0,4.893711661752446
700,August,Tobacco,3606.52,3519.51,3692.74,100.0,4.803245233632409
701,July,Tobacco,3334.35,3256.27,3414.55,100.0,4.746952179585233
702,June,Tobacco,3164.47,3084.05,3246.65,13.1,5.138301200516988
703,May,Tobacco,3151.37,3103.63,3256.3,39.56,4.844559667700082
704,April,Tobacco,3111.81,3040.45,3209.77,-3.6,5.441206243311775
705,March,Tobacco,3115.41,3050.81,3207.6,-32.3,5.032724424714563
706,February,Tobacco,3147.71,3074.09,3248.31,-28.26,5.53481737517115
707,January,Tobacco,3175.97,3107.1,3272.63,-42.32,5.211950994499325
708,December,Tobacco,3218.29,3148.51,3310.37,100.0,5.029378955905144
709,November,Tobacco,3115.64,3060.98,3227.29,78.45,5.337908102348152
710,October,Tobacco,3037.19,2967.23,3140.01,23.92,5.688811039151327
711,September,Tobacco,3013.27,2946.11,3124.07,20.0,5.905876340321313
712,August,Tobacco,2993.27,2931.11,3098.37,-0.16,5.58786878564245
713,July,Tobacco,2993.43,2932.4,3093.86,40.62,5.393812449263889
714,June,Tobacco,2952.81,2881.89,3045.09,-34.74,5.526938746482174
715,May,Tobacco,2987.55,2929.94,3079.31,-27.86,4.999748958176428
716,April,Tobacco,3015.41,2963.23,3110.55,3.35,4.8855711163656075
717,March,Tobacco,3012.06,2964.44,3100.2,-37.69,4.507214331719812
718,February,Tobacco,3049.75,2996.11,3138.54,-50.0,4.670218870399208
719,January,Tobacco,3126.48,3073.65,3200.41,-5.14,4.05439983623755
720,December,Tobacco,3131.62,3068.36,3227.25,100.0,5.073731806541019
721,November,Tobacco,3007.45,2952.87,3097.85,100.0,4.820695273404381
722,October,Tobacco,2906.69,2840.33,2986.04,52.24,5.012918474278304
723,September,Tobacco,2854.45,2776.16,2914.51,-20.84,4.846818126083847
724,August,Tobacco,2875.29,2806.94,2938.84,-50.0,4.5873633616087455
725,July,Tobacco,2965.9,2898.79,3040.17,4.84,4.766849860076203
726,June,Tobacco,2961.06,2888.88,3031.81,-50.0,4.826987632807165
727,May,Tobacco,3088.43,3015.29,3168.52,-50.0,4.961420527581977
728,April,Tobacco,3211.66,3143.55,3312.8,-50.0,5.269860445999888
729,March,Tobacco,3560.05,3483.23,3661.1,-50.0,4.9962781421609215
730,February,Tobacco,3981.63,3900.66,4080.83,-50.0,4.525031205812696
732,March,Cotton,6942.65,6417.98,7150.53,-50.0,10.551446493773994
733,February,Cotton,7035.74,6495.19,7249.18,-50.0,10.716569969896566
734,January,Cotton,7167.75,6658.24,7376.94,6.27,10.026856405427084
735,December,Cotton,7161.48,6627.59,7571.54,-50.0,13.18093466713584
736,November,Cotton,7231.03,6687.24,7477.26,100.0,10.92541449834948
737,October,Cotton,7122.66,6353.08,7531.3,100.0,16.54185374565121
738,September,Cotton,6890.3,5836.34,7361.55,-50.0,22.135610931309234
739,August,Cotton,7022.81,6108.27,7286.63,-14.56,16.77903858996612
740,July,Cotton,7037.37,6114.73,7334.34,100.0,17.330479994657104
741,June,Cotton,6850.84,6072.5,7188.55,-50.0,16.29070303787565
742,May,Cotton,6902.7,6211.27,7243.76,-50.0,14.957770147913132
743,April,Cotton,6978.4,6263.73,7363.06,-50.0,15.753324544308164
744,March,Cotton,7037.86,6387.33,7398.57,100.0,14.368572264864602
745,February,Cotton,6562.07,5850.65,6938.16,56.17,16.572666856647373
746,January,Cotton,6505.9,5784.93,6877.47,-50.0,16.793064756605546
747,December,Cotton,6665.58,5980.39,6990.3,-50.0,15.151119632500096
748,November,Cotton,6817.05,6275.21,7065.65,61.41,11.595044777433047
749,October,Cotton,6755.64,6053.67,7068.25,-48.06,15.018266219040683
750,September,Cotton,6803.7,6128.44,7108.0,1.57,14.39746020547644
751,August,Cotton,6802.13,6126.71,7027.69,100.0,13.245556906439592
752,July,Cotton,6656.2,6159.64,6830.07,-50.0,10.072263453622178
753,June,Cotton,6796.77,6269.74,6965.83,-50.0,10.241482351175634
754,May,Cotton,7136.88,6583.15,7290.84,-50.0,9.915957673381094
755,April,Cotton,7512.69,6930.62,7687.08,100.0,10.069096422186993
756,March,Cotton,7392.47,6871.16,7544.32,-50.0,9.106022750176868
757,February,Cotton,7699.52,7171.97,7869.45,-50.0,9.058746519263531
758,January,Cotton,7902.96,7365.46,8109.25,-50.0,9.411536943120046
759,December,Cotton,8046.11,7512.64,8250.97,-50.0,9.176235472793673
760,November,Cotton,8344.06,7672.33,8570.38,100.0,10.762746193100234
761,October,Cotton,7962.29,7160.88,8329.36,-50.0,14.675175106659019
762,September,Cotton,8394.02,7356.71,8931.94,-50.0,18.76609776960265
763,August,Cotton,8826.57,7635.37,9300.22,100.0,18.861800223642927
764,July,Cotton,8199.31,7182.0,8643.25,-50.0,17.821621575474033
765,June,Cotton,9318.3,7894.25,10122.93,-50.0,23.91723812283357
766,May,Cotton,10056.78,8553.76,11018.22,100.0,24.50545800942249
767,April,Cotton,9815.44,8367.6,10727.01,100.0,24.037740539395074
768,March,Cotton,9013.42,7720.65,9643.98,22.33,21.338515236170068
769,February,Cotton,8991.09,7717.53,9594.45,100.0,20.875333246580794
770,January,Cotton,8709.97,7506.11,9267.4,100.0,20.22153922458975
771,December,Cotton,7924.82,6911.41,8356.59,100.0,18.23612397505559
772,November,Cotton,7720.58,6851.4,8085.88,100.0,15.989472293532359
773,October,Cotton,7080.81,6009.47,7762.42,100.0,24.756348496852755
774,September,Cotton,6199.17,5268.35,6787.85,-50.0,24.511345873721805
775,August,Cotton,6762.97,5691.05,7301.47,100.0,23.812319143808118
776,July,Cotton,6181.63,5206.21,6673.49,100.0,23.73613432055946
777,June,Cotton,5912.21,5154.29,6397.2,100.0,21.02276475294348
778,May,Cotton,5326.31,4884.45,5619.26,-50.0,13.795854916443098
779,April,Cotton,5565.35,4946.57,5980.82,-50.0,18.58373687189485
780,March,Cotton,5735.57,5122.6,6073.89,100.0,16.585797052428966
781,February,Cotton,5630.92,5073.82,5942.53,100.0,15.42749675008702
782,January,Cotton,5417.16,4939.25,5681.83,100.0,13.707920755525036
783,December,Cotton,5284.49,4849.09,5513.91,100.0,12.580589612242616
784,November,Cotton,5097.34,4614.81,5378.61,100.0,14.984285921676783
785,October,Cotton,4750.48,4241.92,5056.65,100.0,17.150477425439107
786,September,Cotton,4428.0,3835.19,4814.59,100.0,22.11833785004517
787,August,Cotton,4283.25,3793.56,4596.0,-42.67,18.73437226405183
788,July,Cotton,4325.92,3857.37,4690.17,-50.0,19.251396234789368
789,June,Cotton,4426.84,4007.5,4748.96,35.32,16.749193555674026
790,May,Cotton,4391.52,3975.88,4704.93,100.0,16.601313440448866
791,April,Cotton,4165.8,3751.91,4484.19,-50.0,17.578376302270865
792,March,Cotton,4727.94,4276.94,5032.53,-50.0,15.981378782302658
793,February,Cotton,4924.35,4482.01,5178.42,-50.0,14.142171047955564
794,January,Cotton,5096.51,4672.94,5325.64,54.5,12.806803086818247
795,December,Cotton,5042.01,4631.19,5254.22,100.0,12.356778348317448
796,November,Cotton,4868.02,4430.87,5111.33,-50.0,13.978167715005279
797,October,Cotton,4939.53,4454.06,5228.88,-50.0,15.686107787583023
798,September,Cotton,5102.94,4656.14,5353.68,-50.0,13.669374909365976
799,August,Cotton,5254.12,4853.01,5448.09,-50.0,11.325968953887616
800,July,Cotton,5371.34,4992.02,5547.51,-50.0,10.34173967762234
801,June,Cotton,5457.02,5046.75,5651.64,-50.0,11.08462127681409
802,May,Cotton,5622.87,5217.52,5816.84,-50.0,10.658613839551682
803,April,Cotton,5756.67,5339.99,5977.62,100.0,11.076368803492297
804,March,Cotton,5381.66,5032.51,5559.51,100.0,9.792517550346918
805,February,Cotton,5235.52,4919.74,5382.26,-50.0,8.834270521361782
806,January,Cotton,5330.98,5029.32,5469.15,-43.76,8.250453012391718
807,December,Cotton,5374.74,5083.64,5514.09,-50.0,8.008759493482472
808,November,Cotton,5498.25,5238.07,5633.69,100.0,7.195380348292637
809,October,Cotton,5343.13,5066.43,5504.45,100.0,8.197816635567532
810,September,Cotton,5023.25,4715.28,5216.16,100.0,9.971233763002042
811,August,Cotton,4888.59,4564.68,5082.23,100.0,10.5868972443997
812,July,Cotton,4747.39,4403.73,4990.13,8.47,12.35205028447211
813,June,Cotton,4738.92,4282.68,5093.02,100.0,17.09967671959012
814,May,Cotton,4479.4,4033.51,4775.3,30.99,16.56003036120909
815,April,Cotton,4448.41,3976.06,4726.64,-50.0,16.87299507014867
816,March,Cotton,4542.27,4135.15,4766.7,-50.0,13.90384103102634
817,February,Cotton,4723.76,4358.66,4931.46,-50.0,12.125933578335905
818,January,Cotton,4931.95,4595.71,5122.48,100.0,10.680765214570293
819,December,Cotton,4750.75,4446.18,4907.89,100.0,9.71867599852655
820,November,Cotton,4448.5,4175.68,4605.29,35.31,9.657412610992463
821,October,Cotton,4413.19,4110.02,4611.64,48.54,11.36638123443586
822,September,Cotton,4364.65,4078.69,4568.92,-50.0,11.231828439851995
823,August,Cotton,4605.47,4329.05,4790.12,-50.0,10.011356061379178
824,July,Cotton,4672.31,4388.87,4870.44,-11.29,10.306893164195005
825,June,Cotton,4683.6,4370.26,4897.24,-50.0,11.251601332308471
826,May,Cotton,4822.04,4405.1,5080.29,-50.0,14.002165058771798
827,April,Cotton,5086.18,4695.03,5345.18,-50.0,12.782677766024806
828,March,Cotton,5257.43,4907.47,5487.05,-50.0,11.024017438177967
829,February,Cotton,5314.33,5002.99,5489.65,100.0,9.157504332625182
830,January,Cotton,5161.37,4864.36,5327.51,100.0,8.973392723249846
831,December,Cotton,4797.42,4534.81,4943.84,84.02,8.52604108041405
832,November,Cotton,4713.4,4473.26,4852.71,58.62,8.050451903084818
833,October,Cotton,4654.78,4289.66,4888.93,-50.0,12.874292662596309
834,September,Cotton,4759.27,4401.22,4983.66,17.37,12.238011291647659
835,August,Cotton,4741.9,4430.4,4924.02,-15.22,10.409751365486427
836,July,Cotton,4757.12,4458.96,4962.09,100.0,10.576357123637834
837,June,Cotton,4535.75,4231.25,4762.34,100.0,11.708978669459299
838,May,Cotton,4403.85,4115.73,4622.28,54.69,11.502435369052083
839,April,Cotton,4349.16,4047.07,4556.57,70.93,11.71490586688003
840,March,Cotton,4278.23,4040.9,4451.64,-50.0,9.600699354639659
841,February,Cotton,4357.39,4139.74,4502.91,-50.0,8.334576432222041
842,January,Cotton,4438.02,4235.58,4575.38,100.0,7.656567568420154
843,December,Cotton,4273.45,4087.58,4391.72,100.0,7.116966385473103
844,November,Cotton,4107.74,3938.81,4222.21,-46.0,6.899170833597065
845,October,Cotton,4153.74,3961.93,5000.87,76.37,25.01215771810465
846,September,Cotton,4077.37,3857.84,4258.23,69.08,9.819810318906535
847,August,Cotton,4008.29,3789.39,4176.63,2.73,9.660977623874526
848,July,Cotton,4005.56,3787.0,4149.15,-13.12,9.041182755969194
849,June,Cotton,4018.68,3768.76,4173.74,-50.0,10.0774383628455
850,May,Cotton,4089.58,3836.38,4252.52,-16.77,10.175617056030212
851,April,Cotton,4106.35,3863.34,4265.6,100.0,9.79604758483812
852,March,Cotton,3942.77,3740.57,4061.02,16.88,8.12753470275973
853,February,Cotton,3925.89,3718.31,4030.27,-50.0,7.946223658839144
854,January,Cotton,4003.43,3793.06,4110.09,-10.88,7.918959492235414
855,December,Cotton,4014.31,3827.18,4116.85,16.22,7.215934992564116
856,November,Cotton,3998.09,3825.77,4134.11,-37.65,7.712182567175818
857,October,Cotton,4035.74,3780.88,4200.63,-50.0,10.400818685049087
858,September,Cotton,4205.03,3823.02,4455.89,-50.0,15.050308796845691
859,August,Cotton,4373.81,4089.47,4586.32,-50.0,11.359661256433174
860,July,Cotton,4461.3,4140.18,4725.53,78.65,13.120615067357036
861,June,Cotton,4382.65,4056.4,4641.73,-50.0,13.355618176217574
862,May,Cotton,4522.01,4182.99,4775.5,-50.0,13.1028016302485
863,April,Cotton,4581.06,4305.16,4776.26,-50.0,10.283646143032406
864,March,Cotton,4771.31,4516.13,4920.84,-50.0,8.482156891922763
865,February,Cotton,4927.44,4669.32,5068.82,13.51,8.107658337798126
866,January,Cotton,4913.93,4656.41,5063.51,100.0,8.284611298899257
867,December,Cotton,4554.79,4330.82,4680.45,-50.0,7.676094836424953
868,November,Cotton,4608.89,4394.24,4753.11,-26.57,7.786473532672724
869,October,Cotton,4635.46,4301.63,4859.13,47.79,12.026853861321205
870,September,Cotton,4587.67,4236.48,4795.44,100.0,12.183962665143746
871,August,Cotton,4374.55,4100.69,4552.9,-6.64,10.337291835731675
872,July,Cotton,4381.19,4127.64,4564.76,100.0,9.977197975892393
873,June,Cotton,4268.85,4007.7,4443.18,57.06,10.201342281879205
874,May,Cotton,4211.79,3931.71,4382.32,-50.0,10.698776529694017
875,April,Cotton,4414.25,4111.12,4562.9,-50.0,10.23458118593192
876,March,Cotton,4475.12,4145.88,4620.02,100.0,10.595023150217209
877,February,Cotton,4144.82,3874.14,4259.57,100.0,9.299076920107504
878,January,Cotton,4039.66,3787.9,4136.95,-15.29,8.640578662560703
879,December,Cotton,4054.95,3833.19,4149.54,-50.0,7.801575851736764
880,November,Cotton,4117.67,3897.9,4222.41,77.06,7.880913234911971
881,October,Cotton,4040.61,3709.07,4216.15,100.0,12.54959028463523
882,September,Cotton,3803.1,3383.89,4079.65,-50.0,18.294549183560786
883,August,Cotton,4188.39,3857.77,4399.78,64.92,12.94077199114695
884,July,Cotton,4123.47,3789.0,4340.81,100.0,13.382175691832373
885,June,Cotton,3637.65,3344.05,3820.31,-50.0,13.092518521572988
886,May,Cotton,3702.21,3394.6,3888.13,-13.08,13.330686265770991
887,April,Cotton,3715.29,3359.79,3893.35,-50.0,14.361193877193973
888,March,Cotton,3785.94,3436.5,3944.6,-50.0,13.4207092558255
889,February,Cotton,4036.41,3711.03,4166.8,-50.0,11.291469399788426
890,January,Cotton,4162.38,3854.0,4296.47,100.0,10.630216366597962
891,December,Cotton,3950.49,3695.69,4063.71,-50.0,9.315806393637246
892,November,Cotton,4144.55,3871.86,4267.93,-22.54,9.556405399862474
893,October,Cotton,4167.09,3716.72,4395.64,100.0,16.292424689651543
894,September,Cotton,3774.44,3322.87,4044.07,100.0,19.10747024724198
895,August,Cotton,3481.92,3158.38,3706.59,100.0,15.744474313022701
896,July,Cotton,3325.36,2995.45,3573.41,-30.79,17.38037385425939
897,June,Cotton,3356.15,2921.8,3700.84,-50.0,23.212311726233928
898,May,Cotton,3611.17,3148.76,3991.19,-50.0,23.328450336040667
899,April,Cotton,5299.94,4786.84,5650.3,-50.0,16.29188254961377
900,March,Cotton,5885.83,5384.05,6144.37,61.3,12.917804285886609
901,February,Cotton,5824.53,5315.6,6078.57,100.0,13.099254360437657
902,January,Cotton,4716.44,4380.21,4887.76,100.0,10.76129453570914
903,December,Cotton,4152.68,3856.58,4308.2,35.26,10.87538649739445
904,November,Cotton,4117.42,3859.54,4264.69,100.0,9.839899743042963
905,October,Cotton,3924.07,3608.64,4097.9,100.0,12.468177173190075
906,September,Cotton,3433.4,3002.22,3691.84,100.0,20.085629405254277
907,August,Cotton,3117.49,2827.34,3286.17,26.89,14.717930129687664
908,July,Cotton,3090.6,2743.0,3236.06,56.62,15.9535365301236
909,June,Cotton,3033.98,2686.8,3201.61,100.0,16.968140857883043
910,May,Cotton,2928.14,2625.28,3079.33,-50.0,15.506430703449963
911,April,Cotton,3118.54,2888.32,3237.01,-12.39,11.181193763748423
912,March,Cotton,3130.93,2918.61,3225.62,33.23,9.805712679619148
913,February,Cotton,3097.7,2881.27,3198.82,-50.0,10.25115408206089
915,March,Oil seeds,29354.55,29106.06,29369.7,-50.0,0.8981231189032004
916,February,Oil seeds,30019.84,29614.29,30053.17,100.0,1.4619664861638082
917,January,Oil seeds,25671.79,25275.61,25730.13,100.0,1.7705037319174097
918,December,Oil seeds,24771.67,24511.46,24873.33,100.0,1.460821979301366
919,November,Oil seeds,23971.43,23876.67,24009.52,-50.0,0.5542013972466482
920,October,Oil seeds,24649.43,24529.89,24687.36,-50.0,0.6388383017376108
921,September,Oil seeds,24811.76,24720.0,24874.12,100.0,0.6211570642308284
922,August,Oil seeds,21945.83,21795.83,21702.78,100.0,-0.42399854550957017
923,July,Oil seeds,21175.68,21025.68,21244.59,100.0,1.0337802611297482
924,June,Oil seeds,20371.64,20083.58,20431.34,100.0,1.7070790569634964
925,May,Oil seeds,19579.49,19333.33,19175.64,100.0,-0.8053835927289338
926,April,Oil seeds,18503.17,18280.95,18623.81,100.0,1.8529797867068216
927,March,Oil seeds,15957.02,15781.58,16017.54,100.0,1.4787222175569181
928,February,Oil seeds,15818.03,15708.2,15878.69,-50.0,1.0778206894284545
929,January,Oil seeds,17968.75,17840.0,18002.5,100.0,0.9043478260869564
930,December,Oil seeds,17024.29,16900.0,17067.14,-22.46,0.9817736892404876
931,November,Oil seeds,17046.75,16901.3,17088.31,100.0,1.0970419581445263
932,October,Oil seeds,16923.88,16764.18,16952.24,-50.0,1.1112109043552738
933,September,Oil seeds,17067.16,16905.97,17161.19,-50.0,1.4953864614850831
934,August,Oil seeds,18754.24,18555.93,18855.08,100.0,1.5951059600389106
935,July,Oil seeds,18404.55,18272.73,18492.42,-50.0,1.1936722169246121
936,June,Oil seeds,19244.74,19090.79,19332.89,100.0,1.2580060837402767
937,May,Oil seeds,17445.45,17318.18,17503.64,100.0,1.0630852170623235
938,April,Oil seeds,16780.43,16641.3,16902.17,100.0,1.5546085529393405
939,March,Oil seeds,14704.84,14474.19,14751.61,100.0,1.8865897214794587
940,February,Oil seeds,14114.58,13993.75,14179.17,100.0,1.3136770630086059
941,January,Oil seeds,12481.67,12383.33,12525.0,-50.0,1.1350243997798377
942,December,Oil seeds,12572.73,12474.55,12623.64,100.0,1.1858204224539948
943,November,Oil seeds,11997.73,11914.93,12044.53,-50.0,1.0802043386540652
944,October,Oil seeds,12727.46,12645.07,12778.87,-50.0,1.0512702455949663
945,September,Oil seeds,13434.68,13351.61,13474.19,100.0,0.9124147355947437
946,August,Oil seeds,12729.85,12535.82,12885.07,100.0,2.743551573663476
947,July,Oil seeds,12443.86,12301.75,12549.12,-50.0,1.9878880025972712
948,June,Oil seeds,13489.42,13273.08,13657.69,100.0,2.8511974569699854
949,May,Oil seeds,12244.2,12128.99,12321.74,100.0,1.5742147302396234
950,April,Oil seeds,11243.15,11158.9,11291.78,100.0,1.1818751862245103
951,March,Oil seeds,8773.57,8674.29,8840.0,-50.0,1.8887408432371218
952,February,Oil seeds,10560.64,10300.0,10742.42,100.0,4.189329434579723
953,January,Oil seeds,10088.82,9698.68,10447.37,100.0,7.42098679528429
954,December,Oil seeds,9975.0,9612.82,10314.1,100.0,7.030375939849631
955,November,Oil seeds,9661.04,9298.7,9990.91,100.0,7.164963606402614
956,October,Oil seeds,9530.26,9150.0,9865.79,-50.0,7.51070799747332
957,September,Oil seeds,9591.78,9184.93,9961.64,-50.0,8.097662790430963
958,August,Oil seeds,10590.91,10081.82,11025.0,100.0,8.905561467333783
959,July,Oil seeds,10069.39,9583.67,10524.49,13.58,9.34336638068443
960,June,Oil seeds,10055.81,9620.93,10430.23,-50.0,8.048083645176265
961,May,Oil seeds,10397.14,10094.29,10625.71,100.0,5.111213275958564
962,April,Oil seeds,8402.63,8024.34,8732.89,-50.0,8.4324788786368
963,March,Oil seeds,8674.68,8320.25,8979.75,-50.0,7.60258591671393
964,February,Oil seeds,9339.24,9010.13,9657.59,-50.0,6.932684029963905
965,January,Oil seeds,9597.79,9286.76,9869.85,-50.0,6.075252740474632
966,December,Oil seeds,9730.28,9326.76,10083.1,-50.0,7.773054835009888
967,November,Oil seeds,9840.48,9414.29,10219.05,100.0,8.178056354974538
968,October,Oil seeds,9507.32,9151.22,9806.1,-50.0,6.888166170908322
969,September,Oil seeds,10231.35,10011.92,10366.15,-50.0,3.4622019577084115
970,August,Oil seeds,10425.76,10123.48,10662.88,-50.0,5.173723546293024
971,July,Oil seeds,11547.95,11271.23,11753.42,100.0,4.175546309085167
972,June,Oil seeds,11000.0,10668.35,11265.82,100.0,5.431545454545448
973,May,Oil seeds,10876.12,10598.51,11077.61,-7.49,4.4050635704644705
974,April,Oil seeds,10883.61,10621.31,11063.93,100.0,4.066849142885502
975,March,Oil seeds,9953.93,9684.27,10157.3,100.0,4.752193354785485
976,February,Oil seeds,9738.14,9496.61,9922.03,48.23,4.368596056331087
977,January,Oil seeds,9689.91,9452.29,9850.46,-50.0,4.109119692546146
978,December,Oil seeds,9908.82,9686.27,10044.12,-50.0,3.611429009710544
979,November,Oil seeds,10072.5,9807.5,10260.83,-50.0,4.50067014147431
980,October,Oil seeds,10360.0,10072.17,10574.78,-50.0,4.851447876447882
981,September,Oil seeds,11295.5,11080.73,11416.67,-50.0,2.9741047319729144
982,August,Oil seeds,11614.56,11515.53,11618.45,100.0,0.8861291344657058
983,July,Oil seeds,11477.27,11169.09,12750.0,100.0,13.774268619628186
984,June,Oil seeds,10346.79,10067.89,10539.45,100.0,4.557548766332372
985,May,Oil seeds,10212.5,9939.06,10400.0,100.0,4.513488372093028
986,April,Oil seeds,9837.93,9587.93,9996.55,100.0,4.153516034369009
987,March,Oil seeds,9633.88,9465.29,9720.66,100.0,2.650749230839485
988,February,Oil seeds,8925.0,8691.38,9081.9,-50.0,4.375574229691882
989,January,Oil seeds,9688.12,9402.97,9888.12,-50.0,5.00767950851147
990,December,Oil seeds,9766.16,9510.51,9961.21,-50.0,4.61491517648696
991,November,Oil seeds,12645.65,12360.87,12857.61,100.0,3.9281492054580016
992,October,Oil seeds,10767.53,10427.27,11002.6,100.0,5.343193842970486
993,September,Oil seeds,9804.62,9717.31,9849.23,-50.0,1.345488147424378
994,August,Oil seeds,11073.5,10965.5,11081.5,100.0,1.047545943017113
995,July,Oil seeds,8832.28,8715.57,8857.85,100.0,1.610909074440582
996,June,Oil seeds,8284.16,8168.83,8309.35,100.0,1.6962492274412908
997,May,Oil seeds,7455.76,7344.49,7498.39,100.0,2.0641758854898837
998,April,Oil seeds,7342.5,7253.0,7362.0,-50.0,1.484508001361934
999,March,Oil seeds,9080.73,8978.9,9107.34,72.57,1.4144237302507674
1000,February,Oil seeds,9008.16,8902.04,9050.0,100.0,1.6425107902168605
1001,January,Oil seeds,8880.0,8773.28,8919.66,-50.0,1.6484234234234143
1002,December,Oil seeds,8950.95,8842.24,8989.74,52.77,1.6478697791854495
1003,November,Oil seeds,8898.18,8788.18,8931.82,-50.0,1.6142626919212626
1004,October,Oil seeds,9089.91,8984.4,9122.48,-50.0,1.5190469432590634
1005,September,Oil seeds,9890.36,9790.36,9928.31,100.0,1.394792505025084
1006,August,Oil seeds,9160.31,9057.73,9200.52,100.0,1.5587900409484055
1007,July,Oil seeds,8332.65,8246.94,8383.51,-50.0,1.6389743959004603
1008,June,Oil seeds,8591.35,8484.62,8655.77,3.0,1.9921199811438206
1009,May,Oil seeds,8588.35,8504.85,8626.21,-50.0,1.413077017122017
1010,April,Oil seeds,8684.34,8602.41,8739.76,-50.0,1.5815824806490804
1011,March,Oil seeds,8829.37,8723.02,8900.0,-50.0,2.004446523364629
1012,February,Oil seeds,8955.56,8850.93,9005.56,100.0,1.7266368602298372
1013,January,Oil seeds,8453.85,8360.68,8505.98,-50.0,1.7187435310538897
1014,December,Oil seeds,8608.94,8521.95,8650.41,-50.0,1.4921697677065833
1015,November,Oil seeds,8767.83,8651.3,8805.22,-50.0,1.7555084895578503
1016,October,Oil seeds,9652.08,9581.25,9715.62,100.0,1.3921351667205495
1017,September,Oil seeds,9200.91,9118.18,9262.73,100.0,1.571040255800777
1018,August,Oil seeds,8719.38,8628.68,8755.04,100.0,1.4491856072335485
1019,July,Oil seeds,7638.77,7546.74,7679.35,100.0,1.7360124732123179
1020,June,Oil seeds,7474.63,7326.12,7533.96,100.0,2.7806058627651153
1021,May,Oil seeds,6745.08,6593.18,6855.68,100.0,3.891725524382216
1022,April,Oil seeds,6418.42,6242.54,6557.46,100.0,4.906503469701267
1023,March,Oil seeds,6058.56,5886.94,6194.59,-50.0,5.0779393123118455
1024,February,Oil seeds,6571.85,6398.74,6699.58,59.35,4.5777064296963585
1025,January,Oil seeds,6512.5,6305.5,6653.5,-50.0,5.343570057581574
1026,December,Oil seeds,6787.5,6596.43,6933.48,-50.0,4.96574585635358
1027,November,Oil seeds,9072.97,8888.29,9249.55,-50.0,3.98171712239761
1028,October,Oil seeds,9365.57,9169.34,9510.38,100.0,3.6414227857994663
1029,September,Oil seeds,8995.65,8812.72,9163.89,-50.0,3.9037757138172346
1030,August,Oil seeds,9305.36,9119.04,9462.73,-50.0,3.693462692469702
1031,July,Oil seeds,10157.48,9940.19,10318.69,100.0,3.726317945002107
1032,June,Oil seeds,9427.23,9184.16,9613.37,-50.0,4.552875022673691
1033,May,Oil seeds,9813.81,9588.57,9984.76,-50.0,4.037066134355571
1034,April,Oil seeds,10625.34,10380.82,10865.75,100.0,4.563901013991084
1035,March,Oil seeds,9986.54,9745.19,10216.35,-50.0,4.717950361186155
1036,February,Oil seeds,10426.44,10197.12,10605.77,-50.0,3.9193626971430287
1037,January,Oil seeds,10652.43,10412.14,10852.43,100.0,4.133235327526216
1038,December,Oil seeds,10283.8,10070.37,10471.3,-50.0,3.8986561387813703
1039,November,Oil seeds,10938.83,10746.12,11101.21,-50.0,3.2461424119398354
1040,October,Oil seeds,11088.61,10876.24,11294.06,100.0,3.768010598262539
1041,September,Oil seeds,9914.93,9640.3,10135.82,-50.0,4.997715566322712
1042,August,Oil seeds,10367.5,10128.12,10611.25,-50.0,4.660043404870983
1043,July,Oil seeds,11154.6,10686.21,11521.84,-50.0,7.4913488605597784
1044,June,Oil seeds,13119.57,12572.34,13524.73,-50.0,7.2593080413458635
1045,May,Oil seeds,13637.78,13047.73,14123.58,100.0,7.888747288781607
1046,April,Oil seeds,13453.19,12878.01,13888.65,100.0,7.5122703239900686
1047,March,Oil seeds,12685.03,12394.92,13059.89,100.0,5.2421634004807185
1048,February,Oil seeds,11526.91,11257.43,11870.29,100.0,5.316776135148106
1049,January,Oil seeds,10879.5,10627.75,11207.0,-50.0,5.324233650443495
1050,December,Oil seeds,11149.68,10821.66,11472.61,-50.0,5.8382841480652425
1051,November,Oil seeds,12427.82,12190.98,12757.14,-50.0,4.55558577449625
1052,October,Oil seeds,12925.45,12585.45,13412.73,100.0,6.400396117736704
1053,September,Oil seeds,12804.0,12596.0,13060.8,100.0,3.63011558887847
1054,August,Oil seeds,12592.56,12471.31,12726.64,32.89,2.027625836208046
1055,July,Oil seeds,12559.67,12317.33,12791.67,-50.0,3.7766915850496083
1056,June,Oil seeds,13605.62,13318.22,13949.22,100.0,4.63778938409275
1057,May,Oil seeds,13309.76,13094.31,13565.04,100.0,3.536727934989071
1058,April,Oil seeds,12885.91,12550.67,13222.82,100.0,5.216162459616741
1059,March,Oil seeds,12587.31,12104.23,12966.15,100.0,6.847531362936164
1060,February,Oil seeds,12475.26,11927.32,12906.19,-50.0,7.846489772557853
1061,January,Oil seeds,12764.73,12240.31,13024.03,-50.0,6.139730335071727
1062,December,Oil seeds,13094.1,12640.62,13302.08,-50.0,5.051588119840226
1063,November,Oil seeds,18234.46,17816.55,18464.86,-50.0,3.5554110184782073
1064,October,Oil seeds,19178.79,18746.97,19361.36,100.0,3.2034867684561923
1065,September,Oil seeds,15289.31,14826.81,15440.95,100.0,4.016793432797171
1066,August,Oil seeds,12202.08,11784.17,12258.33,-50.0,3.885894863826494
1067,July,Oil seeds,13008.94,12606.29,13049.01,100.0,3.403198108377772
1068,June,Oil seeds,12875.7,12437.68,12945.77,100.0,3.94611555099917
1069,May,Oil seeds,12680.16,12065.87,12768.65,100.0,5.542359086951575
1070,April,Oil seeds,11607.69,11005.49,11660.99,100.0,5.647118418910222
1071,March,Oil seeds,11360.42,10860.07,11443.45,100.0,5.135197466290868
1072,February,Oil seeds,11056.32,10516.05,11153.16,-50.0,5.76240557436833
1073,January,Oil seeds,11181.4,10457.93,11363.41,-50.0,8.09809147333965
1074,December,Oil seeds,12054.63,10736.45,12221.3,-50.0,12.317673790070693
1075,November,Oil seeds,15716.67,14285.19,16135.8,100.0,11.77482252919988
1076,October,Oil seeds,15213.43,14441.79,15529.85,100.0,7.151970331476856
1077,September,Oil seeds,13472.92,12547.92,13653.12,-50.0,8.203121520798764
1078,August,Oil seeds,17782.35,16710.78,18028.43,100.0,7.409875522639029
1079,July,Oil seeds,17285.96,16405.79,17618.42,-50.0,7.015115157040729
1080,June,Oil seeds,17484.31,16976.47,17791.18,100.0,4.659663435388637
1081,May,Oil seeds,16131.67,15598.33,16532.5,100.0,5.790906955076567
1082,April,Oil seeds,15363.95,15102.33,15618.6,100.0,3.3602686809056292
1083,March,Oil seeds,13470.59,13080.0,13844.71,100.0,5.676885719185271
1084,February,Oil seeds,13323.68,13051.32,14095.39,-50.0,7.836198407647134
1085,January,Oil seeds,15279.51,14487.7,15876.23,-50.0,9.0875296393667
1086,December,Oil seeds,16698.33,15503.33,17381.11,100.0,11.245316148381308
1087,November,Oil seeds,15985.14,15355.41,16491.89,100.0,7.109603043826953
1088,October,Oil seeds,15012.07,13974.14,15293.1,100.0,8.785996867853674
1089,September,Oil seeds,10381.52,10186.96,10570.65,-50.0,3.6958942428469097
1090,August,Oil seeds,11409.57,11200.0,11617.02,100.0,3.6550018975298846
1091,July,Oil seeds,9836.51,9662.5,10006.58,100.0,3.4979886158810385
1092,June,Oil seeds,7720.27,7583.11,7857.43,100.0,3.5532436041744733
1093,May,Oil seeds,7188.64,7027.27,7350.0,100.0,4.489444456809627
1094,April,Oil seeds,6192.59,6094.44,6289.81,100.0,3.154899646190056
1095,March,Oil seeds,5723.04,5625.87,5813.74,-50.0,3.2826959098660833
1096,February,Oil seeds,6629.17,6554.17,6708.33,-50.0,2.3254796603496346
1098,February,Sugarcane,325.0,320.71,325.0,-15.0,1.3200000000000063
1099,January,Sugarcane,340.0,330.62,340.0,17.5,2.7588235294117633
1100,December,Sugarcane,322.5,322.5,322.5,-50.0,0.0
1101,November,Sugarcane,450.0,375.0,525.0,-50.0,33.33333333333333
1102,October,Sugarcane,550.0,400.0,700.0,100.0,54.54545454545454
1103,September,Sugarcane,425.0,350.0,500.0,-50.0,35.294117647058826
1104,August,Sugarcane,550.0,400.0,700.0,100.0,54.54545454545454
1105,July,Sugarcane,415.0,357.86,472.14,72.14,27.537349397590354
1106,June,Sugarcane,342.86,328.57,357.14,42.86,8.332847226273111
1107,May,Sugarcane,300.0,300.0,300.0,-50.0,0.0
1108,April,Sugarcane,665.92,578.42,703.42,100.0,18.771023546371936
1109,March,Sugarcane,320.62,320.62,320.62,10.04,0.0
1110,February,Sugarcane,310.58,310.58,310.58,31.15,0.0
1111,January,Sugarcane,279.43,279.43,279.43,-16.07,0.0
1112,December,Sugarcane,295.5,295.5,295.5,-4.5,0.0
1113,November,Sugarcane,300.0,300.0,300.0,-0.0,0.0
1114,October,Sugarcane,300.0,300.0,300.0,-0.0,0.0
1115,September,Sugarcane,300.0,300.0,300.0,-10.0,0.0
1116,July,Sugarcane,310.0,310.0,310.0,10.0,0.0
1117,June,Sugarcane,300.0,300.0,300.0,5.88,0.0
1118,May,Sugarcane,294.12,294.12,294.12,-4.04,0.0
1119,April,Sugarcane,298.16,298.16,303.42,8.49,1.764153474644483
1120,March,Sugarcane,289.67,286.89,290.22,-2.0,1.1495840093900096
1121,February,Sugarcane,291.67,291.67,292.08,0.75,0.14056982205916554
1122,January,Sugarcane,290.92,290.92,290.92,-40.41,0.0
1123,December,Sugarcane,331.33,320.22,342.44,56.33,6.706304892403335
1124,November,Sugarcane,275.0,275.0,275.0,-25.0,0.0
1125,October,Sugarcane,300.0,300.0,300.0,-0.0,0.0
1126,September,Sugarcane,300.0,300.0,300.0,-50.0,0.0
1127,August,Sugarcane,4223.0,4112.0,4344.4,100.0,5.503196779540602
1128,July,Sugarcane,3442.3,3338.3,3554.1,100.0,6.269064288411809
1129,June,Sugarcane,300.0,300.0,300.0,1.67,0.0
1130,May,Sugarcane,298.33,296.62,298.33,2.18,0.5731907619079475
1131,April,Sugarcane,296.15,296.15,296.15,1.59,0.0
1132,March,Sugarcane,294.56,292.29,297.11,-1.22,1.6363389462248756
1133,February,Sugarcane,295.78,295.16,295.78,-22.25,0.2096152545810899
1134,January,Sugarcane,318.03,299.61,339.61,21.27,12.577429802219916
1135,December,Sugarcane,296.76,296.76,296.76,29.29,0.0
1136,November,Sugarcane,267.47,267.21,268.42,-32.53,0.4523871836093903
1137,October,Sugarcane,300.0,300.0,300.0,-50.0,0.0
1138,September,Sugarcane,2675.0,2675.0,2675.0,100.0,0.0
1139,May,Sugarcane,275.0,275.0,275.0,-50.0,0.0
1140,April,Sugarcane,2000.0,1662.5,2000.0,100.0,16.875
1141,March,Sugarcane,279.5,279.5,279.5,-15.0,0.0
1142,February,Sugarcane,294.5,294.5,294.5,7.5,0.0
1143,January,Sugarcane,287.0,287.0,287.5,3.07,0.17421602787456447
1144,December,Sugarcane,283.93,282.5,283.93,-50.0,0.503645264677916
1145,November,Sugarcane,900.0,800.0,1033.33,-50.0,25.925555555555547
1146,September,Sugarcane,3500.0,2200.0,3910.0,-50.0,48.857142857142854
1147,July,Sugarcane,4000.0,3000.0,4500.0,100.0,37.5
1148,May,Sugarcane,267.75,267.75,267.75,-50.0,0.0
1149,April,Sugarcane,949.2,949.2,949.2,100.0,0.0
1150,March,Sugarcane,268.33,268.33,268.33,-2.92,0.0
1151,February,Sugarcane,271.25,271.25,271.25,6.14,0.0
1152,January,Sugarcane,265.11,265.11,265.11,100.0,0.0
1153,October,Sugarcane,25.0,18.0,30.0,-50.0,48.0
1154,August,Sugarcane,300.0,300.0,300.0,34.21,0.0
1155,June,Sugarcane,265.79,265.79,265.79,0.46,0.0
1156,May,Sugarcane,265.33,265.33,265.33,2.33,0.0
1157,April,Sugarcane,263.0,263.0,263.0,3.1,0.0
1158,March,Sugarcane,259.9,259.9,263.3,-12.3,1.308195459792241
1159,February,Sugarcane,272.2,272.2,272.2,-50.0,0.0
1160,January,Sugarcane,2330.25,2205.25,2455.25,100.0,10.7284626113078
1161,December,Sugarcane,261.0,261.0,261.0,100.0,0.0
1162,November,Sugarcane,15.0,10.0,20.0,-0.0,66.66666666666666
1163,October,Sugarcane,15.0,10.0,20.0,-50.0,66.66666666666666
1164,August,Sugarcane,230.0,230.0,230.0,-0.0,0.0
1165,July,Sugarcane,230.0,230.0,230.0,-0.0,0.0
1166,June,Sugarcane,230.0,230.0,230.0,-30.0,0.0
1167,April,Sugarcane,260.0,260.0,260.0,9.44,0.0
1168,March,Sugarcane,250.56,250.56,251.11,-5.44,0.21950830140485766
1169,February,Sugarcane,256.0,256.0,256.0,6.0,0.0
1170,January,Sugarcane,250.0,250.0,250.0,-50.0,0.0
1171,November,Sugarcane,2650.0,2600.0,2700.0,100.0,3.7735849056603774
1172,August,Sugarcane,230.0,230.0,230.0,-0.0,0.0
1173,July,Sugarcane,230.0,230.0,230.0,-6.67,0.0
1174,June,Sugarcane,236.67,236.67,236.67,-3.33,0.0
1175,May,Sugarcane,240.0,240.0,240.0,-50.0,0.0
1176,April,Sugarcane,410.0,410.0,410.0,-5.33,0.0
1177,March,Sugarcane,415.33,401.67,436.0,100.0,8.265716418269806
1178,February,Sugarcane,230.0,230.0,230.0,1.67,0.0
1179,January,Sugarcane,228.33,228.33,228.33,-50.0,0.0
1180,December,Sugarcane,2964.29,2928.57,3000.0,-50.0,2.40968326310853
1181,November,Sugarcane,3015.79,3007.89,3023.68,-50.0,0.5235775700562693
1182,October,Sugarcane,4000.0,4000.0,4000.0,100.0,0.0
1183,August,Sugarcane,396.67,305.0,493.33,35.49,47.477752287795894
1184,July,Sugarcane,361.18,290.59,449.41,-49.19,43.972534470347206
1185,June,Sugarcane,410.37,295.56,917.78,13.49,151.62414406511198
1186,May,Sugarcane,396.88,293.75,507.81,-50.0,53.93569844789358
1187,April,Sugarcane,476.75,406.75,554.25,100.0,30.93864708966964
1188,March,Sugarcane,337.93,276.96,391.81,28.86,33.986328529577136
1189,February,Sugarcane,309.07,271.57,348.71,-50.0,24.958747209370042
1190,January,Sugarcane,369.92,285.92,453.92,-50.0,45.415224913494804
1191,December,Sugarcane,941.44,797.0,1069.22,100.0,28.915278721957854
1192,November,Sugarcane,378.57,378.57,378.57,100.0,0.0
1193,August,Sugarcane,235.0,235.0,235.0,-50.0,0.0
1194,July,Sugarcane,422.5,422.5,477.5,-50.0,13.017751479289942
1195,June,Sugarcane,488.33,488.33,488.33,-50.0,0.0
1196,May,Sugarcane,671.43,671.43,671.43,100.0,0.0
1197,April,Sugarcane,251.11,251.11,251.11,0.35,0.0
1198,March,Sugarcane,250.76,248.94,251.06,16.38,0.8454298931249021
1199,February,Sugarcane,234.38,226.25,236.88,-50.0,4.53536991210854
1200,January,Sugarcane,780.0,741.25,818.75,100.0,9.935897435897436
1201,December,Sugarcane,230.0,230.0,230.0,-50.0,0.0
1202,November,Sugarcane,336.0,292.0,376.0,-50.0,25.0
1203,October,Sugarcane,425.0,350.0,500.0,-50.0,35.294117647058826
1204,July,Sugarcane,3500.0,3000.0,4000.0,100.0,28.57142857142857
1205,June,Sugarcane,1886.67,1636.67,2136.67,100.0,26.501719961625508
1206,May,Sugarcane,865.71,794.29,941.43,-50.0,16.99645377782398
1207,April,Sugarcane,1590.0,1399.09,1781.36,100.0,24.042138364779873
1208,March,Sugarcane,216.67,216.67,216.67,-50.0,0.0
1209,February,Sugarcane,268.33,266.67,271.67,-50.0,1.8633771848097491
1210,January,Sugarcane,3331.25,3000.0,3637.5,-50.0,19.136960600375236
1211,December,Sugarcane,3670.0,3300.0,3980.0,100.0,18.52861035422343
1212,November,Sugarcane,345.0,295.0,395.0,-50.0,28.985507246376812
1213,October,Sugarcane,666.67,466.67,866.67,100.0,59.99970000149999
1214,September,Sugarcane,7.0,5.0,10.0,-50.0,71.42857142857143
1215,August,Sugarcane,2000.0,2000.0,2000.0,100.0,0.0
1216,July,Sugarcane,900.0,750.0,900.0,-50.0,16.666666666666664
1217,June,Sugarcane,980.0,940.0,1120.0,100.0,18.367346938775512
1218,May,Sugarcane,840.0,676.36,840.0,100.0,19.48095238095238
1219,April,Sugarcane,682.41,567.59,691.67,100.0,18.182617488020387
1220,March,Sugarcane,425.0,380.0,426.75,99.44,11.0
1221,February,Sugarcane,325.56,302.22,330.56,-50.0,8.705000614326076
1222,January,Sugarcane,688.75,588.75,701.25,-50.0,16.33393829401089
1223,December,Sugarcane,1357.14,1142.86,1428.57,100.0,21.052360110231813
1224,November,Sugarcane,836.67,703.33,861.67,100.0,18.925024203090814
1225,August,Sugarcane,300.0,300.0,500.0,-50.0,66.66666666666666
1226,June,Sugarcane,1100.0,983.33,1116.67,100.0,12.121818181818185
1227,May,Sugarcane,430.0,396.67,430.0,-50.0,7.75116279069767
1228,April,Sugarcane,576.25,476.25,586.25,28.01,19.088937093275486
1229,March,Sugarcane,548.24,459.56,563.38,-50.0,18.936961914490002
1230,February,Sugarcane,748.26,626.58,764.32,-50.0,18.408039986101087
1231,January,Sugarcane,1029.98,912.85,1060.61,100.0,14.345909629313178
1232,December,Sugarcane,905.25,833.08,922.54,100.0,9.882352941176462
1233,November,Sugarcane,620.77,536.15,628.46,100.0,14.870241796478577
1234,October,Sugarcane,303.33,303.33,336.67,100.0,10.991329575050287
1235,August,Sugarcane,200.0,200.0,200.0,-50.0,0.0
1236,July,Sugarcane,2950.0,2900.0,3000.0,100.0,3.389830508474576
1237,June,Sugarcane,1978.33,1945.0,2011.67,100.0,3.370014102803884
1238,May,Sugarcane,263.33,263.33,263.33,-50.0,0.0
1239,April,Sugarcane,3044.0,2957.33,3331.33,100.0,12.28646517739816
1240,March,Sugarcane,659.16,594.74,670.58,100.0,11.505552521390866
1241,February,Sugarcane,271.38,247.47,279.75,-50.0,11.894760114967942
1242,January,Sugarcane,336.67,320.0,353.33,-50.0,9.899901981168497
1243,December,Sugarcane,3778.57,3400.0,4028.57,-50.0,16.635129162619723
1244,November,Sugarcane,33000.0,32000.0,35000.0,100.0,9.090909090909092
1245,October,Sugarcane,1433.33,1383.33,1483.33,20.83,6.976760411070723
1246,July,Sugarcane,1412.5,1350.0,1550.0,10.5,14.15929203539823
1247,June,Sugarcane,1402.0,1372.0,1432.0,100.0,4.279600570613409
1248,May,Sugarcane,322.5,310.0,335.0,-50.0,7.751937984496124
1249,April,Sugarcane,586.25,548.75,598.75,100.0,8.528784648187633
1250,March,Sugarcane,451.0,441.0,481.0,100.0,8.869179600886918
1252,March,Pulses,4989.96,4623.96,5357.72,-50.0,14.704727092000741
1253,February,Pulses,5437.82,5008.31,5795.61,80.49,14.478228407707489
1254,January,Pulses,5357.33,4954.37,5723.63,-8.83,14.35901839162419
1255,December,Pulses,5366.16,4870.65,5745.73,-50.0,16.307378087869164
1256,November,Pulses,5625.27,5129.54,5912.01,100.0,13.909910102092882
1257,October,Pulses,5353.02,4826.16,5616.8,100.0,14.769980310180053
1258,September,Pulses,5119.05,4564.77,5423.59,100.0,16.776941033980908
1259,August,Pulses,4321.33,4014.63,4617.54,53.77,13.951954606567881
1260,July,Pulses,4267.56,4095.04,4431.17,-50.0,7.8763977542202115
1261,June,Pulses,5493.17,5363.22,5604.36,100.0,4.389814988431078
1262,May,Pulses,4179.66,3847.16,4726.56,58.4,21.03998889861856
1263,April,Pulses,4121.26,3750.15,4528.34,21.63,18.882332102318223
1264,March,Pulses,4099.63,3699.18,4469.95,-50.0,18.800964965130998
1265,February,Pulses,4275.08,3838.48,4809.47,-50.0,22.712791339577276
1266,January,Pulses,4404.63,4062.56,4884.66,55.15,18.66445081652715
1267,December,Pulses,4349.48,4007.96,4827.45,-50.0,18.84110284447796
1268,November,Pulses,4596.71,4265.13,4919.32,100.0,14.231700498835028
1269,October,Pulses,4470.68,4055.11,4783.62,100.0,16.295283938908618
1270,September,Pulses,4363.61,3834.73,4742.92,-50.0,20.81281324408002
1271,August,Pulses,4454.55,4084.42,4783.34,100.0,15.690024806097139
1272,July,Pulses,4310.68,4090.23,4513.19,100.0,9.811909025954131
1273,June,Pulses,4148.33,3893.8,4405.42,100.0,12.333155751832663
1274,May,Pulses,4031.56,3695.52,4324.63,-50.0,15.604629473454448
1275,April,Pulses,4406.82,4034.98,4668.09,-50.0,14.366595413472757
1276,March,Pulses,4655.44,4237.24,4935.42,-50.0,14.997078686439957
1277,February,Pulses,5149.03,4809.68,5428.84,-50.0,12.024789135040967
1278,January,Pulses,5521.7,5127.7,5821.12,-50.0,12.558088994331456
1279,December,Pulses,5633.07,5066.07,5983.61,-50.0,16.28845372061771
1280,November,Pulses,5710.08,5064.79,6085.34,100.0,17.872779365613095
1281,October,Pulses,5422.82,4730.41,5754.68,100.0,18.888143069473088
1282,September,Pulses,5109.32,4244.66,5615.15,-50.0,26.823334612042306
1283,August,Pulses,5901.65,5160.12,6309.63,100.0,19.47777316513179
1284,July,Pulses,5495.98,5227.22,5719.39,-50.0,8.95509081182974
1285,June,Pulses,5694.1,5192.26,6024.88,-50.0,14.622503995363619
1286,May,Pulses,6092.52,5532.48,6429.96,-50.0,14.730850288550556
1287,April,Pulses,6375.43,5702.93,6743.45,-50.0,16.32078150022821
1288,March,Pulses,6676.24,5941.43,7155.11,100.0,18.179094819838703
1289,February,Pulses,5716.14,5143.29,5978.06,100.0,14.603736087639568
1290,January,Pulses,5286.13,4499.74,5609.58,100.0,20.99532171929181
1291,December,Pulses,5064.39,4221.41,5535.95,-50.0,25.95653178368964
1292,November,Pulses,5293.07,4825.57,5574.98,-50.0,14.15832399722656
1293,October,Pulses,5351.0,4772.41,5623.16,21.67,15.8988974023547
1294,September,Pulses,5329.33,4696.35,5713.88,-50.0,19.093019197535146
1295,August,Pulses,6102.36,5356.05,6431.0,100.0,17.615316041662567
1296,July,Pulses,5573.1,5188.57,5748.81,63.53,10.052573971398337
1297,June,Pulses,5509.57,5122.14,5715.82,-50.0,10.775432565517807
1298,May,Pulses,5868.07,5449.57,6109.94,-50.0,11.253614902344381
1299,April,Pulses,6031.18,5670.8,6276.97,-50.0,10.0506036961258
1300,March,Pulses,6196.93,5697.29,6427.6,100.0,11.78502903857233
1301,February,Pulses,5486.5,4957.09,5767.09,100.0,14.763510434703363
1302,January,Pulses,5253.03,4547.52,5556.63,100.0,19.210055910588743
1303,December,Pulses,4756.43,4085.69,5105.87,100.0,21.44843927062944
1304,November,Pulses,4136.88,3708.66,4505.3,100.0,19.257024617586207
1305,October,Pulses,3926.98,3345.62,4391.02,-50.0,26.62096572939003
1306,September,Pulses,4330.97,3758.94,4677.86,100.0,21.21741780709632
1307,August,Pulses,3682.48,3346.8,3919.88,-50.0,15.562338424105493
1308,July,Pulses,3928.33,3797.19,4028.33,62.9,5.8839252303141505
1309,June,Pulses,3865.43,3686.74,4001.93,100.0,8.15407341485941
1310,May,Pulses,3484.42,3258.67,3653.2,-50.0,11.32268785048874
1311,April,Pulses,3649.4,3446.79,3808.08,100.0,9.899983558941194
1312,March,Pulses,3440.06,3130.35,3604.8,-50.0,13.791910606210363
1313,February,Pulses,3800.59,3475.13,4131.65,-50.0,17.274160064621533
1314,January,Pulses,3899.84,3509.64,4163.44,100.0,16.76479035037334
1315,December,Pulses,3597.73,3243.59,3904.26,100.0,18.363523666311814
1316,November,Pulses,3379.82,2988.5,3744.76,-50.0,22.375747820889874
1317,October,Pulses,3564.37,3224.05,3855.71,-50.0,17.72150478205124
1318,September,Pulses,3827.49,3502.85,4138.37,100.0,16.604093021797574
1319,August,Pulses,3692.33,3549.53,3890.34,77.44,9.230215067450633
1320,July,Pulses,3614.89,3571.27,3760.42,-50.0,5.232524364503487
1321,June,Pulses,3759.69,3702.69,3888.53,100.0,4.942960722825556
1322,May,Pulses,3491.86,3344.77,3693.82,-14.85,9.99610522758645
1323,April,Pulses,3506.71,3352.05,3728.22,-22.02,10.727148808997597
1324,March,Pulses,3528.73,3313.83,3804.35,-50.0,13.90075182856155
1325,February,Pulses,3839.42,3658.09,4075.19,21.86,10.863620025941415
1326,January,Pulses,3817.56,3616.03,4056.55,100.0,11.539307830132335
1327,December,Pulses,3697.24,3461.19,3860.19,0.87,10.79183390853718
1328,November,Pulses,3696.37,3504.8,4039.86,93.27,14.475282506891896
1329,October,Pulses,3603.1,3410.7,3817.88,-50.0,11.300824290194562
1330,September,Pulses,3675.15,3394.18,3848.21,100.0,12.35405357604452
1331,August,Pulses,3437.35,3225.89,3612.99,100.0,11.261582323592298
1332,July,Pulses,3263.76,3109.44,3378.19,100.0,8.234367723116895
1333,June,Pulses,3150.65,2993.92,3253.27,77.15,8.231634742037354
1334,May,Pulses,3073.5,2934.18,3181.8,-50.0,8.056612981942422
1335,April,Pulses,3147.18,3027.42,3230.96,-36.16,6.4673771439828664
1336,March,Pulses,3183.34,3013.14,3272.64,34.19,8.151815388868295
1337,February,Pulses,3149.15,2972.33,3231.83,100.0,8.240318816188495
1338,January,Pulses,2948.08,2799.12,3040.67,43.97,8.193468291226838
1339,December,Pulses,2904.11,2670.31,3032.31,58.64,12.465092575694445
1340,November,Pulses,2845.47,2608.79,3008.47,-50.0,14.046185691643204
1341,October,Pulses,2905.02,2636.5,3074.53,-50.0,15.078381560195805
1342,September,Pulses,3061.51,2883.37,3167.14,-50.0,9.268955515415595
1343,August,Pulses,3175.05,3115.66,3238.2,100.0,3.859466780050706
1344,July,Pulses,2946.67,2839.72,3046.54,100.0,7.018770340757538
1345,June,Pulses,2810.35,2707.59,2885.77,-50.0,6.340135570302626
1346,May,Pulses,3011.7,2913.26,3062.72,18.84,4.962645681840807
1347,April,Pulses,2992.86,2878.56,3058.71,-50.0,6.019325995870173
1348,March,Pulses,3064.36,2942.59,3157.33,-50.0,7.007662285110097
1349,February,Pulses,3148.73,3021.61,3259.55,-48.5,7.5566974621514085
1350,January,Pulses,3197.23,3032.5,3313.68,-50.0,8.794487728439925
1351,December,Pulses,3260.13,3116.22,3375.92,-29.61,7.965940008527276
1352,November,Pulses,3289.74,3143.57,3398.84,-10.47,7.759579784420653
1353,October,Pulses,3300.21,3069.69,3452.47,-50.0,11.598655843113006
1354,September,Pulses,3410.58,3068.91,3614.91,-50.0,16.009007265626373
1355,August,Pulses,3577.36,3443.29,3659.99,56.12,6.057539638168924
1356,July,Pulses,3521.24,3418.92,3717.95,100.0,8.49217889152684
1357,June,Pulses,3354.23,3231.07,3452.36,-50.0,6.597341267593455
1358,May,Pulses,3462.84,3366.31,3609.3,-50.0,7.017072691779008
1359,April,Pulses,3609.43,3479.72,14382.86,11.28,302.0737346340004
1360,March,Pulses,3598.15,3432.76,3785.91,-50.0,9.814765921376251
1361,February,Pulses,3668.08,3542.02,3764.29,17.42,6.059573400798238
1362,January,Pulses,3650.66,3471.55,3793.81,28.9,8.827444900374173
1363,December,Pulses,3621.76,3385.45,3771.33,-50.0,10.654488425516877
1364,November,Pulses,3674.04,3464.89,3782.61,98.74,8.647701168196326
1365,October,Pulses,3575.3,3355.1,3714.03,100.0,10.039157553212325
1366,September,Pulses,3458.09,3237.14,3592.39,77.99,10.273011980602007
1367,August,Pulses,3380.1,3199.46,3474.84,-50.0,8.147096239756223
1368,July,Pulses,3543.94,3370.63,3635.33,100.0,7.46908807711191
1369,June,Pulses,3262.38,3110.79,3386.08,-20.47,8.438318037751579
1370,May,Pulses,3282.85,3153.17,3386.23,100.0,7.099319189119209
1371,April,Pulses,3170.28,3037.63,3287.56,-22.81,7.883530792232857
1372,March,Pulses,3193.09,3029.56,3303.42,-48.64,8.5766451932141
1373,February,Pulses,3241.73,3086.29,3343.13,13.8,7.922930040441374
1374,January,Pulses,3227.93,3041.85,3354.96,33.58,9.700024473888844
1375,December,Pulses,3194.35,3015.69,3316.5,28.84,9.416939283422291
1376,November,Pulses,3165.51,2943.41,3304.24,9.48,11.398795138855979
1377,October,Pulses,3156.03,2862.29,3300.82,-50.0,13.894988323938625
1378,September,Pulses,3208.18,2914.13,3342.6,-50.0,13.355547382004746
1379,August,Pulses,3358.7,3156.55,3469.64,100.0,9.32176139577812
1380,July,Pulses,3219.05,3005.55,3332.37,100.0,10.15268479831005
1381,June,Pulses,3091.34,2961.55,3185.43,-50.0,7.242166827330532
1382,May,Pulses,3306.49,3163.55,3424.27,-35.34,7.885098699829723
1383,April,Pulses,3341.83,3197.49,3454.41,-50.0,7.6880032796402
1384,March,Pulses,3398.21,3251.68,3518.08,100.0,7.839421342412625
1385,February,Pulses,3288.3,3122.25,3412.22,30.92,8.818234346014652
1386,January,Pulses,3257.38,3101.93,3360.18,-50.0,7.928150845157765
1387,December,Pulses,3336.15,3190.32,3449.14,33.65,7.758044452437682
1388,November,Pulses,3302.5,3128.27,3431.09,59.67,9.169417108251329
1389,October,Pulses,3242.83,3010.94,3392.43,-50.0,11.76410727666883
1390,September,Pulses,3329.13,3083.23,3470.18,-36.16,11.62315680072571
1391,August,Pulses,3365.29,3196.57,3581.73,-26.7,11.445076055852537
1392,July,Pulses,3391.99,3188.78,3505.32,66.04,9.331985058918216
1393,June,Pulses,3325.95,3161.59,3437.87,-19.6,8.30679956102767
1394,May,Pulses,3345.55,3185.61,3461.1,-7.65,8.23452048243188
1395,April,Pulses,3353.2,3166.85,3473.07,6.36,9.132172253369923
1396,March,Pulses,3346.84,3167.06,3465.64,-1.42,8.921251090580963
1397,February,Pulses,3348.26,3178.46,3470.02,42.48,8.707806442749366
1398,January,Pulses,3305.78,3082.51,3439.5,-50.0,10.798964238394563
1399,December,Pulses,3410.66,3137.89,3563.45,-3.35,12.477350424844458
1400,November,Pulses,3414.01,3142.47,3576.51,77.45,12.713495273886144
1401,October,Pulses,3336.56,3073.45,3507.31,-50.0,13.003212889922558
1402,September,Pulses,3560.07,3257.32,3740.17,87.87,13.562935560255834
1403,August,Pulses,3472.2,3177.57,3635.79,100.0,13.196820459650937
1404,July,Pulses,3260.85,3061.85,3378.59,100.0,9.713418280509691
1405,June,Pulses,2961.41,2787.34,3061.09,-25.03,9.243907462999044
1406,May,Pulses,2986.44,2817.3,3112.58,15.54,9.887357522669122
1407,April,Pulses,2970.9,2802.76,3087.89,55.96,9.597428388703747
1408,March,Pulses,2914.94,2730.43,3036.77,19.58,10.509307224162423
1409,February,Pulses,2895.36,2743.34,2993.97,-50.0,8.656263815207769
1410,January,Pulses,2992.04,2826.74,3095.27,-17.94,8.974813170946918
1411,December,Pulses,3009.98,2790.42,3127.36,76.53,11.194094312919024
1412,November,Pulses,2933.45,2749.69,3048.03,33.23,10.170277318515748
1413,October,Pulses,2900.22,2673.2,3033.04,-50.0,12.407334615994655
1414,September,Pulses,2998.79,2770.23,3107.93,9.85,11.261208687503954
1415,August,Pulses,2988.94,2790.2,3090.97,100.0,10.062764725956358
1416,July,Pulses,2834.26,2626.97,2935.62,2.44,10.889967751723557
1417,June,Pulses,2831.82,2661.97,2910.84,-36.43,8.78834106687573
1418,May,Pulses,2868.25,2709.51,2960.57,98.93,8.753072430924778
1419,April,Pulses,2769.32,2590.77,2867.24,-50.0,9.983317204223411
1420,March,Pulses,2902.4,2719.19,2997.04,-50.0,9.573111907386988
1421,February,Pulses,3066.4,2869.88,3181.56,-17.22,10.164362118445077
1422,January,Pulses,3083.62,2861.01,3206.02,100.0,11.188473287888904
1423,December,Pulses,2904.34,2654.31,3052.18,100.0,13.699153680354224
1424,November,Pulses,2786.74,2594.45,2926.93,100.0,11.930786510402838
1425,October,Pulses,2488.86,2249.76,2638.42,-44.68,15.615984828395323
1426,September,Pulses,2533.54,2289.5,2666.08,-16.53,14.863787427867726
1427,August,Pulses,2550.07,2349.48,2652.03,100.0,11.864380193484891
1428,July,Pulses,2313.95,2164.07,2387.32,100.0,9.648004494479139
1429,June,Pulses,2167.82,2020.66,2240.83,58.14,10.156286038508725
1430,May,Pulses,2109.68,1980.66,2186.14,-4.86,9.739865761632087
1431,April,Pulses,2114.54,1972.51,2199.06,-50.0,10.713914137353749
1432,March,Pulses,2195.11,2033.31,2284.07,-3.59,11.423573306121343
1433,February,Pulses,2198.7,2048.66,2288.33,-50.0,10.900532132623827
1435,March,Millets,3197.14,2542.86,3375.71,100.0,26.049844548565275
1436,February,Millets,2857.74,2458.89,2933.6,100.0,16.611378221951615
1437,January,Millets,2705.24,2468.94,2769.95,100.0,11.126924043707758
1438,December,Millets,2603.9,2326.44,2666.21,-50.0,13.048504166826683
1439,November,Millets,2717.22,2498.0,2807.53,53.43,11.391422115250153
1440,October,Millets,2663.79,2508.13,2755.61,100.0,9.290522150770144
1441,September,Millets,2547.57,2320.43,2642.57,100.0,12.644991109174638
1442,August,Millets,2357.68,2156.07,2455.89,49.4,12.716738488683779
1443,July,Millets,2308.28,2095.47,2452.5,-50.0,15.467360978737421
1444,June,Millets,2451.55,1796.52,2804.62,-50.0,41.1209234973792
1445,May,Millets,2529.55,2192.42,2659.85,100.0,18.478780810816144
1446,April,Millets,2425.45,2058.94,2774.09,-35.04,29.485250159764178
1447,March,Millets,2460.49,2191.31,2780.66,-50.0,23.95254603757788
1448,February,Millets,2608.91,2424.78,2785.22,100.0,13.815731474063867
1449,January,Millets,2439.43,2225.57,2652.29,-50.0,17.49261097879422
1450,December,Millets,2716.56,2537.19,2869.79,100.0,12.243425508731628
1451,November,Millets,2607.06,2439.65,2768.19,-50.0,12.601934746419339
1452,October,Millets,2992.85,2883.24,3094.58,-50.0,7.061496566817587
1453,September,Millets,3094.0,2984.07,3225.43,100.0,7.800904977375556
1454,August,Millets,2969.73,2835.12,3096.81,-50.0,8.811912194037843
1455,July,Millets,3407.57,3240.29,3578.99,-20.15,9.939634402227975
1456,June,Millets,3427.72,3243.26,3530.65,100.0,8.384290432123974
1457,May,Millets,3272.53,3124.57,3372.3,-0.91,7.569984079595909
1458,April,Millets,3273.44,3055.83,3409.59,54.69,10.806979813285112
1459,March,Millets,3218.75,2980.14,3334.38,-50.0,11.005514563106804
1460,February,Millets,3334.82,3129.05,3478.15,39.73,10.46833112431855
1461,January,Millets,3295.09,3038.2,3415.19,-50.0,11.440962158848475
1462,December,Millets,3369.96,3183.37,3504.61,100.0,9.532457358544322
1463,November,Millets,2751.63,2637.56,2794.19,-50.0,5.692262404465721
1464,October,Millets,2894.56,2712.21,3003.38,-50.0,10.05921452656017
1465,September,Millets,3257.42,2996.37,3392.9,-50.0,12.173130882723143
1466,August,Millets,3567.36,3399.53,3682.8,100.0,7.940605938284893
1467,July,Millets,3303.85,3004.66,3549.76,-29.83,16.49893306294173
1468,June,Millets,3333.68,3026.13,3569.06,100.0,16.286206234551603
1469,May,Millets,3010.0,2695.93,3343.72,-50.0,21.52126245847176
1470,April,Millets,3203.72,2751.38,3335.64,-50.0,18.236924575181344
1471,March,Millets,3434.53,2992.87,3584.47,8.12,17.225064273714306
1472,February,Millets,3426.41,3002.63,3684.74,-32.81,19.907424972493068
1473,January,Millets,3459.22,2985.22,3653.22,100.0,19.310711663322948
1474,December,Millets,3184.81,2885.1,3445.67,100.0,17.601363974617016
1475,November,Millets,2572.73,2438.64,2695.45,-50.0,9.982003552646407
1476,October,Millets,2821.48,2449.34,2959.62,-50.0,18.085543757177074
1477,September,Millets,3038.73,2758.58,3267.86,100.0,16.759633136211516
1478,August,Millets,2358.94,2275.74,2476.04,-50.0,8.491101935615157
1479,July,Millets,2518.18,2435.28,2643.63,-50.0,8.27383268868786
1480,June,Millets,2594.31,2494.9,2647.37,-50.0,5.877092560256862
1481,May,Millets,2861.2,2792.6,2888.4,100.0,3.3482454914022153
1482,April,Millets,2438.86,2347.0,2458.79,42.6,4.583698941308643
1483,March,Millets,2396.26,2277.53,2486.53,-50.0,8.72192499979134
1484,February,Millets,2817.59,2666.67,2956.48,100.0,10.285740650697935
1485,January,Millets,2150.0,2025.0,2225.0,100.0,9.30232558139535
1486,December,Millets,1925.0,1875.0,2000.0,-50.0,6.493506493506493
1487,November,Millets,2230.0,2160.0,2300.0,30.0,6.278026905829597
1488,October,Millets,2200.0,2075.0,2287.5,-50.0,9.659090909090908
1489,September,Millets,2444.44,2255.56,2544.44,100.0,11.817839668799401
1490,August,Millets,2044.44,1955.56,2133.33,-12.7,8.695290641936177
1491,July,Millets,2057.14,1957.14,2128.57,100.0,8.33341435196438
1492,June,Millets,1900.0,1754.55,1963.64,100.0,11.004736842105272
1493,May,Millets,1675.0,1575.0,1725.0,100.0,8.955223880597014
1494,April,Millets,1000.0,1000.0,1500.0,-50.0,50.0
1495,March,Millets,2270.0,2100.0,2360.0,100.0,11.45374449339207
1496,February,Millets,1981.82,1809.09,2063.64,26.82,12.844254271326355
1497,January,Millets,1955.0,1855.0,2025.0,97.11,8.695652173913043
1498,December,Millets,1857.89,1764.29,1923.29,-50.0,8.558095473897808
1499,November,Millets,2100.5,2081.06,2143.83,-50.0,2.9883361104498922
1500,October,Millets,2175.9,2098.33,2262.69,-50.0,7.553655958453978
1501,September,Millets,2279.24,2223.75,2367.57,-50.0,6.309998069531956
1502,August,Millets,2706.41,2645.17,2776.3,50.62,4.845163888693882
1503,July,Millets,2655.79,2619.19,2680.26,100.0,2.299504102357497
1504,June,Millets,2518.52,2470.37,2574.07,75.05,4.117497577942612
1505,May,Millets,2443.47,2418.75,2464.14,20.38,1.8576041449250402
1506,April,Millets,2423.09,2415.0,2445.31,100.0,1.2508821380963953
1507,March,Millets,2248.98,2193.37,2325.21,56.09,5.86221309215734
1508,February,Millets,2192.89,2141.7,2240.56,100.0,4.508206065967747
1509,January,Millets,2009.63,1961.84,2075.01,100.0,5.631384881794175
1510,December,Millets,1907.49,1895.68,1913.98,100.0,0.9593759338187856
1511,November,Millets,1704.76,1659.29,1735.95,22.36,4.4968206668387385
1512,October,Millets,1682.4,1617.07,1745.17,-50.0,7.614122681883032
1513,September,Millets,1800.34,1736.18,1866.42,20.18,7.234189097614896
1514,August,Millets,1780.16,1729.93,1829.72,5.07,5.605675894301633
1515,July,Millets,1775.09,1740.98,1825.27,39.77,4.748491625776719
1516,June,Millets,1735.32,1700.75,1830.7,34.77,7.488532374432384
1517,May,Millets,1700.55,1655.63,1733.97,60.43,4.606744876657547
1518,April,Millets,1640.12,1612.35,1680.74,38.23,4.1698168426700555
1519,March,Millets,1601.89,1582.34,1630.69,17.47,3.0183096217593053
1520,February,Millets,1584.42,1565.17,1618.76,-41.6,3.3823102460206207
1521,January,Millets,1626.02,1596.07,1653.06,-23.35,3.5048769387830414
1522,December,Millets,1649.37,1627.98,1666.69,100.0,2.3469567168070258
1523,November,Millets,1539.63,1523.92,1558.63,-31.13,2.25443775452544
1524,October,Millets,1570.76,1523.27,1617.94,-50.0,6.027018767984929
1525,September,Millets,1782.67,1707.07,1839.19,58.82,7.411354877795673
1526,August,Millets,1723.85,1656.07,1805.6,100.0,8.674188589494443
1527,July,Millets,1549.85,1508.79,1595.39,-11.09,5.587637513307748
1528,June,Millets,1560.94,1504.53,1601.72,-50.0,6.226376414211952
1529,May,Millets,1855.23,1808.57,1897.02,55.23,4.7676029387191905
1530,April,Millets,1800.0,1749.35,1853.35,100.0,5.777777777777778
1531,March,Millets,1690.0,1632.78,1729.75,100.0,5.737869822485209
1532,February,Millets,1461.61,1407.69,1497.74,-50.0,6.16101422404061
1533,January,Millets,1614.76,1576.31,1649.39,65.01,4.525749956649914
1534,December,Millets,1549.75,1515.59,1592.03,-50.0,4.93240845297629
1535,November,Millets,1645.71,1582.86,1703.93,-24.69,7.356703185859001
1536,October,Millets,1670.4,1619.5,1718.8,70.49,5.944683908045974
1537,September,Millets,1599.91,1551.88,1644.09,-50.0,5.763449194017151
1538,August,Millets,2024.17,1948.19,2115.83,100.0,8.28191308042308
1539,July,Millets,1560.48,1532.86,1587.14,100.0,3.478416897364926
1540,June,Millets,1385.0,1347.5,1447.5,-50.0,7.2202166064981945
1541,May,Millets,1822.44,1775.67,1871.56,100.0,5.261627268936144
1542,April,Millets,1697.41,1643.16,1732.71,78.66,5.275684719661128
1543,March,Millets,1618.75,1595.0,1669.17,100.0,4.581930501930506
1544,February,Millets,1387.74,1335.81,1437.74,-50.0,7.345035813625035
1545,January,Millets,1608.89,1559.62,1675.49,6.28,7.201859667223993
1546,December,Millets,1602.61,1539.57,1659.13,-50.0,7.460330336139184
1547,November,Millets,1900.56,1770.0,1956.11,-42.95,9.792376983625873
1548,October,Millets,1943.51,1875.05,2011.97,100.0,7.044985618803097
1549,September,Millets,1808.16,1748.47,1870.41,100.0,6.74387222369702
1550,August,Millets,1668.29,1552.44,1737.8,100.0,11.11077810212852
1551,July,Millets,1377.83,1250.0,1442.33,71.71,13.958906396289814
1552,June,Millets,1306.12,1188.84,1377.69,-50.0,14.45885523535358
1553,May,Millets,1475.58,1392.79,1540.7,40.01,10.023855026498062
1554,April,Millets,1435.57,1351.14,1496.71,66.35,10.140223047291316
1555,March,Millets,1369.22,1315.06,1423.39,100.0,7.911803800704062
1556,February,Millets,1253.7,1201.85,1305.56,-50.0,8.272313950705913
1557,January,Millets,1525.59,1423.82,1600.29,100.0,11.567328050131428
1558,December,Millets,1300.0,1215.38,1366.54,-50.0,11.627692307692296
1559,November,Millets,1413.46,1339.81,1479.81,23.08,9.904772685466869
1560,October,Millets,1390.38,1298.08,1448.08,100.0,10.788417554913044
1561,September,Millets,950.78,888.28,1018.44,52.34,13.68981257493848
1562,August,Millets,898.44,820.31,981.25,9.55,17.9132718935043
1563,July,Millets,888.89,811.11,966.67,-50.0,17.50047812440234
1564,June,Millets,1100.0,1000.0,1200.0,-50.0,18.181818181818183
1565,May,Millets,1576.92,1488.46,1665.38,-50.0,11.219338964563837
1566,April,Millets,1840.0,1716.0,1960.0,54.29,13.260869565217392
1567,March,Millets,1785.71,1671.43,1885.71,100.0,11.999708799301116
1568,January,Millets,950.0,900.0,1000.0,50.0,10.526315789473683
1569,December,Millets,900.0,850.0,950.0,-50.0,11.11111111111111
1570,November,Millets,1275.0,1212.5,1337.5,-50.0,9.803921568627452
1571,October,Millets,1994.44,1861.11,2116.67,100.0,12.813621868795257
1572,September,Millets,1326.92,1200.0,1446.15,100.0,18.550477798209393
1573,August,Millets,1190.48,957.14,1423.81,25.26,39.20015455950541
1574,July,Millets,1165.22,969.57,1365.22,71.47,33.95496129486277
1575,June,Millets,1093.75,1062.5,1125.0,-19.58,5.714285714285714
1576,May,Millets,1113.33,1073.33,1153.33,-50.0,7.185650256437894
1577,April,Millets,2091.67,1975.0,2250.0,-50.0,13.147389406550747
1578,March,Millets,2425.0,2150.0,2716.67,100.0,23.367835051546397
1579,February,Millets,1257.14,1171.43,1342.86,100.0,13.636508264791496
1580,November,Millets,1075.0,1000.0,1150.0,100.0,13.953488372093023
1581,October,Millets,666.67,600.0,733.33,-50.0,19.99940000299999
1582,September,Millets,884.38,693.75,1075.0,100.0,43.109296908568716
1583,August,Millets,611.9,523.81,700.0,-50.0,28.793920575257403
1584,July,Millets,708.33,608.33,808.33,-50.0,28.23542699024466
1585,June,Millets,1250.0,1000.0,1500.0,100.0,40.0
1586,May,Millets,1050.0,900.0,1200.0,-50.0,28.57142857142857
1587,April,Millets,4621.43,4142.86,5100.0,100.0,20.7109054989473
1588,March,Millets,900.0,800.0,1000.0,-50.0,22.22222222222222
1589,February,Millets,1325.0,1150.0,1500.0,-50.0,26.41509433962264
1590,November,Millets,1750.0,1650.0,1850.0,100.0,11.428571428571429
1591,October,Millets,800.56,466.67,566.67,100.0,12.491256120715493
1592,September,Millets,500.0,375.0,475.0,100.0,20.0
1593,August,Millets,382.35,317.65,447.06,-50.0,33.84595266117432
1594,July,Millets,718.75,650.0,787.5,-50.0,19.130434782608695
1595,March,Millets,1075.0,1025.0,1125.0,-50.0,9.30232558139535
1596,February,Millets,1125.0,1050.0,1200.0,100.0,13.333333333333334
1597,November,Millets,925.0,850.0,1000.0,100.0,16.216216216216218
1598,October,Millets,450.0,400.0,500.0,-50.0,22.22222222222222
1599,September,Millets,500.0,437.5,562.5,-30.88,25.0
1600,August,Millets,530.88,482.35,579.41,-50.0,18.282851115129585
1601,July,Millets,843.18,772.73,913.64,-50.0,16.711734149291964
1602,June,Millets,1050.0,1000.0,1100.0,100.0,9.523809523809524
1603,March,Millets,787.5,725.0,850.0,20.83,15.873015873015872
1604,February,Millets,766.67,700.0,833.33,-50.0,17.390793953069775
1606,March,Barley,2383.57,2312.36,2434.75,-50.0,5.1347348724811885
1607,February,Barley,2454.5,2395.73,2497.54,15.27,4.147891627622732
1608,January,Barley,2439.23,2388.34,2478.49,53.57,3.695838440819424
1609,December,Barley,2385.66,2329.44,2423.41,30.21,3.93895190429482
1610,November,Barley,2355.45,2299.93,2397.71,43.37,4.1512237576683955
1611,October,Barley,2312.08,2258.77,2349.59,67.72,3.9280647728452376
1612,September,Barley,2244.36,2195.07,2279.13,59.13,3.7453884403571593
1613,August,Barley,2185.23,2144.67,2219.11,50.19,3.4065064089363615
1614,July,Barley,2135.04,2093.31,2169.11,43.65,3.5502847721822626
1615,June,Barley,2091.39,2044.05,2126.94,90.79,3.9633927674895695
1616,May,Barley,2000.6,1947.39,2043.3,100.0,4.794061781465554
1617,April,Barley,1897.38,1831.94,1951.04,-50.0,6.27707681118173
1618,March,Barley,1977.23,1913.45,2028.71,-50.0,5.829367347248423
1619,February,Barley,2062.7,2016.34,2104.41,-8.87,4.269646579725599
1620,January,Barley,2071.57,2026.74,2111.0,75.61,4.067446429519639
1621,December,Barley,1995.96,1946.72,2037.14,44.99,4.530150904827756
1622,November,Barley,1950.97,1888.19,1980.43,40.76,4.7279045807982705
1623,October,Barley,1910.21,1850.55,1952.2,6.87,5.3214044529135585
1624,September,Barley,1903.34,1837.63,1913.35,39.69,3.9782697783895573
1625,August,Barley,1863.65,1808.94,1886.36,30.49,4.154213505754827
1626,July,Barley,1833.16,1783.47,1863.73,-2.02,4.378232123764428
1627,June,Barley,1835.18,1778.86,1877.75,-50.0,5.388572238145582
1628,May,Barley,1905.76,1836.7,1954.87,-50.0,6.200675845856763
1629,April,Barley,1985.44,1896.18,2048.46,-50.0,7.66983640905794
1630,March,Barley,2255.87,2175.96,2310.37,-50.0,5.958233408840042
1631,February,Barley,2697.17,2629.54,2739.21,-50.0,4.0661137414401045
1632,January,Barley,2750.57,2684.16,2794.11,41.97,3.9973532758664665
1633,December,Barley,2708.6,2638.82,2757.72,55.22,4.3897216274089805
1634,November,Barley,2653.38,2586.17,2707.54,78.88,4.574165781003847
1635,October,Barley,2574.5,2513.45,2625.84,9.45,4.365507865604985
1636,September,Barley,2565.05,2503.06,2613.54,1.66,4.307128516013334
1637,August,Barley,2563.39,2512.19,2609.95,25.23,3.813699827181965
1638,July,Barley,2538.16,2479.75,2584.45,36.99,4.125035458757518
1639,June,Barley,2501.17,2425.85,2557.22,-20.8,5.2523419039889285
1640,May,Barley,2521.97,2433.57,2587.89,-6.5,6.11902599951624
1641,April,Barley,2528.47,2408.44,2601.81,100.0,7.647707902407381
1642,March,Barley,2222.19,2149.53,2278.75,100.0,5.814984317272591
1643,February,Barley,2119.46,2067.05,2166.14,72.27,4.675247468694842
1644,January,Barley,2047.19,2001.38,2087.18,29.76,4.191110742041516
1645,December,Barley,2017.43,1973.34,2057.01,56.76,4.147355794253099
1646,November,Barley,1960.67,1913.59,2001.06,50.59,4.461230089714231
1647,October,Barley,1910.08,1865.45,1950.59,56.92,4.457404925448142
1648,September,Barley,1853.16,1810.9,1891.36,74.52,4.341772971572871
1649,August,Barley,1778.64,1737.13,1815.36,93.77,4.398304322403622
1650,July,Barley,1684.87,1647.5,1718.01,26.16,4.184892602990142
1651,June,Barley,1658.71,1615.68,1690.61,15.12,4.517365904829647
1652,May,Barley,1643.59,1602.94,1680.96,64.03,4.746925936517013
1653,April,Barley,1579.56,1524.35,1626.93,100.0,6.494213578464899
1654,March,Barley,1458.27,1414.0,1498.62,-27.14,5.802766291564654
1655,February,Barley,1485.41,1451.45,1520.08,-6.82,4.620273190566905
1656,January,Barley,1492.23,1455.27,1526.83,37.75,4.795507394972621
1657,December,Barley,1454.48,1417.65,1487.94,-8.02,4.832654969473624
1658,November,Barley,1462.5,1424.46,1497.05,32.89,4.963418803418798
1659,October,Barley,1429.61,1395.38,1462.84,8.02,4.7187694546064884
1660,September,Barley,1421.59,1385.99,1454.62,-50.0,4.82769293537517
1661,August,Barley,1472.63,1435.79,1505.08,11.63,4.705187317927787
1662,July,Barley,1461.0,1424.93,1492.19,-50.0,4.603696098562628
1663,June,Barley,1513.76,1476.88,1545.54,-50.0,4.535725610400583
1664,May,Barley,1602.28,1569.77,1637.44,-50.0,4.223356716678738
1665,April,Barley,1653.78,1609.7,1696.22,-50.0,5.231651126510176
1666,March,Barley,1782.19,1737.34,1824.41,-50.0,4.88556214545027
1667,February,Barley,1926.83,1883.49,1964.11,3.61,4.1840743604780855
1668,January,Barley,1923.22,1883.4,1963.25,56.78,4.151891099302207
1669,December,Barley,1866.44,1823.72,1905.22,22.15,4.366601658772851
1670,November,Barley,1844.29,1803.62,1882.49,42.18,4.276442424998244
1671,October,Barley,1802.11,1763.36,1838.41,34.69,4.1645626515584615
1672,September,Barley,1767.42,1732.15,1800.13,13.76,3.8462844145703916
1673,August,Barley,1753.66,1719.71,1783.47,23.68,3.635824504179829
1674,July,Barley,1729.98,1697.28,1758.5,31.85,3.5387692343264097
1675,June,Barley,1698.13,1663.42,1725.94,9.2,3.681696925441514
1676,May,Barley,1688.93,1652.8,1717.78,78.77,3.847406346029736
1677,April,Barley,1610.16,1567.51,1642.55,-50.0,4.660406419237837
1678,March,Barley,1665.38,1613.89,1703.06,-50.0,5.354333545497115
1679,February,Barley,1761.29,1709.17,1799.97,52.26,5.155312299507744
1680,January,Barley,1709.03,1663.54,1744.64,28.53,4.74538188329053
1681,December,Barley,1680.5,1635.18,1716.34,39.16,4.829515025290084
1682,November,Barley,1641.34,1596.55,1675.09,63.2,4.7851146014841515
1683,October,Barley,1578.14,1534.3,1614.03,29.75,5.0521499993663435
1684,September,Barley,1548.39,1508.76,1580.18,37.87,4.612533018167262
1685,August,Barley,1510.52,1469.84,1544.32,49.57,4.930752323703097
1686,July,Barley,1460.95,1426.52,1491.56,63.46,4.451897737773364
1687,June,Barley,1397.49,1360.29,1427.98,39.24,4.843684033517238
1688,May,Barley,1358.25,1322.47,1389.84,34.95,4.960058899318969
1689,April,Barley,1323.3,1281.21,1363.65,-26.41,6.2298798458399505
1690,March,Barley,1349.71,1311.15,1382.95,-50.0,5.319661260567081
1691,February,Barley,1471.74,1433.86,1501.24,-6.85,4.578254311223457
1692,January,Barley,1478.59,1442.82,1507.77,9.92,4.392698449198226
1693,December,Barley,1468.67,1434.07,1495.08,24.4,4.154098606221955
1694,November,Barley,1444.27,1408.14,1470.01,19.46,4.283825046563308
1695,October,Barley,1424.81,1389.8,1450.5,0.53,4.260217151760589
1696,September,Barley,1424.28,1392.17,1448.37,18.43,3.945853343443692
1697,August,Barley,1405.85,1372.94,1426.52,-3.23,3.8112174129530128
1698,July,Barley,1409.08,1374.13,1435.76,3.02,4.373775796973904
1699,June,Barley,1406.06,1367.36,1413.73,-18.02,3.2978678008050952
1700,May,Barley,1424.08,1389.27,1436.49,-15.54,3.3158249536542916
1701,April,Barley,1439.62,1391.84,1456.35,-34.36,4.481043608730081
1702,March,Barley,1473.98,1396.0,1468.4,-50.0,4.911871260125652
1703,February,Barley,1802.67,1709.49,1817.77,-22.84,6.006645697770527
1704,January,Barley,1825.51,1764.41,1854.17,6.37,4.916982103631313
1705,December,Barley,1819.14,1754.79,1855.07,48.34,5.5124949151796985
1706,November,Barley,1770.8,1702.97,1782.26,100.0,4.477637226112489
1707,October,Barley,1665.75,1621.23,1689.51,26.03,4.0990544799639785
1708,September,Barley,1639.72,1599.5,1669.16,5.33,4.2482862927817
1709,August,Barley,1634.39,1594.92,1652.67,45.43,3.5334283738887287
1710,July,Barley,1588.96,1540.34,1610.39,22.43,4.408543953277627
1711,June,Barley,1566.53,1532.1,1584.16,72.84,3.323268625560964
1712,May,Barley,1493.69,1451.28,1508.68,67.73,3.8428321807068464
1713,April,Barley,1425.96,1379.36,1449.1,58.61,4.890740273219445
1714,March,Barley,1367.35,1300.13,1373.58,-50.0,5.371704391706573
1715,February,Barley,1465.16,1405.29,1485.79,-4.07,5.4942804881378144
1716,January,Barley,1469.23,1417.61,1499.67,55.33,5.585238526302905
1717,December,Barley,1413.9,1359.13,1443.08,43.82,5.937477898012576
1718,November,Barley,1370.08,1320.12,1390.47,62.22,5.134736657713428
1719,October,Barley,1307.86,1258.14,1329.93,78.87,5.489119630541492
1720,September,Barley,1228.99,1179.31,1235.63,34.37,4.582624756914227
1721,August,Barley,1194.62,1138.08,1194.2,13.39,4.69772814786293
1722,July,Barley,1181.23,1135.99,1184.13,-0.94,4.0754129170441065
1723,June,Barley,1182.17,1146.82,1193.04,1.86,3.9097591716927367
1724,May,Barley,1180.31,1138.29,1199.54,59.61,5.189314671569334
1725,April,Barley,1120.7,1068.76,1156.88,-50.0,7.8629428036049
1726,March,Barley,1294.66,1248.87,1333.56,-50.0,6.541485795498437
1727,February,Barley,1512.07,1468.23,1547.24,4.94,5.225287189085161
1728,January,Barley,1507.13,1466.36,1545.66,57.32,5.261656260574746
1729,December,Barley,1449.81,1398.76,1478.52,46.22,5.501410529655609
1730,November,Barley,1403.59,1361.69,1437.69,58.73,5.414686625011578
1731,October,Barley,1344.86,1307.02,1374.49,28.63,5.016879080350374
1732,September,Barley,1316.23,1278.61,1341.34,37.74,4.765884381908938
1733,August,Barley,1278.49,1245.46,1300.17,44.04,4.2792669477273995
1734,July,Barley,1234.45,1202.63,1248.64,56.92,3.7271659443476843
1735,June,Barley,1177.53,1142.58,1185.51,6.09,3.6457669868283666
1736,May,Barley,1171.44,1136.78,1183.54,45.13,3.9916683739670824
1737,April,Barley,1126.31,1081.07,1145.57,-50.0,5.72666495014694
1738,March,Barley,1239.14,1189.03,1256.34,-50.0,5.43199315654405
1739,February,Barley,1316.68,1271.94,1340.98,29.79,5.24349120515235
1740,January,Barley,1286.89,1243.79,1310.08,24.59,5.151178422398182
1741,December,Barley,1262.3,1216.03,1282.0,48.58,5.2261744434761965
1742,November,Barley,1213.72,1173.13,1234.69,55.48,5.0720100187852175
1743,October,Barley,1158.24,1117.39,1172.52,9.5,4.75980798452824
1744,September,Barley,1148.74,1115.68,1161.57,10.03,3.9948117067395468
1745,August,Barley,1138.71,1107.53,1146.0,-23.2,3.3783843120724346
1746,July,Barley,1161.91,1137.24,1175.98,3.12,3.3341652967957938
1747,June,Barley,1158.79,1136.83,1176.74,20.84,3.4441098041923115
1748,May,Barley,1137.95,1113.67,1159.08,3.09,3.99050924908826
1749,April,Barley,1134.86,1099.94,1164.46,-50.0,5.685282766156177
1750,March,Barley,1197.75,1163.28,1220.94,-50.0,4.814026299311215
1751,February,Barley,1260.57,1231.42,1285.07,20.1,4.2560111695502725
1752,January,Barley,1240.47,1207.53,1261.39,11.87,4.341902665925022
1753,December,Barley,1228.6,1197.85,1254.37,54.23,4.600358131206249
1754,November,Barley,1174.37,1142.61,1198.82,63.58,4.786396110254863
1755,October,Barley,1110.79,1087.2,1128.7,5.13,3.7360797270411155
1756,September,Barley,1105.66,1072.03,1121.58,-50.0,4.4814861711556855
1757,August,Barley,1173.46,1143.44,1200.1,5.31,4.828456018952487
1758,July,Barley,1168.15,1133.39,1194.13,52.71,5.199674699310877
1759,June,Barley,1115.44,1081.74,1145.94,-50.0,5.7555762748332535
1760,May,Barley,1224.34,1185.05,1254.99,-50.0,5.7124654916118125
1761,April,Barley,1289.47,1245.4,1324.87,100.0,6.162997200400149
1762,March,Barley,1171.7,1133.19,1203.15,77.36,5.970811641205089
1763,February,Barley,1094.34,1056.28,1105.36,4.66,4.484895005208613
1764,January,Barley,1089.68,1044.55,1103.15,53.71,5.377725570809791
1765,December,Barley,1035.97,990.17,1040.91,4.04,4.897825226599237
1766,November,Barley,1031.93,975.82,1028.87,14.58,5.140852577209679
1767,October,Barley,1017.35,970.96,1021.65,-10.95,4.982552710473283
1768,September,Barley,1028.3,988.54,1030.99,-41.64,4.128172712243513
1769,August,Barley,1069.94,1039.43,1083.27,-26.48,4.097426023889182
1770,July,Barley,1096.42,1070.81,1120.83,-43.14,4.562120355338281
1771,June,Barley,1139.56,1114.64,1174.53,-36.94,5.255537224893807
1772,May,Barley,1176.5,1148.42,1211.74,100.0,5.382065448363785
1773,April,Barley,1014.99,975.67,1029.97,-50.0,5.349806402033525
1774,March,Barley,1100.05,1048.25,1102.03,-50.0,4.888868687786917
1775,February,Barley,1279.47,1273.48,1314.0,38.67,3.166936309565678
1776,January,Barley,1240.8,1235.93,1277.31,40.87,3.3349451966473147
1777,December,Barley,1199.93,1197.53,1241.04,46.61,3.6260448526164017
1778,November,Barley,1153.32,1145.27,1192.66,58.83,4.10900704054383
1779,October,Barley,1094.49,1076.73,1122.33,60.76,4.166324041334312
1780,September,Barley,1033.73,1022.63,1059.28,21.98,3.545413212347516
1781,August,Barley,1011.75,990.85,1029.2,29.01,3.790462070669634
1782,July,Barley,982.74,960.77,995.38,33.24,3.5217860268229657
1783,June,Barley,949.5,933.02,961.06,42.6,2.953133228014741
1784,May,Barley,906.9,881.22,923.97,41.37,4.71386040357261
1785,April,Barley,865.53,828.23,876.22,-50.0,5.544579621734661
1786,March,Barley,948.36,915.95,961.45,48.99,4.797756126365515
1787,February,Barley,899.37,852.47,884.85,-3.51,3.6002979863682354
1789,March,Oil seeds,6363.42,5847.1,6916.62,100.0,16.807314305829248
1790,February,Oil seeds,6147.16,5684.63,6680.7,-50.0,16.20374286662458
1791,January,Oil seeds,6577.69,6035.27,7170.79,-50.0,17.26320334342299
1792,December,Oil seeds,6906.21,6344.53,7555.41,-50.0,17.533205622186408
1793,November,Oil seeds,7036.68,6458.71,7666.2,-50.0,17.15993906217136
1794,October,Oil seeds,7867.03,7213.29,8523.92,-50.0,16.659781391452686
1795,September,Oil seeds,8560.78,7848.5,9272.0,-50.0,16.62815771460077
1796,August,Oil seeds,10322.92,9532.89,11518.42,-50.0,19.234189551018517
1797,July,Oil seeds,12501.49,11428.22,13549.93,-50.0,16.971656978488173
1798,June,Oil seeds,13297.17,12393.92,14230.33,100.0,13.810532617090704
1799,May,Oil seeds,12910.28,12020.6,13823.13,100.0,13.961974488547103
1800,April,Oil seeds,11786.26,10847.68,12661.15,100.0,15.386305749236817
1801,March,Oil seeds,10634.29,9775.68,11453.21,100.0,15.774724969885142
1802,February,Oil seeds,10340.12,9482.36,11167.88,-50.0,16.300777940681524
1803,January,Oil seeds,10501.03,9691.35,11276.33,100.0,15.093567011997866
1804,December,Oil seeds,9857.57,8924.74,10708.08,-50.0,18.09107112604831
1805,November,Oil seeds,10415.25,9524.65,11275.03,-19.83,16.80593360697056
1806,October,Oil seeds,10435.08,9470.63,11357.2,-50.0,18.079113911920192
1807,September,Oil seeds,11530.36,10467.19,12535.53,-50.0,17.93820834735429
1808,August,Oil seeds,13934.86,12951.09,14878.77,100.0,13.833508194556673
1809,July,Oil seeds,13809.31,12655.8,14891.65,100.0,16.1908886106547
1810,June,Oil seeds,11859.08,11004.65,12646.98,100.0,13.848713390920711
1811,May,Oil seeds,8633.94,7985.6,9307.8,100.0,15.313981797418084
1812,April,Oil seeds,7131.98,6519.53,7741.48,100.0,17.133390727399682
1813,March,Oil seeds,5838.17,5309.33,6356.13,100.0,17.930276096790607
1814,February,Oil seeds,5058.64,4576.66,5513.04,100.0,18.510508753340822
1815,January,Oil seeds,4709.43,4240.43,5154.04,53.38,19.399587635871
1816,December,Oil seeds,4656.05,4223.58,5089.11,62.41,18.589362227639302
1817,November,Oil seeds,4593.64,4158.88,5021.47,100.0,18.7779190358844
1818,October,Oil seeds,4455.2,3996.01,4904.77,100.0,20.397737475309757
1819,September,Oil seeds,4188.3,3784.47,4578.47,-50.0,18.95757228469786
1820,August,Oil seeds,4746.87,4278.29,5209.72,-46.76,19.621982485300844
1821,July,Oil seeds,4793.63,4333.14,5270.0,100.0,19.543852988236466
1822,June,Oil seeds,4456.63,4047.57,4853.04,100.0,18.073521921272345
1823,May,Oil seeds,4146.68,3737.82,4508.24,100.0,18.57920070996555
1824,April,Oil seeds,4017.6,3623.69,4387.97,3.78,19.023297491039433
1825,March,Oil seeds,4013.82,3584.99,4429.4,100.0,21.037565212191872
1826,February,Oil seeds,3572.89,3218.85,3919.53,100.0,19.611015172591383
1827,January,Oil seeds,3466.06,3071.91,3881.36,-50.0,23.35360611183881
1828,December,Oil seeds,3865.62,3448.49,4294.51,-50.0,21.885751832823725
1829,November,Oil seeds,4680.76,4159.43,5222.93,51.83,22.72066929302079
1830,October,Oil seeds,4628.93,4092.26,5191.11,100.0,23.738747399507
1831,September,Oil seeds,4496.28,4009.57,4997.46,-50.0,21.971274030976716
1832,August,Oil seeds,5087.02,4591.44,5727.37,-50.0,22.329969215768763
1833,July,Oil seeds,5771.75,5241.52,6507.59,100.0,21.935634772815867
1834,June,Oil seeds,5381.55,4782.63,6215.65,100.0,26.62838773215894
1835,May,Oil seeds,4659.75,4113.32,5483.24,-7.46,29.399002092386933
1836,April,Oil seeds,4667.21,4162.31,5340.05,100.0,25.234347715230292
1837,March,Oil seeds,4134.09,3751.4,4590.7,-50.0,20.301928598554937
1838,February,Oil seeds,4295.61,3874.08,4844.19,100.0,22.58375411175595
1839,January,Oil seeds,3852.96,3482.99,4312.37,-50.0,21.525787965616047
1840,December,Oil seeds,4110.43,3706.38,4520.86,-50.0,19.81495853231899
1841,November,Oil seeds,5112.51,4590.76,5611.46,-50.0,19.964753125177257
1842,October,Oil seeds,5868.82,5305.53,6383.6,-50.0,18.36945075841482
1843,September,Oil seeds,7050.78,6366.27,7724.85,-50.0,19.26850646311472
1844,August,Oil seeds,7571.31,6944.58,8220.94,-50.0,16.857848905935704
1845,July,Oil seeds,9462.33,8680.77,10205.18,100.0,16.110302642161074
1846,June,Oil seeds,8613.16,7824.5,9290.92,100.0,17.02534261525387
1847,May,Oil seeds,7585.28,7009.11,8217.03,100.0,15.92452750590619
1848,April,Oil seeds,7031.91,6444.89,7556.12,100.0,15.802676655417939
1849,March,Oil seeds,6027.73,5487.91,6509.82,22.74,16.953479999933638
1850,February,Oil seeds,6004.99,5387.73,6544.83,82.18,19.26897463609432
1851,January,Oil seeds,5922.81,5253.29,6525.92,-50.0,21.486929346036764
1852,December,Oil seeds,6214.66,5532.69,6853.22,-50.0,21.248628243540285
1853,November,Oil seeds,6809.29,6104.06,7484.37,-50.0,20.270982730945512
1854,October,Oil seeds,7329.49,6560.94,8100.86,-50.0,21.00992019908616
1855,September,Oil seeds,8787.95,7876.03,9568.13,-50.0,19.25477500440944
1856,August,Oil seeds,10290.23,9238.77,11223.87,-50.0,19.29111399842375
1857,July,Oil seeds,10484.36,9355.92,11419.99,100.0,19.687133978611946
1858,June,Oil seeds,10013.74,9079.75,10837.35,100.0,17.551883711780018
1859,May,Oil seeds,8550.33,7803.93,9191.58,100.0,16.22919817129865
1860,April,Oil seeds,7934.76,7223.32,8566.72,100.0,16.93056878846997
1861,March,Oil seeds,7630.26,6896.14,8264.95,100.0,17.939231428548965
1862,February,Oil seeds,7212.63,6520.89,7797.89,100.0,17.70505349643611
1863,January,Oil seeds,6774.81,6103.26,7331.54,100.0,18.13010254162109
1864,December,Oil seeds,6325.57,5704.08,6922.58,-50.0,19.263086172471414
1865,November,Oil seeds,6524.46,5869.17,7095.3,100.0,18.79281963564801
1866,October,Oil seeds,6146.07,5462.41,6745.66,100.0,20.879195974012664
1867,September,Oil seeds,5730.63,5125.22,6328.95,-50.0,21.00519489131212
1868,August,Oil seeds,5948.7,5270.32,6540.98,-50.0,21.360297207793298
1869,July,Oil seeds,6048.26,5406.04,6603.11,100.0,19.791973228664105
1870,June,Oil seeds,5844.61,5214.48,6396.43,100.0,20.22290623326451
1871,May,Oil seeds,5635.88,5057.31,6146.38,100.0,19.323867789945844
1872,April,Oil seeds,3900.76,3503.07,4263.19,100.0,19.48645904900582
1873,March,Oil seeds,3631.08,3270.71,3965.69,100.0,19.139760071383723
1874,February,Oil seeds,3490.85,3182.42,3794.28,57.48,17.527536273400464
1875,January,Oil seeds,3433.37,3129.1,3716.55,100.0,17.110011446479707
1876,December,Oil seeds,3308.97,2950.37,3626.41,-50.0,20.43052671979498
1877,November,Oil seeds,3566.18,3162.61,3897.29,-50.0,20.601315693543228
1878,October,Oil seeds,3942.49,3500.35,4307.06,42.36,20.461941564848622
1879,September,Oil seeds,3900.13,3433.69,4293.97,-50.0,22.057726280918846
1880,August,Oil seeds,4071.16,3595.62,4473.2,63.54,21.55601843209306
1881,July,Oil seeds,4007.62,3555.46,4426.28,100.0,21.729106052969087
1882,June,Oil seeds,3583.66,3215.29,3961.65,100.0,20.826752537908177
1883,May,Oil seeds,3379.08,3044.05,3675.38,100.0,18.68348781325094
1884,April,Oil seeds,3221.55,2896.1,3510.1,-50.0,19.059148546507114
1885,March,Oil seeds,3421.32,3134.64,3718.75,34.3,17.072650322097907
1886,February,Oil seeds,3387.02,3067.56,3688.56,78.11,18.334701300848533
1887,January,Oil seeds,3308.91,3003.23,3627.99,8.65,18.881142128374595
1888,December,Oil seeds,3300.26,2940.81,3636.37,-50.0,21.075915230921197
1889,November,Oil seeds,3470.18,3077.33,3822.19,-50.0,21.464592614792323
1890,October,Oil seeds,3737.72,3291.25,4117.33,-50.0,22.101173977719036
1891,September,Oil seeds,4053.23,3591.96,4424.98,-50.0,20.552004204054533
1892,August,Oil seeds,4551.5,4039.66,4952.25,-50.0,20.050313083598816
1893,July,Oil seeds,4789.43,4265.1,5200.89,100.0,19.538650737144085
1894,June,Oil seeds,4687.91,4164.03,5081.93,100.0,19.580154055858593
1895,May,Oil seeds,4255.87,3789.33,4676.72,100.0,20.850965842471698
1896,April,Oil seeds,3890.89,3486.69,4262.01,-50.0,19.926546368568633
1897,March,Oil seeds,4053.38,3650.5,4419.72,14.89,18.977248617203426
1898,February,Oil seeds,4038.49,3671.88,4389.37,-50.0,17.76629383754819
1899,January,Oil seeds,4202.19,3820.98,4579.35,-50.0,18.047018340436782
1900,December,Oil seeds,4306.29,3891.37,4707.48,-50.0,18.951580130460318
1901,November,Oil seeds,4647.9,4240.04,5070.49,-3.88,17.86720884700617
1902,October,Oil seeds,4651.78,4211.46,5052.95,-50.0,18.089634505501117
1903,September,Oil seeds,5012.78,4513.96,5462.11,-50.0,18.91465414400791
1904,August,Oil seeds,5467.43,4901.48,5981.33,-50.0,19.75059580095219
1905,July,Oil seeds,6411.56,5807.6,7004.14,100.0,18.662228849141236
1906,June,Oil seeds,6151.84,5649.95,6634.5,100.0,16.004154854482564
1907,May,Oil seeds,5420.15,4992.38,5830.05,100.0,15.454738337499888
1908,April,Oil seeds,4917.53,4496.27,5313.82,-50.0,16.625216317948226
1909,March,Oil seeds,4993.88,4570.01,5385.79,100.0,16.335594767996025
1910,February,Oil seeds,4591.02,4214.48,4932.76,86.06,15.645325004029617
1911,January,Oil seeds,4504.96,4133.7,4856.15,-50.0,16.03676836198323
1912,December,Oil seeds,4648.05,4230.26,5046.45,-50.0,17.559836920859276
1913,November,Oil seeds,5250.52,4749.83,5714.22,-50.0,18.367514074796407
1914,October,Oil seeds,5706.22,5114.1,6258.07,-50.0,20.047772430786043
1915,September,Oil seeds,6788.83,6125.91,7503.82,-50.0,20.296722704795965
1916,August,Oil seeds,8563.04,7715.29,9405.85,-50.0,19.742521347558814
1917,July,Oil seeds,9379.47,8541.58,10146.01,-50.0,17.10576397173828
1918,June,Oil seeds,9685.87,8933.26,10346.25,-50.0,14.588157801002902
1919,May,Oil seeds,10229.95,9408.44,10991.14,100.0,15.471238862360021
1920,April,Oil seeds,9189.93,8460.38,9877.13,100.0,15.41633070110436
1921,March,Oil seeds,7525.83,6930.21,8099.04,100.0,15.530911540653985
1922,February,Oil seeds,6758.19,6166.42,7309.62,100.0,16.915771826480167
1923,January,Oil seeds,6359.74,5797.13,6895.68,100.0,17.27350489170941
1924,December,Oil seeds,5800.52,5242.12,6357.14,-50.0,19.222759338817905
1925,November,Oil seeds,6062.22,5394.45,6599.98,-50.0,19.885949371682315
1926,October,Oil seeds,6619.06,5819.92,7303.77,-50.0,22.417835765199293
1927,September,Oil seeds,8387.5,7474.05,9197.45,-50.0,20.54724292101342
1928,August,Oil seeds,9512.01,8597.84,10400.81,-50.0,18.954668887017565
1929,July,Oil seeds,10289.02,9360.87,11163.65,100.0,17.521396595594126
1930,June,Oil seeds,9834.53,9111.87,10874.83,100.0,17.926225249198477
1931,May,Oil seeds,8478.08,7794.6,9330.36,100.0,18.11447874990564
1932,April,Oil seeds,5616.91,5166.78,6122.77,100.0,17.019856113058616
1933,March,Oil seeds,4344.42,3980.96,4719.2,100.0,16.992832184733516
1934,February,Oil seeds,3835.21,3490.82,4163.55,100.0,17.540890850826944
1935,January,Oil seeds,3666.11,3328.44,3983.87,10.02,17.878077853637777
1936,December,Oil seeds,3656.09,3299.66,3966.1,29.08,18.228216482635823
1937,November,Oil seeds,3627.01,3298.31,3952.45,100.0,18.03524114904563
1938,October,Oil seeds,3133.97,2787.46,3492.47,100.0,22.495748204354214
1939,September,Oil seeds,3022.47,2671.86,3342.15,-50.0,22.176895056030332
1940,August,Oil seeds,3183.47,2861.42,3518.68,100.0,20.646024620932497
1941,July,Oil seeds,2950.07,2651.95,3245.83,100.0,20.13104773785029
1942,June,Oil seeds,2738.9,2458.48,3011.49,100.0,20.19095257220051
1943,May,Oil seeds,2151.64,1950.24,2321.07,100.0,17.234760461787296
1944,April,Oil seeds,2043.11,1868.55,2213.47,-50.0,16.88210620084087
1945,March,Oil seeds,2115.58,1944.0,2280.77,100.0,15.91856606698872
1946,February,Oil seeds,1993.01,1805.01,2174.99,38.37,18.56388076326761
1947,January,Oil seeds,1954.64,1802.73,2147.18,-50.0,17.622170834527065
1948,December,Oil seeds,2047.93,1897.24,2225.83,-50.0,16.044982006220913
1949,November,Oil seeds,2359.34,2117.43,2594.18,-50.0,20.20692227487348
1950,October,Oil seeds,2413.96,2118.61,2640.55,-50.0,21.621733582992263
1951,September,Oil seeds,2690.32,2357.12,2932.41,-50.0,21.383701567099823
1952,August,Oil seeds,3012.53,2688.45,3353.78,-50.0,22.085423215702427
1953,July,Oil seeds,3279.49,2940.4,3662.68,61.89,22.024156195018122
1954,June,Oil seeds,3217.6,2905.18,3560.09,100.0,20.35399055196421
1955,May,Oil seeds,3115.47,2849.66,3398.16,100.0,17.605690313179075
1956,April,Oil seeds,2946.64,2699.86,3183.31,85.7,16.40682268617815
1957,March,Oil seeds,2860.94,2619.73,3104.17,-47.19,16.932896180975483
1958,February,Oil seeds,2908.13,2658.02,3187.81,-50.0,18.21754873406622
1959,January,Oil seeds,2995.06,2752.7,3296.59,100.0,18.159569424318722
1960,December,Oil seeds,2857.19,2581.8,3164.85,-50.0,20.406413294180638
1961,November,Oil seeds,2964.26,2654.02,3377.66,-50.0,24.412163575394867
1962,October,Oil seeds,3048.86,2669.49,3467.77,-50.0,26.182901149938015
1963,September,Oil seeds,4180.62,3597.13,4592.97,-50.0,23.82039027704025
1964,August,Oil seeds,4697.48,4083.83,5176.56,-50.0,23.262046884712667
1965,July,Oil seeds,4843.45,4321.21,5295.54,-50.0,20.11644592181193
1966,June,Oil seeds,4894.38,4468.42,5316.24,100.0,17.322316616200613
1967,May,Oil seeds,4494.43,4148.35,4926.82,100.0,17.32077260075247
1968,April,Oil seeds,3671.48,3412.19,4014.55,-50.0,16.406462788848096
1969,March,Oil seeds,3954.98,3619.95,4277.88,100.0,16.635482353893075
1970,February,Oil seeds,2964.8,2725.66,3236.31,-13.43,17.22375876956287
1972,March,Ground Nuts,5533.27,4966.33,5722.39,100.0,13.663891333695993
1973,February,Ground Nuts,5375.56,4755.67,5626.16,-50.0,16.193475656489735
1974,January,Ground Nuts,5457.95,4805.2,5792.81,16.63,18.094889106715904
1975,December,Ground Nuts,5441.32,4794.21,5795.28,18.66,18.397557945498512
1976,November,Ground Nuts,5422.66,4682.94,5832.38,-50.0,21.19697712930555
1977,October,Ground Nuts,5505.9,4691.98,5944.8,-50.0,22.754136471784825
1978,September,Ground Nuts,5695.31,4999.56,5976.81,-50.0,17.158855268633314
1979,August,Ground Nuts,5977.64,5328.26,6191.58,45.73,14.442489009040353
1980,July,Ground Nuts,5931.91,5263.99,6218.49,-50.0,16.090938668995317
1981,June,Ground Nuts,6017.49,5289.5,6439.74,-50.0,19.11494659733543
1982,May,Ground Nuts,6139.13,5339.98,6537.51,-50.0,19.50650988006445
1983,April,Ground Nuts,6252.31,5324.88,6753.48,89.88,22.84915495232961
1984,March,Ground Nuts,6162.43,5204.69,6649.73,-50.0,23.44919130927248
1985,February,Ground Nuts,6248.49,5298.34,6746.86,-50.0,23.18192075205369
1986,January,Ground Nuts,6530.74,5531.41,7135.32,-39.09,24.559391431905112
1987,December,Ground Nuts,6569.83,5606.01,7200.01,100.0,24.262423837450893
1988,November,Ground Nuts,6422.99,5449.91,7056.58,100.0,25.01436246981546
1989,October,Ground Nuts,6284.34,5316.18,6949.1,-50.0,25.98395376443668
1990,September,Ground Nuts,6493.82,5557.79,7122.02,-50.0,24.087979032372324
1991,August,Ground Nuts,6923.16,6055.78,7420.74,60.23,19.715852298661307
1992,July,Ground Nuts,6862.93,6087.62,7382.89,100.0,18.87342578169966
1993,June,Ground Nuts,6388.5,5632.34,6915.11,-50.0,20.07936135243014
1994,May,Ground Nuts,6467.82,5450.49,7027.51,-50.0,24.382558574604744
1995,April,Ground Nuts,6611.59,5571.44,7170.99,-50.0,24.1931214730496
1996,March,Ground Nuts,6745.34,5779.67,7207.61,-37.63,21.16928131124598
1997,February,Ground Nuts,6782.97,5854.96,7352.68,100.0,22.08059301456442
1998,January,Ground Nuts,6484.12,5634.11,6999.81,100.0,21.062225868737787
1999,December,Ground Nuts,6183.83,5398.38,6713.66,100.0,21.26966621009956
2000,November,Ground Nuts,5902.97,5122.49,6461.47,5.59,22.683157800225995
2001,October,Ground Nuts,5897.38,4994.1,6522.65,-50.0,25.919136972689554
2002,September,Ground Nuts,5986.07,5217.4,6501.45,-20.83,21.450634556562157
2003,August,Ground Nuts,6006.9,5377.97,6414.1,75.66,17.248996986798517
2004,July,Ground Nuts,5931.24,5290.03,6320.49,100.0,17.37343287407018
2005,June,Ground Nuts,5767.18,5106.8,6184.11,-50.0,18.68001345544962
2006,May,Ground Nuts,5821.62,5028.03,6297.33,-50.0,21.803209415935772
2007,April,Ground Nuts,5915.57,5059.7,6375.38,-5.0,22.240967480733055
2008,March,Ground Nuts,5920.57,5116.16,6385.96,100.0,21.44725930104703
2009,February,Ground Nuts,5489.5,4766.21,5916.81,-5.49,20.96001457327626
2010,January,Ground Nuts,5494.99,4701.77,6019.23,1.93,23.975657826492842
2011,December,Ground Nuts,5493.06,4715.86,6029.88,61.42,23.92145725697517
2012,November,Ground Nuts,5431.64,4666.02,5959.07,81.39,23.80588551524032
2013,October,Ground Nuts,5350.25,4594.18,5894.49,-50.0,24.303724125040876
2014,September,Ground Nuts,5611.95,4950.21,6069.94,-22.69,19.95260114576929
2015,August,Ground Nuts,5634.64,5090.91,5963.91,100.0,15.493447673675693
2016,July,Ground Nuts,5217.33,4595.84,5587.4,91.61,19.005123310198886
2017,June,Ground Nuts,5125.72,4462.76,5566.6,-50.0,21.535316014140456
2018,May,Ground Nuts,5333.88,4563.89,5747.88,-50.0,22.19753725243162
2019,April,Ground Nuts,5678.78,4713.07,6150.05,-50.0,25.304378757409175
2020,March,Ground Nuts,6022.29,5150.35,6533.26,100.0,22.963191742675956
2021,February,Ground Nuts,5611.9,4875.47,6083.09,100.0,21.518915162422708
2022,January,Ground Nuts,5248.37,4572.87,5693.03,100.0,21.343007448026718
2023,December,Ground Nuts,5028.08,4432.95,5457.24,100.0,20.371394249892603
2024,November,Ground Nuts,4792.13,4132.38,5245.9,100.0,23.236431398981235
2025,October,Ground Nuts,4631.2,3981.25,5110.61,38.03,24.385904301261004
2026,September,Ground Nuts,4593.17,3968.06,5051.01,-50.0,23.577398615770814
2027,August,Ground Nuts,5151.01,4515.47,5534.99,-50.0,19.79262319428616
2028,July,Ground Nuts,5285.33,4626.82,5660.15,41.78,19.550907890330404
2029,June,Ground Nuts,5243.55,4590.47,5617.54,-50.0,19.58730249544678
2030,May,Ground Nuts,5381.72,4735.75,5771.05,-50.0,19.237344194792747
2031,April,Ground Nuts,5785.38,5012.18,6141.68,100.0,19.52335023801375
2032,March,Ground Nuts,5334.0,4652.18,5764.97,100.0,20.862204724409448
2033,February,Ground Nuts,4854.33,4244.29,5230.93,100.0,20.324947006074996
2034,January,Ground Nuts,4631.8,4083.83,4993.18,100.0,19.63275616391037
2035,December,Ground Nuts,4514.95,3957.3,4922.22,-25.7,21.371665245462303
2036,November,Ground Nuts,4540.65,3887.25,5000.97,-50.0,24.527765848501872
2037,October,Ground Nuts,5060.26,4197.97,5688.0,-50.0,29.445720180385983
2038,September,Ground Nuts,5671.69,4965.1,6150.22,100.0,20.895359231551794
2039,August,Ground Nuts,5501.28,4856.27,5934.54,72.71,19.60034755547799
2040,July,Ground Nuts,5428.57,4884.06,5820.2,100.0,17.244688748602293
2041,June,Ground Nuts,5244.43,4705.57,5602.82,100.0,17.10862762969474
2042,May,Ground Nuts,5055.92,4448.17,5404.54,100.0,18.915845187423848
2043,April,Ground Nuts,4740.31,4157.01,5098.84,100.0,19.868531804881957
2044,March,Ground Nuts,4482.65,3950.51,4851.31,87.91,20.095256154283746
2045,February,Ground Nuts,4394.74,3900.37,4735.39,100.0,19.00044143680856
2046,January,Ground Nuts,4271.97,3830.54,4607.91,12.77,18.19699108373888
2047,December,Ground Nuts,4259.2,3789.57,4611.4,-50.0,19.295407588279478
2048,November,Ground Nuts,4335.7,3801.74,4707.1,100.0,20.881518555250608
2049,October,Ground Nuts,4214.42,3610.15,4636.56,83.29,24.35471547686278
2050,September,Ground Nuts,4131.13,3606.75,4500.02,48.87,21.62289736706423
2051,August,Ground Nuts,4082.26,3652.65,4379.15,100.0,17.796514675694333
2052,July,Ground Nuts,3745.22,3353.08,3982.72,100.0,16.811829478642107
2053,June,Ground Nuts,3624.25,3223.65,3880.69,-37.04,18.12899220528385
2054,May,Ground Nuts,3661.29,3236.92,3930.74,-50.0,18.950151449352543
2055,April,Ground Nuts,3770.87,3364.48,4002.03,-50.0,16.90723891303599
2056,March,Ground Nuts,3890.13,3446.32,4138.56,-7.97,17.79477806654277
2057,February,Ground Nuts,3898.1,3436.69,4173.56,-25.89,18.90331186988534
2058,January,Ground Nuts,3923.99,3473.92,4204.13,-50.0,18.608864956332713
2059,December,Ground Nuts,4001.41,3553.14,4293.51,75.43,18.502727788454578
2060,November,Ground Nuts,3925.98,3458.54,4242.18,-50.0,19.960366583630083
2061,October,Ground Nuts,4021.19,3502.81,4404.77,33.71,22.43017614188836
2062,September,Ground Nuts,3987.48,3554.02,4306.65,-50.0,18.874828212304504
2063,August,Ground Nuts,4266.26,3868.38,4528.14,-50.0,15.464598969589293
2064,July,Ground Nuts,4399.93,3976.68,4678.15,-50.0,15.942753634716912
2065,June,Ground Nuts,4461.43,3977.22,4771.3,-50.0,17.79877752200528
2066,May,Ground Nuts,4788.47,4233.01,5127.37,-50.0,18.677364586183053
2067,April,Ground Nuts,4935.49,4301.14,5289.01,100.0,20.01564181064089
2068,March,Ground Nuts,4817.96,4188.42,5223.97,100.0,21.493536683575627
2069,February,Ground Nuts,4460.56,3947.97,4814.12,-14.71,19.417965457252002
2070,January,Ground Nuts,4475.27,3995.11,4781.59,97.03,17.573911741637932
2071,December,Ground Nuts,4378.24,3923.64,4689.69,-30.8,17.496756687618763
2072,November,Ground Nuts,4409.04,3941.29,4733.73,-47.06,17.973073503529104
2073,October,Ground Nuts,4456.1,3882.12,4894.83,-50.0,22.72637508134916
2074,September,Ground Nuts,4710.31,4141.14,5132.39,-50.0,21.04426247953956
2075,August,Ground Nuts,5240.95,4731.34,5595.02,-38.74,16.47945506062833
2076,July,Ground Nuts,5279.69,4796.53,5613.66,43.9,15.476855648721804
2077,June,Ground Nuts,5235.79,4688.0,5579.12,100.0,17.019781160054166
2078,May,Ground Nuts,5074.79,4496.98,5419.53,100.0,18.179077360836608
2079,April,Ground Nuts,4887.89,4298.77,5231.28,100.0,19.077966157176192
2080,March,Ground Nuts,4648.58,4131.58,4990.77,100.0,18.48284852578638
2081,February,Ground Nuts,4424.2,3949.98,4698.98,76.95,16.92961439356267
2082,January,Ground Nuts,4347.25,3902.15,4682.7,100.0,17.955029041347974
2083,December,Ground Nuts,4238.32,3758.58,4596.51,82.5,19.770333528379176
2084,November,Ground Nuts,4155.82,3684.54,4483.57,-50.0,19.226771130607194
2085,October,Ground Nuts,4413.58,3904.19,4802.69,-50.0,20.357623516510394
2086,September,Ground Nuts,4932.88,4443.39,5321.96,74.96,17.81048799078834
2087,August,Ground Nuts,4857.92,4443.21,5159.0,60.4,14.734495421908964
2088,July,Ground Nuts,4797.52,4397.24,5117.83,-19.14,15.020052026880556
2089,June,Ground Nuts,4816.66,4341.48,5168.93,100.0,17.178916510611103
2090,May,Ground Nuts,4612.66,4119.49,4936.37,100.0,17.70952118734093
2091,April,Ground Nuts,4375.64,3936.22,4669.95,80.34,16.768518433874817
2092,March,Ground Nuts,4295.3,3829.7,4602.37,53.64,17.988731869718062
2093,February,Ground Nuts,4241.66,3754.71,4577.39,100.0,19.395236770509666
2094,January,Ground Nuts,4048.27,3633.75,4374.9,100.0,18.307820377593384
2095,December,Ground Nuts,3770.58,3391.06,4080.95,-2.82,18.29665462607874
2096,November,Ground Nuts,3773.4,3341.33,4116.07,-50.0,20.531616049186404
2097,October,Ground Nuts,3921.19,3502.05,4264.36,-50.0,19.44078200750281
2098,September,Ground Nuts,3991.29,3612.05,4291.83,22.38,17.031586279122784
2099,August,Ground Nuts,3968.91,3684.08,4229.15,100.0,13.733493578841538
2100,July,Ground Nuts,3675.98,3424.74,3875.41,100.0,12.259859955712491
2101,June,Ground Nuts,3542.85,3255.52,3753.72,-47.76,14.062125125252264
2102,May,Ground Nuts,3590.61,3304.8,3803.86,75.27,13.89903108385483
2103,April,Ground Nuts,3515.34,3214.06,3739.29,85.38,14.941086779657159
2104,March,Ground Nuts,3429.96,3133.51,3660.91,-23.22,15.376272609593103
2105,February,Ground Nuts,3453.18,3134.4,3694.7,-24.22,16.225623917664294
2106,January,Ground Nuts,3477.4,3122.17,3743.78,-50.0,17.87571173865532
2107,December,Ground Nuts,3646.6,3301.55,3930.28,-50.0,17.24154006471782
2108,November,Ground Nuts,3713.05,3328.67,4006.59,100.0,18.257766526171206
2109,October,Ground Nuts,3524.06,3098.77,3859.44,-50.0,21.585046792619877
2110,September,Ground Nuts,3614.05,3247.26,3881.87,-50.0,17.559524633029415
2111,August,Ground Nuts,3814.76,3510.55,4036.87,-50.0,13.79693611131499
2112,July,Ground Nuts,3953.46,3567.83,4223.89,-50.0,16.594577914029745
2113,June,Ground Nuts,4136.28,3692.91,4395.08,-50.0,16.975881710135678
2114,May,Ground Nuts,4356.49,3925.81,4631.22,-50.0,16.1921638750462
2115,April,Ground Nuts,4487.56,4045.96,4751.03,-16.33,15.711656222980855
2116,March,Ground Nuts,4503.89,4043.82,4777.52,-50.0,16.29036233122923
2117,February,Ground Nuts,4670.25,4158.1,4988.73,-50.0,17.78555751833412
2118,January,Ground Nuts,4744.37,4226.62,5129.06,-50.0,19.021282066955163
2119,December,Ground Nuts,4859.07,4265.08,5251.21,68.2,20.29462427995481
2120,November,Ground Nuts,4790.87,4149.52,5244.25,100.0,22.850338247541668
2121,October,Ground Nuts,4499.49,3907.24,4921.56,100.0,22.542999317700467
2122,September,Ground Nuts,4360.07,3832.41,4710.0,-50.0,20.127887855011505
2123,August,Ground Nuts,4497.28,4093.74,4812.53,100.0,15.982771808737725
2124,July,Ground Nuts,4305.29,3935.36,4580.28,100.0,14.97971100669176
2125,June,Ground Nuts,4123.09,3692.27,4417.32,8.63,17.5851121367712
2126,May,Ground Nuts,4114.46,3645.67,4422.05,91.83,18.869547887207556
2127,April,Ground Nuts,4022.63,3537.63,4318.75,8.49,19.418141862413393
2128,March,Ground Nuts,4014.14,3530.54,4323.65,100.0,19.757905802986436
2129,February,Ground Nuts,3816.12,3381.69,4114.15,100.0,19.193840864543034
2130,January,Ground Nuts,3677.5,3313.7,3963.74,100.0,17.67613868116927
2131,December,Ground Nuts,3399.42,3076.23,3678.79,100.0,17.72537668190456
2132,November,Ground Nuts,3247.74,2881.68,3522.28,100.0,19.724485334417178
2133,October,Ground Nuts,3136.74,2728.56,3408.09,-50.0,21.663574284129393
2134,September,Ground Nuts,3301.76,2920.25,3549.11,-50.0,19.046205660011633
2135,August,Ground Nuts,3413.59,3071.1,3641.55,-50.0,16.71114574392356
2136,July,Ground Nuts,3478.7,3087.03,3746.73,10.76,18.96398079742432
2137,June,Ground Nuts,3467.94,3023.88,3756.74,100.0,21.132430203521388
2138,May,Ground Nuts,3333.94,2891.73,3624.6,74.01,21.982099257935054
2139,April,Ground Nuts,3259.93,2834.33,3530.66,100.0,21.360274607123465
2140,March,Ground Nuts,3110.1,2782.3,3337.71,99.03,17.85826822288672
2141,February,Ground Nuts,3011.07,2644.3,3278.31,21.93,21.05597013686164
2142,January,Ground Nuts,2989.14,2650.2,3270.55,84.21,20.753460861652528
2143,December,Ground Nuts,2904.93,2565.22,3160.49,6.37,20.49171580726558
2144,November,Ground Nuts,2898.56,2622.31,3116.93,-50.0,17.064335394126736
2145,October,Ground Nuts,2956.96,2616.91,3211.51,-50.0,20.10848980033549
2146,September,Ground Nuts,3123.06,2826.0,3385.18,-29.48,17.904875346615174
2147,August,Ground Nuts,3152.54,2877.67,3383.97,12.45,16.06006585166246
2148,July,Ground Nuts,3140.09,2862.73,3342.21,100.0,15.26962602982717
2149,June,Ground Nuts,2936.68,2644.51,3139.26,100.0,16.847256085102906
2150,May,Ground Nuts,2764.5,2500.55,2933.38,0.99,15.65671911738108
2151,April,Ground Nuts,2763.51,2466.98,2924.33,41.68,16.549605393141327
2152,March,Ground Nuts,2721.83,2434.41,2883.86,25.46,16.512787352626738
2153,February,Ground Nuts,2696.37,2436.74,2842.42,29.91,15.045412906982362
2155,March,Ground Nuts,5756.94,5262.84,5780.39,-50.0,8.990019003150982
2156,February,Ground Nuts,6047.14,5480.85,6111.84,100.0,10.434519458785472
2157,January,Ground Nuts,5940.59,5360.14,6024.74,100.0,11.187440978084659
2158,December,Ground Nuts,5497.94,4961.61,5588.1,100.0,11.394995216390152
2159,November,Ground Nuts,5073.83,4550.09,5157.06,100.0,11.96275791660344
2160,October,Ground Nuts,4928.77,4373.83,5009.37,100.0,12.894494975419828
2161,September,Ground Nuts,4078.0,3586.11,4160.86,100.0,14.093918587542904
2162,August,Ground Nuts,3603.72,3160.25,3669.31,100.0,14.12595873153297
2163,July,Ground Nuts,3194.69,2817.5,3274.98,100.0,14.320012270361133
2164,June,Ground Nuts,1938.67,1721.19,2117.2,-50.0,20.426890600256865
2165,May,Ground Nuts,3761.59,3360.0,4014.97,-50.0,17.41205181851291
2166,April,Ground Nuts,3898.53,3493.49,4271.61,-50.0,19.95931799934847
2167,March,Ground Nuts,3969.96,3527.59,4342.11,54.58,20.517083295549565
2168,February,Ground Nuts,3915.38,3434.79,4259.06,-50.0,21.052107330578394
2169,January,Ground Nuts,4231.95,3732.57,4635.25,-50.0,21.330119684778882
2170,December,Ground Nuts,4391.8,3817.56,4888.86,100.0,24.39318730361127
2171,November,Ground Nuts,3785.33,3289.12,4226.27,100.0,24.75741877194328
2172,October,Ground Nuts,3596.13,3118.61,4043.66,88.4,25.723486080870263
2173,September,Ground Nuts,3507.73,3031.28,3949.23,-50.0,26.16934598729092
2174,August,Ground Nuts,3743.93,3253.03,4205.87,-16.19,25.45026215767922
2175,July,Ground Nuts,3760.12,3317.9,4193.49,-50.0,23.286224907715702
2176,June,Ground Nuts,3925.9,3463.48,4381.84,100.0,23.392343156983113
2177,May,Ground Nuts,3754.15,3286.35,4126.36,-37.06,22.375504441751122
2178,April,Ground Nuts,3791.21,3349.07,4218.66,-50.0,22.937004280955147
2179,March,Ground Nuts,4277.03,3814.44,4710.76,100.0,20.9565983871986
2180,February,Ground Nuts,3981.14,3531.7,4439.75,-25.71,22.80879346116942
2181,January,Ground Nuts,4006.85,3545.09,4497.72,15.24,23.77503525213073
2182,December,Ground Nuts,3991.61,3542.54,4435.04,100.0,22.359398839064937
2183,November,Ground Nuts,3886.8,3475.89,4328.09,74.44,21.925491406812807
2184,October,Ground Nuts,3812.36,3408.54,4246.8,-50.0,21.987954967526683
2185,September,Ground Nuts,4080.8,3656.19,4592.04,100.0,22.933003332679863
2186,August,Ground Nuts,3949.23,3501.6,4450.73,8.45,24.033292565892584
2187,July,Ground Nuts,3940.78,3525.47,4401.91,-50.0,22.24026715523323
2188,June,Ground Nuts,4223.29,3750.1,4686.02,77.93,22.160921935268487
2189,May,Ground Nuts,4145.36,3665.69,4572.74,-50.0,21.88109114769284
2190,April,Ground Nuts,4329.54,3822.27,4819.19,100.0,23.02600276241817
2191,March,Ground Nuts,4211.98,3688.74,4690.0,100.0,23.77171781442458
2192,February,Ground Nuts,4105.41,3613.04,4561.44,-50.0,23.101224969004306
2193,January,Ground Nuts,4312.17,3812.47,4791.89,-50.0,22.712926438428923
2194,December,Ground Nuts,4811.19,4268.3,5323.9,100.0,21.94051783446506
2195,November,Ground Nuts,4472.18,3982.93,4957.06,52.94,21.781994463550227
2196,October,Ground Nuts,4419.24,3923.99,4903.33,-50.0,22.160824033091668
2197,September,Ground Nuts,4614.2,4070.22,5153.53,-50.0,23.477742620605955
2198,August,Ground Nuts,4908.15,4390.72,5491.53,100.0,22.428206146918892
2199,July,Ground Nuts,4548.28,4111.67,5060.43,100.0,20.85975357717643
2200,June,Ground Nuts,4019.63,3626.54,4458.4,100.0,20.69493958399155
2201,May,Ground Nuts,3887.36,3525.74,4218.99,-50.0,17.833439660849525
2202,April,Ground Nuts,4935.18,4386.48,5419.39,-50.0,20.9295304325273
2203,March,Ground Nuts,5396.21,4670.03,6011.11,100.0,24.85225741770613
2204,February,Ground Nuts,5272.95,4592.63,5891.71,-50.0,24.636683450440454
2205,January,Ground Nuts,6194.39,5334.15,7061.07,-50.0,27.878774181154238
2206,December,Ground Nuts,6316.08,5424.77,7209.61,100.0,28.258666767995326
2207,November,Ground Nuts,5693.09,4973.01,6399.88,-50.0,25.06319063988098
2208,October,Ground Nuts,5743.68,5036.22,6464.99,100.0,24.875515349044505
2209,September,Ground Nuts,5288.55,4626.22,5984.0,100.0,25.67395599928146
2210,August,Ground Nuts,5056.17,4311.65,5734.25,-50.0,28.135921062780728
2211,July,Ground Nuts,17097.98,14418.17,35766.62,100.0,124.85948632528523
2212,June,Ground Nuts,15044.19,12317.35,23881.47,-50.0,76.86768114468111
2213,May,Ground Nuts,33368.33,27365.18,52661.89,100.0,75.81053651771005
2214,April,Ground Nuts,5815.55,5127.35,6463.76,-50.0,22.97994170800698
2215,March,Ground Nuts,11465.45,9454.8,17795.93,-50.0,72.7501319180669
2216,February,Ground Nuts,34985.93,29483.15,61202.22,-50.0,90.66236055465725
2217,January,Ground Nuts,45412.6,37946.55,76757.63,100.0,85.46324147923706
2218,December,Ground Nuts,33771.93,27551.95,56236.15,-50.0,84.93503332501281
2219,November,Ground Nuts,39811.7,31630.06,70610.46,-50.0,97.91192036511882
2220,October,Ground Nuts,43351.91,34291.31,73230.55,100.0,89.8212789240428
2221,September,Ground Nuts,28183.26,20602.06,35786.6,-50.0,53.87786934513608
2222,August,Ground Nuts,33441.89,22522.07,42327.69,100.0,59.2239852472453
2223,July,Ground Nuts,17624.68,12445.77,22054.97,100.0,54.52127357773304
2224,June,Ground Nuts,11827.9,6821.78,17621.36,100.0,91.30597992881239
2225,May,Ground Nuts,7702.92,5496.9,9945.88,100.0,57.75705836228339
2226,April,Ground Nuts,5495.55,4807.62,6191.4,-50.0,25.180009280235822
2227,March,Ground Nuts,6547.63,5317.33,7776.85,100.0,37.56351534830161
2228,February,Ground Nuts,6013.25,5231.84,6767.62,-50.0,25.539932648734045
2229,January,Ground Nuts,21332.59,15658.33,27037.42,100.0,53.34134298741971
2230,December,Ground Nuts,13111.4,9427.3,16795.94,-50.0,56.20025321475968
2231,November,Ground Nuts,16225.37,11037.33,21420.07,-50.0,63.99077494072554
2232,October,Ground Nuts,18875.76,12758.63,24928.05,100.0,64.4711524198231
2233,September,Ground Nuts,8322.44,6761.96,9944.33,100.0,38.238425269512305
2234,August,Ground Nuts,7209.99,6064.16,8311.6,100.0,31.17119441219753
2235,July,Ground Nuts,6849.31,5814.66,7945.28,100.0,31.10707501923551
2236,June,Ground Nuts,6338.58,5499.57,7255.45,-50.0,27.701472569566054
2237,May,Ground Nuts,6417.7,5565.5,7263.94,100.0,26.464932919893414
2238,April,Ground Nuts,5977.36,5181.18,6735.72,-50.0,26.007133584057172
2239,March,Ground Nuts,6841.18,5937.85,7715.84,-50.0,25.989522275396933
2240,February,Ground Nuts,7039.8,6093.54,7940.57,-50.0,26.23696695928861
2241,January,Ground Nuts,7092.66,6171.11,7939.31,-0.57,24.929998054326596
2242,December,Ground Nuts,7093.23,6183.8,7966.33,100.0,25.130018341432603
2243,November,Ground Nuts,6759.09,5925.25,7662.69,100.0,25.705235468088155
2244,October,Ground Nuts,6393.45,5651.32,7205.54,100.0,24.3095668222947
2245,September,Ground Nuts,5816.11,5094.35,6558.04,100.0,25.166133377807498
2246,August,Ground Nuts,5477.33,4771.12,6160.05,100.0,25.35779293926056
2247,July,Ground Nuts,5114.42,4434.7,5722.64,-50.0,25.182523140453867
2248,June,Ground Nuts,5745.26,4839.09,6592.07,-50.0,30.51176099950219
2249,May,Ground Nuts,5921.77,4943.28,6789.76,-50.0,31.181217777792792
2250,April,Ground Nuts,12571.22,9247.28,15823.36,100.0,52.31059515305595
2251,March,Ground Nuts,4677.61,4096.53,5211.2,100.0,23.829904588026796
2252,February,Ground Nuts,4517.4,3931.07,5133.09,-50.0,26.608668703236376
2253,January,Ground Nuts,7898.11,6225.79,9925.25,100.0,46.83981357565291
2254,December,Ground Nuts,3948.84,3476.01,4520.67,-50.0,26.454857629075878
2255,November,Ground Nuts,7180.92,5371.81,9071.23,100.0,51.51735432228738
2256,October,Ground Nuts,5535.57,4369.64,6766.78,100.0,43.304302899249755
2257,September,Ground Nuts,5285.95,4263.79,6375.6,100.0,39.951380546543206
2258,August,Ground Nuts,3663.18,3264.62,4101.0,100.0,22.832074863916056
2259,July,Ground Nuts,3502.41,3125.38,4044.1,-50.0,26.231080884305374
2260,June,Ground Nuts,3684.68,3268.43,4144.04,-50.0,23.76352899030581
2261,May,Ground Nuts,3811.79,3389.81,4271.09,-50.0,23.119846581264973
2262,April,Ground Nuts,11637.19,9453.29,13885.06,100.0,38.08281896230962
2263,March,Ground Nuts,4119.43,3681.11,4593.28,100.0,22.14311203248992
2264,February,Ground Nuts,4010.99,3633.54,4445.43,-50.0,20.241636104802065
2265,January,Ground Nuts,5501.63,4690.5,6323.93,-50.0,29.68992825762547
2266,December,Ground Nuts,7389.26,6085.28,8719.67,-50.0,35.65160787413084
2267,November,Ground Nuts,13509.03,10246.46,17120.45,100.0,50.884408429028596
2268,October,Ground Nuts,9478.62,7963.4,11078.32,100.0,32.86258970187643
2269,September,Ground Nuts,8316.5,7081.85,9625.91,100.0,30.590512835928568
2270,August,Ground Nuts,5409.96,4829.98,6039.04,100.0,22.348778918882957
2271,July,Ground Nuts,5042.63,4502.2,5588.42,-50.0,21.540743619896766
2272,June,Ground Nuts,5176.22,4593.07,5708.52,-50.0,21.54950910123605
2273,May,Ground Nuts,5401.64,4743.91,6016.0,-50.0,23.550069978747196
2274,April,Ground Nuts,5612.26,4896.74,6266.59,39.78,24.408170683467983
2275,March,Ground Nuts,5572.48,4788.47,6241.4,88.13,26.073310267600775
2276,February,Ground Nuts,5484.35,4679.34,6139.7,-50.0,26.62776810378622
2277,January,Ground Nuts,6806.16,5694.91,7712.02,-50.0,29.636535138756663
2278,December,Ground Nuts,15242.78,12347.08,18608.79,-50.0,41.07984239095494
2279,November,Ground Nuts,24425.85,19708.35,28825.01,100.0,37.32381882309111
2280,October,Ground Nuts,18148.58,14813.62,21067.3,-50.0,34.458233095922644
2281,September,Ground Nuts,18212.24,14937.41,21338.5,100.0,35.1471867271681
2282,August,Ground Nuts,11678.59,9692.26,13526.0,100.0,32.827079296387666
2283,July,Ground Nuts,5203.94,4574.43,5832.76,100.0,24.180332594149817
2284,June,Ground Nuts,5018.88,4431.13,5684.71,100.0,24.977285768936493
2285,May,Ground Nuts,4868.71,4251.64,5495.86,100.0,25.555434601773353
2286,April,Ground Nuts,4497.24,3983.77,5092.42,-50.0,24.651786429009796
2287,March,Ground Nuts,4882.23,4312.34,5561.45,100.0,25.58482496727929
2288,February,Ground Nuts,4601.89,4081.87,5225.19,100.0,24.844574729078698
2289,January,Ground Nuts,4457.62,3944.63,5020.29,100.0,24.130814201300243
2290,December,Ground Nuts,3804.4,3479.43,4139.09,40.78,17.33939648827674
2291,November,Ground Nuts,3763.62,3479.33,4065.85,100.0,15.583932490527735
2292,October,Ground Nuts,3453.66,3157.68,3781.77,100.0,18.0703948854259
2293,September,Ground Nuts,3306.08,3014.92,3618.08,100.0,18.243962638532636
2294,August,Ground Nuts,3016.44,2781.57,3273.98,-50.0,16.324209995889188
2295,July,Ground Nuts,3616.8,3157.27,4101.27,-1.84,26.100420261004214
2296,June,Ground Nuts,3618.64,3152.8,4070.38,100.0,25.357040214003053
2297,May,Ground Nuts,3446.46,2995.28,3897.75,-50.0,26.185419241772713
2298,April,Ground Nuts,3563.39,3082.44,4059.9,-13.08,27.430620841389803
2299,March,Ground Nuts,3576.47,3084.25,4032.1,100.0,26.502389227366645
2300,February,Ground Nuts,3382.42,2926.3,3796.19,-11.81,25.717977069672003
2301,January,Ground Nuts,3394.23,2948.79,3799.03,100.0,25.049569416333018
2302,December,Ground Nuts,3174.07,2797.9,3525.02,14.56,22.908127420000184
2303,November,Ground Nuts,3159.51,2770.65,3520.15,54.54,23.722032846865492
2304,October,Ground Nuts,3104.97,2721.59,3453.73,-50.0,23.579615906111812
2305,September,Ground Nuts,3163.97,2738.21,3567.33,-50.0,26.20505251314014
2306,August,Ground Nuts,3356.72,2901.32,3774.49,100.0,26.01259562906646
2307,July,Ground Nuts,3243.04,2790.3,3644.37,100.0,26.33547535645566
2308,June,Ground Nuts,3138.32,2690.43,3524.29,22.29,26.570266894389356
2309,May,Ground Nuts,3116.03,2669.0,3512.32,-50.0,27.063924288277075
2310,April,Ground Nuts,3566.62,3023.24,4010.96,100.0,27.693446456308784
2311,March,Ground Nuts,3433.51,2914.54,3889.14,-50.0,28.38494718232945
2312,February,Ground Nuts,3489.51,2996.35,3924.01,-50.0,26.58424821823122
2313,January,Ground Nuts,3766.28,3239.0,4225.5,-50.0,26.192954320974543
2314,December,Ground Nuts,3895.12,3372.55,4377.63,-50.0,25.803569594775
2315,November,Ground Nuts,4928.63,4493.02,6220.14,100.0,35.04259804448701
2316,October,Ground Nuts,4197.4,3628.98,4703.97,-50.0,25.610854338399967
2317,September,Ground Nuts,4257.95,3631.11,4798.5,-50.0,27.416714616188543
2318,August,Ground Nuts,4468.11,3837.06,5113.71,100.0,28.572483667590998
2319,July,Ground Nuts,4308.42,3715.78,4853.67,-50.0,26.410842025614954
2320,June,Ground Nuts,4517.1,3871.64,5104.45,58.27,27.292067919682978
2321,May,Ground Nuts,4458.83,3787.64,5060.85,28.01,28.554800250289887
2322,April,Ground Nuts,4430.82,3777.79,5010.12,100.0,27.812684785209058
2323,March,Ground Nuts,3803.09,3278.25,4266.2,-50.0,25.97756035223988
2324,February,Ground Nuts,4110.97,3485.62,4688.23,100.0,29.253679788468407
2325,January,Ground Nuts,3668.53,3171.21,4121.23,-50.0,25.896476245253535
2326,December,Ground Nuts,3996.24,3464.48,4523.86,100.0,26.509418853722494
2327,November,Ground Nuts,3347.17,2983.86,3701.09,-50.0,21.427952568886553
2328,October,Ground Nuts,3460.12,3023.63,3882.27,100.0,24.815324324011883
2329,September,Ground Nuts,3117.85,2769.01,3541.15,58.65,24.7651426463749
2330,August,Ground Nuts,3059.2,2654.89,3408.75,63.67,24.642390167364024
2331,July,Ground Nuts,2995.53,2581.71,3392.74,-50.0,27.074674598485064
2332,June,Ground Nuts,3073.12,2597.09,3547.03,-20.23,30.911256312802628
2333,May,Ground Nuts,3093.35,2564.3,3600.61,-33.62,33.501220359804094
2334,April,Ground Nuts,3126.97,2666.44,3594.63,100.0,29.683367605061772
2335,March,Ground Nuts,2988.44,2561.9,3406.92,-50.0,28.27629130917803
2336,February,Ground Nuts,15745.7,11634.74,19899.66,100.0,52.49001314644634
