Year,Location,Crop,Season,Soil_Type,Irrigation_Type,Area_acre,Season_Rainfall_mm,Seed_Cost,Fertilizer_Cost,Pesticide_Cost,Labour_Cost,Machinery_Cost,Irrigation_Cost,Other_Cost,Total_Cost_per_acre,Yield_q_per_acre,Bhopal_Mandi_Price_Rs_q,MSP_Rs_q,Revenue_per_acre,Profit_per_acre,Profit_Rate_Pct
2019,Bhopal,Barley,Rabi,Deep Black,Rainfed,9.7,48.0,1669,3855,964,4173,2154,0,767,13583,10.05,1850,1440,18591,5008,36.87
2019,Bhopal,Barley,Rabi,Medium Black,Drip,6.5,20.0,1985,3332,725,3801,2225,1502,978,14548,11.55,1994,1440,23026,8478,58.28
2019,Bhopal,Barley,Rabi,Deep Black,Canal,10.3,36.0,1565,4236,1057,3746,2547,838,646,14635,11.86,1989,1440,23600,8965,61.25
2019,Bhopal,Barley,Rabi,Red-Yellow,Rainfed,2.7,21.0,1878,3980,1569,4354,2310,0,540,14631,9.54,2040,1440,19469,4838,33.07
2019,Bhopal,Barley,Rabi,Medium Black,Tubewell,11.6,77.0,1977,4063,1331,4890,1854,1129,632,15876,11.38,2072,1440,23588,7712,48.58
2019,Bhopal,Barley,Rabi,Alluvial,Rainfed,3.1,76.0,2035,4546,814,5177,2664,0,971,16207,9.43,1958,1440,18469,2262,13.96
2019,Bhopal,Barley,Rabi,Medium Black,Tubewell,7.0,69.0,2014,4563,1261,4380,2119,924,529,15791,11.92,2049,1440,24436,8645,54.75
2019,Bhopal,Barley,Rabi,Deep Black,Rainfed,4.8,75.0,1391,3693,805,5384,2371,0,728,14372,9.45,2206,1440,20841,6468,45.0
2019,Bhopal,Barley,Rabi,Medium Black,Rainfed,2.5,72.0,2141,3942,1607,3997,2652,0,513,14852,9.48,1879,1440,17814,2962,19.94
2019,Bhopal,Barley,Rabi,Alluvial,Rainfed,4.8,65.0,2169,4128,1203,4974,1931,0,611,15017,7.52,2067,1440,15553,536,3.57
2019,Bhopal,Barley,Rabi,Red-Yellow,Tubewell,5.7,79.0,2331,3522,1133,5407,2226,1212,967,16797,10.11,2092,1440,21152,4354,25.92
2019,Bhopal,Barley,Rabi,Medium Black,Tubewell,4.7,44.0,1799,3177,1210,5357,1956,1502,855,15855,10.31,1984,1440,20447,4592,28.96
2019,Bhopal,Barley,Rabi,Medium Black,Canal,11.6,40.0,2294,3422,1537,3931,2316,1169,813,15482,10.89,1920,1440,20916,5434,35.1
2019,Bhopal,Barley,Rabi,Deep Black,Tubewell,10.7,62.0,1423,3373,1100,5039,2532,1425,568,15458,10.52,2012,1440,21168,5710,36.94
2019,Bhopal,Barley,Rabi,Medium Black,Drip,8.5,76.0,1381,3111,938,4163,1891,1636,530,13650,9.83,2077,1440,20417,6767,49.58
2019,Bhopal,Barley,Rabi,Medium Black,Tubewell,10.4,80.0,2188,3975,1351,4778,1895,1266,530,15984,12.56,2169,1440,27240,11257,70.43
2019,Bhopal,Barley,Rabi,Deep Black,Tubewell,3.2,80.0,1999,3252,1493,4273,2580,1493,576,15666,10.71,1987,1440,21284,5617,35.86
2019,Bhopal,Barley,Rabi,Medium Black,Tubewell,2.8,36.0,2034,3224,1325,5141,2520,1014,878,16135,9.99,2002,1440,19998,3863,23.94
2019,Bhopal,Barley,Rabi,Deep Black,Rainfed,2.5,111.0,2324,4018,1067,4170,2166,0,845,14589,10.2,1975,1440,20145,5555,38.08
2019,Bhopal,Barley,Rabi,Medium Black,Rainfed,7.4,59.0,1910,3692,899,4161,2036,0,743,13442,10.54,1988,1440,20942,7500,55.79
2019,Bhopal,Barley,Rabi,Medium Black,Canal,3.1,64.0,1496,3283,813,3878,2625,955,666,13716,11.57,1915,1440,22161,8446,61.58
2019,Bhopal,Barley,Rabi,Red-Yellow,Rainfed,6.7,60.0,1459,4268,1422,5060,2542,0,854,15605,7.12,2008,1440,14296,-1309,-8.39
2019,Bhopal,Barley,Rabi,Red-Yellow,Canal,11.3,53.0,2123,3971,1595,3954,1888,1496,839,15865,9.45,2139,1440,20205,4340,27.36
2019,Bhopal,Barley,Rabi,Red-Yellow,Rainfed,1.4,63.0,1548,4150,1455,5028,2436,0,737,15354,9.52,1926,1440,18324,2970,19.35
2019,Bhopal,Barley,Rabi,Deep Black,Tubewell,2.6,62.0,2096,3992,1069,5152,2638,1075,580,16602,11.69,1825,1440,21329,4727,28.47
2020,Bhopal,Barley,Rabi,Medium Black,Drip,9.5,74.0,1523,4882,886,4859,2220,1935,625,16931,13.25,2352,1483,31169,14238,84.1
2020,Bhopal,Barley,Rabi,Medium Black,Tubewell,5.3,68.0,1729,3701,1457,4649,1811,1746,992,16085,11.88,2345,1483,27865,11780,73.24
2020,Bhopal,Barley,Rabi,Deep Black,Canal,4.1,44.0,1530,4033,886,5359,2260,893,877,15838,11.27,2159,1483,24331,8493,53.62
2020,Bhopal,Barley,Rabi,Medium Black,Tubewell,11.7,65.0,2232,3845,1618,4166,1894,819,1040,15614,9.15,1986,1483,18180,2566,16.43
2020,Bhopal,Barley,Rabi,Red-Yellow,Tubewell,10.1,20.0,1443,4754,1032,4903,1821,949,770,15671,11.92,2118,1483,25240,9569,61.06
2020,Bhopal,Barley,Rabi,Alluvial,Rainfed,4.6,88.0,2174,4345,1017,4146,2546,0,612,14840,9.28,1998,1483,18547,3707,24.98
2020,Bhopal,Barley,Rabi,Medium Black,Canal,5.8,65.0,2415,3312,1305,5259,2047,1543,895,16776,11.18,2007,1483,22440,5664,33.76
2020,Bhopal,Barley,Rabi,Medium Black,Rainfed,11.5,20.0,2104,3739,920,4818,2559,0,560,14700,11.6,2118,1483,24574,9875,67.17
2020,Bhopal,Barley,Rabi,Medium Black,Tubewell,7.1,20.0,2169,4068,789,4838,2337,1680,546,16427,11.0,2131,1483,23442,7015,42.7
2020,Bhopal,Barley,Rabi,Red-Yellow,Tubewell,7.8,34.0,2324,3494,908,4648,2539,1444,816,16173,12.05,2081,1483,25069,8896,55.0
2020,Bhopal,Barley,Rabi,Red-Yellow,Rainfed,4.7,54.0,1987,3863,1117,5155,2151,0,770,15043,9.24,2142,1483,19785,4742,31.52
2020,Bhopal,Barley,Rabi,Deep Black,Tubewell,8.5,20.0,1871,4527,1449,3912,2161,1604,830,16354,10.55,2057,1483,21707,5353,32.73
2020,Bhopal,Barley,Rabi,Medium Black,Tubewell,10.8,42.0,1709,3664,1153,5602,2121,1170,721,16140,13.32,2102,1483,28005,11866,73.52
2020,Bhopal,Barley,Rabi,Medium Black,Canal,10.1,61.0,2121,4017,777,5370,2080,1220,629,16214,12.35,2224,1483,27468,11255,69.42
2020,Bhopal,Barley,Rabi,Medium Black,Rainfed,10.0,95.0,1974,3806,912,4406,2493,0,930,14522,7.9,2032,1483,16047,1525,10.5
2020,Bhopal,Barley,Rabi,Medium Black,Canal,11.6,38.0,2077,3583,1096,4968,2022,1201,801,15748,11.13,2274,1483,25302,9555,60.67
2020,Bhopal,Barley,Rabi,Deep Black,Tubewell,11.2,58.0,1845,3270,1511,5095,1956,844,694,15216,10.72,2059,1483,22063,6847,45.0
2020,Bhopal,Barley,Rabi,Medium Black,Tubewell,2.5,66.0,1762,4466,970,4618,2265,849,757,15688,11.91,2153,1483,25634,9946,63.4
2020,Bhopal,Barley,Rabi,Deep Black,Canal,3.0,36.0,1594,3197,874,4683,1767,1182,611,13907,10.7,2089,1483,22360,8453,60.79
2020,Bhopal,Barley,Rabi,Alluvial,Tubewell,3.4,66.0,1570,4582,1671,5417,2453,752,874,17319,10.08,2194,1483,22111,4792,27.67
2020,Bhopal,Barley,Rabi,Alluvial,Rainfed,7.3,21.0,1435,3704,1573,5455,2791,0,847,15804,8.65,2272,1483,19652,3848,24.35
2020,Bhopal,Barley,Rabi,Medium Black,Tubewell,2.5,100.0,1420,4050,1461,5067,2193,1595,922,16709,12.66,2054,1483,26006,9297,55.64
2020,Bhopal,Barley,Rabi,Red-Yellow,Tubewell,2.6,87.0,1693,4777,1644,5044,2648,1124,527,17457,12.37,1955,1483,24187,6730,38.55
2020,Bhopal,Barley,Rabi,Deep Black,Rainfed,1.4,20.0,2388,3620,983,5082,1887,0,953,14913,6.65,2123,1483,14113,-800,-5.36
2020,Bhopal,Barley,Rabi,Deep Black,Rainfed,9.3,88.0,2204,3632,1339,4400,2412,0,764,14751,10.99,2119,1483,23289,8537,57.88
2021,Bhopal,Barley,Rabi,Medium Black,Tubewell,10.5,97.0,1878,4545,756,5753,2598,951,945,17426,12.14,2216,1541,26893,9467,54.33
2021,Bhopal,Barley,Rabi,Deep Black,Canal,4.0,72.0,1695,3414,1023,4316,1888,1236,663,14235,10.16,2369,1541,24074,9838,69.11
2021,Bhopal,Barley,Rabi,Medium Black,Tubewell,6.7,51.0,2421,3501,1245,5465,1892,1377,1018,16919,13.2,2299,1541,30339,13420,79.32
2021,Bhopal,Barley,Rabi,Medium Black,Rainfed,2.7,36.0,2342,3756,1240,4826,2876,0,720,15761,8.48,2275,1541,19301,3541,22.46
2021,Bhopal,Barley,Rabi,Medium Black,Tubewell,7.4,72.0,2161,4328,1081,5041,2640,1371,984,17606,11.34,2372,1541,26897,9292,52.78
2021,Bhopal,Barley,Rabi,Medium Black,Canal,7.2,123.0,1603,4760,1322,5336,2259,1022,749,17052,12.46,2368,1541,29520,12468,73.12
2021,Bhopal,Barley,Rabi,Alluvial,Rainfed,6.2,74.0,1728,3458,917,5546,2812,0,570,15032,9.61,2252,1541,21635,6603,43.93
2021,Bhopal,Barley,Rabi,Medium Black,Canal,9.9,52.0,2027,4160,1541,4798,1973,1114,1082,16695,11.51,2085,1541,23997,7303,43.74
2021,Bhopal,Barley,Rabi,Medium Black,Rainfed,1.6,62.0,1632,4859,1225,5206,2373,0,636,15931,9.72,2230,1541,21667,5736,36.01
2021,Bhopal,Barley,Rabi,Red-Yellow,Canal,5.5,106.0,2096,3923,1034,4063,2180,1552,685,15533,10.99,2302,1541,25291,9758,62.82
2021,Bhopal,Barley,Rabi,Alluvial,Drip,2.4,51.0,1731,4613,880,4798,2477,2273,625,17398,13.51,2322,1541,31375,13977,80.34
2021,Bhopal,Barley,Rabi,Deep Black,Rainfed,1.7,62.0,1568,4922,829,4605,2843,0,564,15330,10.42,2451,1541,25534,10204,66.57
2021,Bhopal,Barley,Rabi,Medium Black,Tubewell,3.9,43.0,2196,4615,1816,4287,2706,1176,973,17769,12.15,2473,1541,30059,12289,69.16
2021,Bhopal,Barley,Rabi,Medium Black,Drip,2.5,37.0,2481,3952,1171,4683,2645,1614,790,17337,11.77,2332,1541,27456,10119,58.36
2021,Bhopal,Barley,Rabi,Deep Black,Rainfed,4.6,91.0,2331,4496,979,4427,2122,0,712,15067,9.8,2136,1541,20932,5865,38.93
2021,Bhopal,Barley,Rabi,Deep Black,Canal,7.7,20.0,2281,4542,1051,5159,1856,1169,861,16919,11.69,2404,1541,28107,11188,66.13
2021,Bhopal,Barley,Rabi,Medium Black,Canal,11.5,39.0,2514,3420,948,4463,2038,1810,702,15894,8.64,2126,1541,18363,2469,15.53
2021,Bhopal,Barley,Rabi,Medium Black,Tubewell,1.8,20.0,1822,4552,1085,4010,1857,1328,587,15241,10.37,2200,1541,22813,7572,49.68
2021,Bhopal,Barley,Rabi,Medium Black,Drip,1.3,48.0,2228,3647,738,4447,2868,2220,893,17041,12.05,2430,1541,29279,12238,71.82
2021,Bhopal,Barley,Rabi,Deep Black,Canal,7.0,60.0,1565,4426,898,5644,2185,1091,593,16402,12.56,2321,1541,29156,12754,77.76
2021,Bhopal,Barley,Rabi,Red-Yellow,Canal,8.6,57.0,2494,4336,1619,5167,2385,744,1032,17778,10.28,2289,1541,23528,5750,32.34
2021,Bhopal,Barley,Rabi,Medium Black,Rainfed,6.6,77.0,1494,3596,1657,5780,2085,0,1018,15631,8.88,2376,1541,21104,5473,35.01
2021,Bhopal,Barley,Rabi,Alluvial,Tubewell,1.5,27.0,2004,4570,1676,5633,2165,1034,1058,18139,11.8,2347,1541,27696,9557,52.69
2021,Bhopal,Barley,Rabi,Deep Black,Tubewell,7.9,77.0,2005,4204,1203,5732,2854,864,628,17491,11.3,2428,1541,27426,9934,56.79
2021,Bhopal,Barley,Rabi,Medium Black,Tubewell,8.3,32.0,1471,4762,1490,4355,2333,1792,840,17042,12.36,2373,1541,29336,12293,72.13
2022,Bhopal,Barley,Rabi,Medium Black,Canal,10.5,48.0,2117,4191,1109,5488,2120,1813,1130,17969,12.71,2316,1627,29446,11477,63.87
2022,Bhopal,Barley,Rabi,Medium Black,Rainfed,4.9,52.0,1922,4841,1463,6005,1984,0,1042,17256,10.36,2242,1627,23224,5968,34.59
2022,Bhopal,Barley,Rabi,Red-Yellow,Canal,10.6,86.0,2308,3645,1877,6110,2946,1698,679,19264,9.96,2147,1627,21390,2126,11.03
2022,Bhopal,Barley,Rabi,Medium Black,Tubewell,3.9,56.0,2136,3843,1103,4468,2069,1692,1108,16418,10.73,2223,1627,23840,7422,45.21
2022,Bhopal,Barley,Rabi,Medium Black,Canal,8.9,86.0,2032,4269,1005,5503,2255,1228,843,17135,11.82,2450,1627,28969,11834,69.06
2022,Bhopal,Barley,Rabi,Medium Black,Rainfed,11.5,71.0,2548,4428,1544,4407,2079,0,1147,16153,9.79,2168,1627,21219,5066,31.36
2022,Bhopal,Barley,Rabi,Deep Black,Canal,7.0,24.0,2081,3624,1451,4838,2046,1703,1040,16783,9.44,2284,1627,21564,4781,28.49
2022,Bhopal,Barley,Rabi,Medium Black,Tubewell,5.7,104.0,2126,4207,900,5309,2804,1611,724,17682,13.34,2027,1627,27034,9353,52.89
2022,Bhopal,Barley,Rabi,Deep Black,Rainfed,4.5,40.0,2365,4687,1364,5904,2461,0,844,17624,8.73,2204,1627,19254,1630,9.25
2022,Bhopal,Barley,Rabi,Medium Black,Tubewell,5.0,82.0,1571,5279,1915,5388,2006,1341,605,18105,11.27,2304,1627,25958,7852,43.37
2022,Bhopal,Barley,Rabi,Red-Yellow,Tubewell,4.2,82.0,1916,5257,1425,4238,2350,1876,645,17706,10.68,2220,1627,23709,6003,33.9
2022,Bhopal,Barley,Rabi,Medium Black,Canal,10.4,55.0,1674,3617,1633,5089,2091,1360,747,16211,10.24,2339,1627,23947,7736,47.72
2022,Bhopal,Barley,Rabi,Medium Black,Tubewell,8.9,118.0,2424,4341,881,5904,2592,1792,1030,18964,10.83,2226,1627,24108,5144,27.13
2022,Bhopal,Barley,Rabi,Deep Black,Canal,9.4,49.0,2260,4594,1842,4251,2144,1186,1048,17324,12.03,2257,1627,27138,9814,56.65
2022,Bhopal,Barley,Rabi,Medium Black,Canal,4.7,33.0,2551,4346,1458,4329,2428,1212,912,17235,12.76,2162,1627,27589,10354,60.07
2022,Bhopal,Barley,Rabi,Deep Black,Tubewell,10.3,59.0,2080,4814,1707,5158,3032,1094,650,18535,11.15,2369,1627,26412,7877,42.5
2022,Bhopal,Barley,Rabi,Deep Black,Tubewell,5.5,69.0,1613,4968,1881,5911,2270,916,1087,18645,14.61,2154,1627,31483,12838,68.85
2022,Bhopal,Barley,Rabi,Medium Black,Drip,7.1,86.0,2087,3767,1335,6127,2021,1764,1103,18205,11.17,2254,1627,25173,6968,38.28
2022,Bhopal,Barley,Rabi,Alluvial,Drip,5.3,20.0,1633,3855,1589,4789,2959,2338,1116,18279,11.6,2249,1627,26091,7812,42.74
2022,Bhopal,Barley,Rabi,Medium Black,Rainfed,9.0,39.0,2594,4807,1884,5602,2916,0,1061,18864,10.76,2378,1627,25589,6726,35.65
2022,Bhopal,Barley,Rabi,Medium Black,Tubewell,11.1,81.0,2138,4533,1861,4772,3073,1820,786,18983,10.54,2248,1627,23698,4715,24.84
2022,Bhopal,Barley,Rabi,Deep Black,Canal,8.2,55.0,2311,4607,1613,4308,2027,1345,605,16816,11.58,2082,1627,24111,7294,43.38
2022,Bhopal,Barley,Rabi,Deep Black,Canal,11.3,93.0,1679,5182,1383,4322,3004,966,813,17348,12.31,2322,1627,28579,11231,64.74
2022,Bhopal,Barley,Rabi,Medium Black,Tubewell,8.6,94.0,2658,4817,788,5714,2124,1299,877,18277,10.66,2412,1627,25724,7447,40.75
2022,Bhopal,Barley,Rabi,Red-Yellow,Rainfed,10.2,87.0,1958,4251,1337,4766,2200,0,662,15175,10.45,2195,1627,22949,7774,51.23
2023,Bhopal,Barley,Rabi,Red-Yellow,Tubewell,8.0,66.0,2292,4368,1348,5766,3188,977,1193,19132,10.6,2337,1714,24777,5645,29.51
2023,Bhopal,Barley,Rabi,Medium Black,Tubewell,8.2,95.0,2236,4176,1636,4857,2097,1769,1098,17870,10.59,2358,1714,24969,7100,39.73
2023,Bhopal,Barley,Rabi,Deep Black,Rainfed,7.0,87.0,2161,4890,1082,5919,2586,0,1059,17698,8.74,2441,1714,21327,3629,20.51
2023,Bhopal,Barley,Rabi,Deep Black,Drip,8.0,57.0,2555,3757,1126,5861,2484,1560,903,18247,11.74,2195,1714,25771,7524,41.23
2023,Bhopal,Barley,Rabi,Red-Yellow,Tubewell,8.2,79.0,2356,4340,1367,5589,2044,1415,740,17851,11.55,2478,1714,28618,10767,60.31
2023,Bhopal,Barley,Rabi,Alluvial,Tubewell,8.8,96.0,1773,4896,1891,4698,2462,1410,678,17809,13.12,2361,1714,30978,13169,73.95
2023,Bhopal,Barley,Rabi,Deep Black,Tubewell,11.9,55.0,2322,3925,1334,5034,3020,1715,688,18039,10.24,2149,1714,21999,3960,21.95
2023,Bhopal,Barley,Rabi,Deep Black,Rainfed,1.2,26.0,2401,5140,1078,5200,2780,0,1169,17767,10.55,2274,1714,23990,6223,35.03
2023,Bhopal,Barley,Rabi,Medium Black,Tubewell,6.1,31.0,2419,4114,1626,5390,2252,1298,1059,18159,10.43,2370,1714,24734,6576,36.21
2023,Bhopal,Barley,Rabi,Medium Black,Rainfed,10.1,70.0,2638,5554,1595,4829,3022,0,1049,18686,12.43,2169,1714,26971,8285,44.34
2023,Bhopal,Barley,Rabi,Alluvial,Rainfed,8.5,64.0,2015,4325,998,5445,2471,0,863,16116,10.94,2194,1714,24010,7894,48.98
2023,Bhopal,Barley,Rabi,Deep Black,Canal,4.9,59.0,2095,3829,1963,4624,2943,1860,916,18229,10.83,2521,1714,27310,9081,49.81
2023,Bhopal,Barley,Rabi,Medium Black,Canal,5.7,41.0,2818,4259,1216,4914,3164,977,1193,18541,10.4,2325,1714,24185,5644,30.44
2023,Bhopal,Barley,Rabi,Alluvial,Canal,1.4,96.0,2113,4348,1930,5535,3225,1684,696,19531,12.21,2332,1714,28485,8953,45.84
2023,Bhopal,Barley,Rabi,Deep Black,Tubewell,6.0,50.0,2410,3847,1369,4474,2891,1121,1081,17193,9.41,2205,1714,20751,3558,20.69
2023,Bhopal,Barley,Rabi,Medium Black,Drip,8.7,81.0,2219,3781,1094,4658,2260,1443,1189,16644,13.27,2180,1714,28942,12297,73.88
2023,Bhopal,Barley,Rabi,Medium Black,Tubewell,2.2,23.0,2130,4235,1745,4604,2359,1391,1017,17481,11.52,2079,1714,23954,6474,37.03
2023,Bhopal,Barley,Rabi,Deep Black,Tubewell,4.9,73.0,2824,5170,1638,4517,2384,1784,1168,19486,11.13,2195,1714,24416,4930,25.3
2023,Bhopal,Barley,Rabi,Deep Black,Rainfed,9.8,126.0,1622,4027,976,6173,2781,0,1208,16787,8.27,2184,1714,18060,1274,7.59
2023,Bhopal,Barley,Rabi,Medium Black,Canal,3.6,50.0,2453,4931,1357,4831,3195,1375,1042,19186,11.38,2381,1714,27096,7910,41.23
2023,Bhopal,Barley,Rabi,Deep Black,Canal,3.9,102.0,2009,4481,1249,6103,2049,935,1097,17923,10.67,2282,1714,24356,6434,35.9
2023,Bhopal,Barley,Rabi,Red-Yellow,Canal,6.4,111.0,2009,5308,839,6246,2386,1607,1128,19523,12.79,2642,1714,33791,14268,73.09
2023,Bhopal,Barley,Rabi,Alluvial,Tubewell,11.4,57.0,2026,4614,1740,6133,2194,1009,840,18556,10.95,2482,1714,27179,8622,46.47
2023,Bhopal,Barley,Rabi,Medium Black,Rainfed,9.0,77.0,2071,4188,812,6136,2358,0,655,16220,8.13,2174,1714,17672,1452,8.95
2023,Bhopal,Barley,Rabi,Medium Black,Canal,5.2,68.0,2382,5371,1488,4901,3085,1733,918,19877,11.21,2527,1714,28333,8456,42.54
2024,Bhopal,Barley,Rabi,Deep Black,Tubewell,6.0,79.0,2190,4435,1274,5476,2914,1484,763,18536,10.67,2367,1800,25258,6721,36.26
2024,Bhopal,Barley,Rabi,Medium Black,Rainfed,5.4,115.0,2553,5549,1769,5009,3017,0,800,18696,9.57,2087,1800,19975,1278,6.84
2024,Bhopal,Barley,Rabi,Deep Black,Rainfed,2.9,20.0,1864,5473,1667,6456,2171,0,761,18393,9.48,2478,1800,23485,5092,27.69
2024,Bhopal,Barley,Rabi,Medium Black,Tubewell,4.0,50.0,2575,4954,1164,6178,3062,1771,681,20384,10.53,2222,1800,23391,3007,14.75
2024,Bhopal,Barley,Rabi,Medium Black,Tubewell,11.7,70.0,2038,4352,1314,6334,2683,899,926,18546,10.12,2354,1800,23834,5289,28.52
2024,Bhopal,Barley,Rabi,Deep Black,Tubewell,9.4,88.0,2849,3938,2043,5071,2658,1326,744,18630,10.32,2257,1800,23286,4657,25.0
2024,Bhopal,Barley,Rabi,Medium Black,Canal,3.5,111.0,2596,4919,1343,5630,3197,880,809,19373,11.24,2072,1800,23288,3916,20.21
2024,Bhopal,Barley,Rabi,Medium Black,Tubewell,3.8,54.0,2771,4151,1100,6172,2331,1974,766,19265,10.41,2225,1800,23157,3892,20.2
2024,Bhopal,Barley,Rabi,Medium Black,Tubewell,3.9,98.0,2696,4844,1440,5731,2746,1430,896,19783,11.1,2262,1800,25114,5331,26.94
2024,Bhopal,Barley,Rabi,Medium Black,Rainfed,10.4,25.0,2371,4262,1248,5185,2601,0,958,16625,9.65,2388,1800,23041,6416,38.59
2024,Bhopal,Barley,Rabi,Medium Black,Tubewell,7.6,71.0,2914,4333,938,5111,2969,1602,815,18680,12.33,2338,1800,28833,10153,54.35
2024,Bhopal,Barley,Rabi,Alluvial,Rainfed,1.7,96.0,2829,4662,2055,6596,3180,0,786,20109,9.92,2363,1800,23449,3341,16.61
2024,Bhopal,Barley,Rabi,Red-Yellow,Canal,4.6,76.0,1717,4257,1486,4837,3272,1727,873,18170,11.88,2295,1800,27258,9088,50.02
2024,Bhopal,Barley,Rabi,Alluvial,Drip,4.4,116.0,2848,4573,2052,5413,2235,2543,1061,20726,9.83,2458,1800,24155,3429,16.54
2024,Bhopal,Barley,Rabi,Alluvial,Tubewell,2.1,38.0,2137,3917,2112,5139,2709,2089,642,18744,10.18,2415,1800,24593,5848,31.2
2024,Bhopal,Barley,Rabi,Red-Yellow,Rainfed,10.9,69.0,2408,5084,1734,5327,2615,0,791,17959,9.16,2234,1800,20471,2512,13.99
2024,Bhopal,Barley,Rabi,Deep Black,Tubewell,2.3,78.0,2058,4867,1296,6726,2560,1588,1240,20335,12.56,2198,1800,27605,7270,35.75
2024,Bhopal,Barley,Rabi,Red-Yellow,Rainfed,8.9,52.0,2606,5897,2096,5267,2790,0,774,19430,10.63,2185,1800,23219,3789,19.5
2024,Bhopal,Barley,Rabi,Red-Yellow,Canal,9.9,22.0,2073,4350,1911,6575,3064,1274,933,20180,10.34,2452,1800,25362,5182,25.68
2024,Bhopal,Barley,Rabi,Medium Black,Tubewell,11.6,68.0,2656,4642,1666,5379,2803,1623,980,19748,10.01,2453,1800,24560,4811,24.36
2024,Bhopal,Barley,Rabi,Medium Black,Drip,11.0,64.0,2746,4092,1402,6191,3180,1997,669,20277,11.91,2180,1800,25949,5673,27.98
2024,Bhopal,Barley,Rabi,Deep Black,Rainfed,5.7,26.0,2223,4579,1276,4687,2420,0,849,16035,10.73,2288,1800,24538,8503,53.03
2024,Bhopal,Barley,Rabi,Alluvial,Canal,2.0,88.0,2299,5426,1611,5573,2835,1994,808,20546,12.07,2437,1800,29419,8873,43.19
2024,Bhopal,Barley,Rabi,Medium Black,Tubewell,7.6,21.0,2740,5441,1654,6622,2238,1523,1111,21329,10.97,2285,1800,25068,3739,17.53
2024,Bhopal,Barley,Rabi,Red-Yellow,Tubewell,6.1,35.0,2755,5748,1790,6638,2209,1831,933,21904,11.95,2292,1800,27391,5486,25.05
2019,Bhopal,Cotton,Kharif,Deep Black,Canal,3.8,1098.0,3656,10076,3397,9289,4491,2783,1885,35577,7.2,6415,5255,46187,10610,29.82
2019,Bhopal,Cotton,Kharif,Medium Black,Tubewell,6.5,1075.0,5086,9789,2613,11841,4091,1899,2011,37330,6.68,7088,5255,47381,10051,26.92
2019,Bhopal,Cotton,Kharif,Medium Black,Rainfed,2.9,1153.0,3632,7392,3345,11826,5784,0,1712,33692,7.07,6158,5255,43544,9853,29.24
2019,Bhopal,Cotton,Kharif,Red-Yellow,Canal,5.9,1026.0,3186,8286,2592,11005,5285,3744,2150,36248,6.61,6330,5255,41819,5571,15.37
2019,Bhopal,Cotton,Kharif,Alluvial,Canal,3.8,1106.0,4405,10563,2675,11352,4512,3415,1161,38084,6.59,6667,5255,43964,5880,15.44
2019,Bhopal,Cotton,Kharif,Alluvial,Canal,6.4,1056.0,4643,9023,3284,9816,4302,3463,1279,35811,6.37,6941,5255,44242,8431,23.54
2019,Bhopal,Cotton,Kharif,Medium Black,Rainfed,9.8,1114.0,4621,8821,2948,9638,4011,0,1369,31408,5.59,6419,5255,35898,4489,14.29
2019,Bhopal,Cotton,Kharif,Medium Black,Drip,1.8,1074.0,4396,10359,2768,11469,5226,3975,1320,39513,8.97,6884,5255,61723,22210,56.21
2019,Bhopal,Cotton,Kharif,Medium Black,Tubewell,9.7,1048.0,3319,9748,1552,12149,4514,2682,1379,35343,6.41,6324,5255,40567,5224,14.78
2019,Bhopal,Cotton,Kharif,Medium Black,Rainfed,8.3,1208.0,3861,8965,2053,9055,4537,0,2111,30582,6.24,6673,5255,41624,11042,36.1
2019,Bhopal,Cotton,Kharif,Deep Black,Canal,9.4,1152.0,3755,9398,3484,9159,4773,1782,1876,34227,8.21,6246,5255,51261,17034,49.77
2019,Bhopal,Cotton,Kharif,Deep Black,Rainfed,8.2,1152.0,3491,9145,3113,8801,4415,0,1651,30615,4.7,6703,5255,31495,880,2.87
2019,Bhopal,Cotton,Kharif,Deep Black,Tubewell,10.1,1076.0,4229,7629,2843,11908,3893,3592,2269,36363,7.81,6719,5255,52469,16106,44.29
2019,Bhopal,Cotton,Kharif,Deep Black,Canal,2.4,1127.0,3284,10172,2614,8446,5727,3295,1192,34731,8.43,6229,5255,52499,17769,51.16
2019,Bhopal,Cotton,Kharif,Deep Black,Rainfed,10.2,1064.0,5265,8755,2969,10268,3950,0,1278,32485,5.04,7045,5255,35539,3053,9.4
2019,Bhopal,Cotton,Kharif,Deep Black,Tubewell,10.4,1107.0,3793,9633,2652,10145,5309,2013,1169,34714,8.63,6259,5255,54036,19322,55.66
2019,Bhopal,Cotton,Kharif,Medium Black,Rainfed,6.3,1088.0,4101,7231,3488,10295,5241,0,1567,31921,5.45,6438,5255,35102,3181,9.96
2019,Bhopal,Cotton,Kharif,Red-Yellow,Canal,4.7,1143.0,4353,8048,2112,11223,4655,2611,2197,35200,7.84,5996,5255,47012,11812,33.56
2019,Bhopal,Cotton,Kharif,Deep Black,Tubewell,3.7,1208.0,4543,10244,3416,10427,5471,1804,2267,38173,7.21,6518,5255,47019,8846,23.17
2019,Bhopal,Cotton,Kharif,Red-Yellow,Rainfed,7.9,1023.0,3829,10490,3789,11220,4907,0,1553,35788,7.51,6275,5255,47098,11310,31.6
2019,Bhopal,Cotton,Kharif,Deep Black,Drip,6.9,1070.0,3717,10403,3663,11852,4153,4527,1942,40257,6.86,6216,5255,42662,2405,5.97
2019,Bhopal,Cotton,Kharif,Medium Black,Tubewell,2.1,1181.0,3406,10264,3281,9407,4219,1970,1794,34340,7.98,7020,5255,56015,21675,63.12
2019,Bhopal,Cotton,Kharif,Medium Black,Rainfed,9.4,995.0,4414,8674,1633,9477,5867,0,2274,32339,6.46,6530,5255,42213,9874,30.53
2019,Bhopal,Cotton,Kharif,Medium Black,Canal,8.7,1096.0,5040,10347,2413,8601,5853,3769,1723,37746,8.65,6644,5255,57449,19703,52.2
2019,Bhopal,Cotton,Kharif,Deep Black,Tubewell,3.4,1045.0,3154,7968,2102,11982,3818,3179,2039,34242,6.44,6182,5255,39819,5578,16.29
2020,Bhopal,Cotton,Kharif,Alluvial,Rainfed,4.2,1144.0,5166,10843,2910,11282,4559,0,2282,37042,6.18,5901,5413,36485,-557,-1.5
2020,Bhopal,Cotton,Kharif,Deep Black,Canal,10.4,1153.0,3577,7478,3360,8869,4813,2016,2173,32285,5.45,6412,5413,34966,2681,8.3
2020,Bhopal,Cotton,Kharif,Medium Black,Rainfed,7.7,1259.0,4692,7137,3315,11539,5591,0,1259,33533,5.54,5932,5413,32836,-697,-2.08
2020,Bhopal,Cotton,Kharif,Alluvial,Canal,3.6,1154.0,4889,7399,2366,11771,4138,2726,1291,34580,7.05,5757,5413,40612,6032,17.44
2020,Bhopal,Cotton,Kharif,Deep Black,Rainfed,5.7,1108.0,4024,10393,3779,9774,6226,0,1248,35442,6.92,5859,5413,40560,5118,14.44
2020,Bhopal,Cotton,Kharif,Red-Yellow,Canal,8.7,1083.0,4868,7452,2085,10561,4685,2120,2272,34045,6.57,6055,5413,39804,5759,16.92
2020,Bhopal,Cotton,Kharif,Alluvial,Canal,2.9,1049.0,3530,8874,1614,12210,5385,2539,1334,35487,6.7,5772,5413,38654,3167,8.93
2020,Bhopal,Cotton,Kharif,Deep Black,Drip,4.8,1244.0,4380,10281,2271,11162,4269,3918,1252,37533,8.24,5623,5413,46328,8795,23.43
2020,Bhopal,Cotton,Kharif,Medium Black,Rainfed,3.8,1223.0,5120,9456,3113,12240,6020,0,1225,37173,6.48,6023,5413,39044,1870,5.03
2020,Bhopal,Cotton,Kharif,Alluvial,Rainfed,4.0,1037.0,4917,7757,2090,9622,6186,0,2070,32641,5.35,5917,5413,31669,-972,-2.98
2020,Bhopal,Cotton,Kharif,Deep Black,Rainfed,10.8,1047.0,4014,9812,3256,9767,4220,0,1197,32266,6.21,6218,5413,38605,6339,19.65
2020,Bhopal,Cotton,Kharif,Medium Black,Rainfed,8.2,1076.0,5243,8432,3882,10345,5736,0,2270,35908,7.15,6088,5413,43544,7636,21.27
2020,Bhopal,Cotton,Kharif,Medium Black,Tubewell,6.2,1137.0,3176,8135,3366,11335,5888,1926,1453,35278,7.56,6315,5413,47771,12493,35.41
2020,Bhopal,Cotton,Kharif,Red-Yellow,Tubewell,3.6,1251.0,5242,10443,2530,9637,5958,3416,2174,39401,7.93,6168,5413,48907,9506,24.13
2020,Bhopal,Cotton,Kharif,Red-Yellow,Drip,2.1,1116.0,4027,10468,2617,10828,4434,2852,1487,36713,7.75,5915,5413,45832,9119,24.84
2020,Bhopal,Cotton,Kharif,Deep Black,Canal,7.0,1133.0,3455,9557,2527,10815,5206,3662,2096,37318,6.14,6242,5413,38332,1014,2.72
2020,Bhopal,Cotton,Kharif,Red-Yellow,Canal,11.1,1140.0,5004,9785,3458,9461,5870,2900,1959,38437,6.96,6062,5413,42209,3773,9.82
2020,Bhopal,Cotton,Kharif,Medium Black,Rainfed,11.1,1118.0,3538,9113,3349,12098,4292,0,2049,34438,6.37,5741,5413,36577,2139,6.21
2020,Bhopal,Cotton,Kharif,Red-Yellow,Canal,1.7,1038.0,3924,10105,2771,9373,5339,2498,2121,36134,6.85,6021,5413,41243,5110,14.14
2020,Bhopal,Cotton,Kharif,Medium Black,Drip,1.3,1179.0,4790,10653,2988,10251,4749,3530,1435,38397,8.8,5936,5413,52239,13842,36.05
2020,Bhopal,Cotton,Kharif,Alluvial,Canal,1.1,1177.0,4574,10223,3125,11014,4516,2449,2165,38066,7.99,6230,5413,49793,11728,30.81
2020,Bhopal,Cotton,Kharif,Deep Black,Rainfed,3.9,1171.0,4527,10243,3690,9563,4957,0,1962,34942,5.82,5746,5413,33429,-1512,-4.33
2020,Bhopal,Cotton,Kharif,Medium Black,Rainfed,11.0,1129.0,4614,10920,3342,8691,4179,0,2010,33757,5.97,5981,5413,35731,1974,5.85
2020,Bhopal,Cotton,Kharif,Medium Black,Rainfed,1.0,1232.0,4140,9507,3221,9565,5482,0,1989,33904,6.69,6017,5413,40248,6344,18.71
2020,Bhopal,Cotton,Kharif,Medium Black,Rainfed,6.0,1080.0,3710,7336,2785,10905,5974,0,2178,32889,6.35,6003,5413,38129,5241,15.93
2021,Bhopal,Cotton,Kharif,Red-Yellow,Canal,2.9,1084.0,5246,8394,2116,10656,4602,3726,1975,36715,6.81,6231,5623,42416,5701,15.53
2021,Bhopal,Cotton,Kharif,Red-Yellow,Rainfed,11.1,1107.0,4618,11373,2062,11424,4767,0,1845,36089,6.96,6508,5623,45312,9223,25.56
2021,Bhopal,Cotton,Kharif,Medium Black,Tubewell,5.7,1125.0,5141,10818,2972,12602,5266,1885,1552,40235,6.96,6364,5623,44296,4061,10.09
2021,Bhopal,Cotton,Kharif,Medium Black,Canal,1.7,972.0,4893,7518,2417,10803,6347,3155,2209,37343,6.31,6098,5623,38507,1164,3.12
2021,Bhopal,Cotton,Kharif,Medium Black,Drip,3.7,1050.0,3704,11173,1773,12586,5069,3726,2362,40393,7.18,6291,5623,45158,4765,11.8
2021,Bhopal,Cotton,Kharif,Medium Black,Tubewell,1.2,1051.0,3377,10922,1734,9566,5544,3533,1805,36480,8.04,6211,5623,49952,13472,36.93
2021,Bhopal,Cotton,Kharif,Medium Black,Drip,6.2,1022.0,4454,11168,2169,8955,4597,3134,1756,36232,8.19,6465,5623,52978,16746,46.22
2021,Bhopal,Cotton,Kharif,Medium Black,Canal,1.9,1156.0,5044,7430,2789,11820,4877,2529,1850,36339,7.19,6544,5623,47045,10707,29.46
2021,Bhopal,Cotton,Kharif,Medium Black,Rainfed,11.6,1018.0,4708,7805,3688,11383,4436,0,1715,33734,5.7,6376,5623,36336,2602,7.71
2021,Bhopal,Cotton,Kharif,Deep Black,Canal,4.8,1139.0,5244,11324,2245,9720,5347,3050,2291,39221,7.8,6431,5623,50142,10921,27.84
2021,Bhopal,Cotton,Kharif,Deep Black,Canal,8.4,1062.0,3524,7607,1924,10171,4821,3346,1313,32706,8.24,6445,5623,53082,20376,62.3
2021,Bhopal,Cotton,Kharif,Red-Yellow,Rainfed,5.7,1092.0,5061,9566,1825,9806,5875,0,1455,33588,6.1,6394,5623,38988,5399,16.07
2021,Bhopal,Cotton,Kharif,Deep Black,Rainfed,10.9,1046.0,5217,8431,3229,10734,6187,0,2064,35862,6.89,6177,5623,42578,6716,18.73
2021,Bhopal,Cotton,Kharif,Medium Black,Rainfed,11.0,1130.0,4410,7687,3104,9180,5991,0,2093,32464,6.21,7340,5623,45565,13101,40.36
2021,Bhopal,Cotton,Kharif,Medium Black,Rainfed,1.6,1041.0,3929,8692,2147,10699,4460,0,2230,32158,4.88,5910,5623,28834,-3324,-10.34
2021,Bhopal,Cotton,Kharif,Deep Black,Drip,3.3,968.0,3994,10084,2110,9947,5748,2171,2275,36330,7.31,5748,5623,42002,5673,15.61
2021,Bhopal,Cotton,Kharif,Deep Black,Tubewell,6.4,1019.0,4383,8677,3848,11134,6115,3190,1905,39253,7.88,6156,5623,48490,9238,23.53
2021,Bhopal,Cotton,Kharif,Medium Black,Canal,10.5,1020.0,4217,10869,3683,12759,5477,1875,2143,41023,7.27,6530,5623,47476,6452,15.73
2021,Bhopal,Cotton,Kharif,Alluvial,Canal,11.1,966.0,4741,8247,3615,9348,4120,3145,1719,34936,7.37,6237,5623,45951,11016,31.53
2021,Bhopal,Cotton,Kharif,Medium Black,Rainfed,4.0,953.0,4686,7931,3957,9276,5322,0,1703,32875,5.62,6412,5623,36045,3170,9.64
2021,Bhopal,Cotton,Kharif,Medium Black,Canal,5.4,1069.0,4992,9132,3188,12819,4895,3779,1689,40494,6.41,6499,5623,41668,1174,2.9
2021,Bhopal,Cotton,Kharif,Medium Black,Tubewell,5.9,975.0,3484,9481,2175,11479,6438,4064,1538,38659,6.46,6268,5623,40482,1823,4.72
2021,Bhopal,Cotton,Kharif,Medium Black,Rainfed,2.2,1102.0,4769,9603,3046,11697,6329,0,2375,37819,6.64,6494,5623,43146,5327,14.08
2021,Bhopal,Cotton,Kharif,Medium Black,Rainfed,4.5,1014.0,3388,9786,2123,10572,4237,0,1737,31844,6.36,6654,5623,42290,10446,32.8
2021,Bhopal,Cotton,Kharif,Deep Black,Rainfed,7.2,1070.0,3784,7522,3117,9756,4672,0,1980,30830,5.0,6298,5623,31465,635,2.06
2022,Bhopal,Cotton,Kharif,Alluvial,Canal,3.4,926.0,3567,11502,2612,10282,6085,3808,1362,39219,5.59,6571,5938,36761,-2458,-6.27
2022,Bhopal,Cotton,Kharif,Deep Black,Canal,12.0,1018.0,4610,8051,3021,13297,6449,3125,1355,39908,6.57,6818,5938,44791,4883,12.24
2022,Bhopal,Cotton,Kharif,Medium Black,Tubewell,1.6,937.0,3682,11025,3823,12328,5416,3548,1801,41621,6.51,6708,5938,43638,2016,4.84
2022,Bhopal,Cotton,Kharif,Medium Black,Tubewell,6.1,1025.0,4726,8604,4240,13000,6618,3457,2047,42690,6.11,6049,5938,36989,-5702,-13.36
2022,Bhopal,Cotton,Kharif,Red-Yellow,Canal,5.5,879.0,5419,9314,3142,10151,6392,1824,2488,38729,5.83,7063,5938,41208,2479,6.4
2022,Bhopal,Cotton,Kharif,Deep Black,Canal,6.9,870.0,4201,9963,2752,11751,4407,4250,2161,39485,7.26,5897,5938,43087,3602,9.12
2022,Bhopal,Cotton,Kharif,Deep Black,Rainfed,1.7,1057.0,6002,8238,2946,10310,5257,0,1758,34509,5.45,6941,5938,37850,3340,9.68
2022,Bhopal,Cotton,Kharif,Deep Black,Tubewell,3.0,1023.0,5664,7929,4018,9482,5523,2031,1970,36616,5.43,6804,5938,36917,301,0.82
2022,Bhopal,Cotton,Kharif,Deep Black,Rainfed,7.3,928.0,5793,8650,1820,10538,5136,0,2041,33978,5.04,6427,5938,32383,-1595,-4.69
2022,Bhopal,Cotton,Kharif,Red-Yellow,Rainfed,8.9,961.0,3462,9047,3090,12146,5431,0,2524,35699,5.0,6585,5938,32903,-2796,-7.83
2022,Bhopal,Cotton,Kharif,Medium Black,Drip,5.3,912.0,4474,11687,3467,13539,5828,4185,1379,44560,6.49,7068,5938,45868,1308,2.94
2022,Bhopal,Cotton,Kharif,Medium Black,Drip,5.9,989.0,3880,10842,2502,13215,4604,5425,1839,42306,7.25,6754,5938,48945,6639,15.69
2022,Bhopal,Cotton,Kharif,Medium Black,Tubewell,9.6,1002.0,3864,8916,2837,9826,5447,2991,2299,36179,5.59,6938,5938,38817,2638,7.29
2022,Bhopal,Cotton,Kharif,Medium Black,Rainfed,10.3,1005.0,4428,7908,3692,11708,6028,0,2564,36327,5.22,6537,5938,34145,-2182,-6.01
2022,Bhopal,Cotton,Kharif,Deep Black,Canal,2.2,919.0,5878,10283,3282,10665,6853,2749,1582,41291,6.79,6438,5938,43716,2425,5.87
2022,Bhopal,Cotton,Kharif,Medium Black,Rainfed,10.2,1054.0,5781,8317,3771,10534,5529,0,2100,36032,6.08,6341,5938,38553,2522,7.0
2022,Bhopal,Cotton,Kharif,Medium Black,Tubewell,10.1,951.0,4875,11607,2811,13641,5202,3589,1590,43315,6.81,6813,5938,46400,3084,7.12
2022,Bhopal,Cotton,Kharif,Deep Black,Canal,5.2,988.0,4233,11638,1770,10241,6698,1733,1358,37670,6.46,6771,5938,43763,6093,16.17
2022,Bhopal,Cotton,Kharif,Medium Black,Rainfed,10.7,950.0,4624,10874,3114,10764,4299,0,2052,35727,5.78,6624,5938,38264,2537,7.1
2022,Bhopal,Cotton,Kharif,Medium Black,Canal,1.4,988.0,3584,10041,2617,12071,5015,4258,2317,39903,6.72,6982,5938,46932,7029,17.62
2022,Bhopal,Cotton,Kharif,Medium Black,Drip,8.1,965.0,4904,8460,3599,12038,4412,2356,1813,37582,6.39,6494,5938,41468,3886,10.34
2022,Bhopal,Cotton,Kharif,Medium Black,Canal,9.2,1035.0,5711,9311,3287,12113,5386,3449,1602,40860,6.59,6880,5938,45350,4490,10.99
2022,Bhopal,Cotton,Kharif,Medium Black,Tubewell,10.3,1042.0,4057,8616,4002,10629,5146,3990,1702,38141,7.21,7057,5938,50873,12732,33.38
2022,Bhopal,Cotton,Kharif,Medium Black,Canal,3.1,1011.0,4014,11279,2248,10493,4649,2803,1936,37421,6.96,6705,5938,46682,9261,24.75
2022,Bhopal,Cotton,Kharif,Red-Yellow,Canal,4.3,902.0,4397,11750,2075,12309,6801,3764,2123,43219,6.69,6716,5938,44916,1697,3.93
2023,Bhopal,Cotton,Kharif,Medium Black,Tubewell,9.9,1105.0,5478,11089,2538,11041,5140,4285,2442,42012,7.06,8012,6253,56564,14552,34.64
2023,Bhopal,Cotton,Kharif,Medium Black,Rainfed,7.2,961.0,3734,11105,4429,13925,4970,0,2399,40562,4.87,7247,6253,35272,-5290,-13.04
2023,Bhopal,Cotton,Kharif,Alluvial,Tubewell,8.4,1110.0,4191,11409,3314,12489,4553,2167,1844,39965,7.54,8019,6253,60436,20470,51.22
2023,Bhopal,Cotton,Kharif,Medium Black,Tubewell,9.3,1060.0,5443,11583,3591,9954,6882,2246,1601,41301,6.9,7089,6253,48945,7644,18.51
2023,Bhopal,Cotton,Kharif,Medium Black,Drip,6.2,1056.0,4912,11957,2002,10003,6259,3854,1954,40941,6.93,7817,6253,54167,13226,32.3
2023,Bhopal,Cotton,Kharif,Alluvial,Rainfed,3.2,964.0,5952,12515,2850,13443,6098,0,1989,42846,5.33,8031,6253,42778,-69,-0.16
2023,Bhopal,Cotton,Kharif,Medium Black,Canal,8.2,928.0,4435,10327,2956,12114,5793,4272,2602,42499,7.57,7824,6253,59263,16764,39.45
2023,Bhopal,Cotton,Kharif,Red-Yellow,Tubewell,4.4,1075.0,5712,8165,3800,11700,5194,3274,1758,39603,5.89,8114,6253,47821,8218,20.75
2023,Bhopal,Cotton,Kharif,Medium Black,Tubewell,5.3,954.0,4946,10012,4372,11398,5739,4459,1935,42861,6.36,6953,6253,44218,1356,3.16
2023,Bhopal,Cotton,Kharif,Medium Black,Rainfed,5.0,1041.0,3868,9128,2951,10384,5839,0,2345,34515,6.28,7505,6253,47126,12611,36.54
2023,Bhopal,Cotton,Kharif,Medium Black,Rainfed,8.1,947.0,4523,11490,3785,13435,4888,0,2383,40505,5.44,8177,6253,44506,4001,9.88
2023,Bhopal,Cotton,Kharif,Red-Yellow,Canal,7.6,1080.0,4177,11850,2117,11541,6221,2799,2664,41369,7.65,7390,6253,56557,15188,36.71
2023,Bhopal,Cotton,Kharif,Medium Black,Drip,10.6,934.0,4125,10739,3966,11000,6534,3525,2240,42130,6.14,7584,6253,46583,4453,10.57
2023,Bhopal,Cotton,Kharif,Red-Yellow,Rainfed,5.0,965.0,5555,8583,4269,13325,5924,0,2211,39867,4.9,7481,6253,36619,-3247,-8.15
2023,Bhopal,Cotton,Kharif,Medium Black,Tubewell,1.4,1113.0,5769,11755,4071,14411,7208,3169,1868,48251,7.2,7557,6253,54411,6160,12.77
2023,Bhopal,Cotton,Kharif,Red-Yellow,Rainfed,3.0,1110.0,5021,9835,3201,10376,4524,0,2067,35024,5.86,7246,6253,42487,7462,21.31
2023,Bhopal,Cotton,Kharif,Medium Black,Canal,3.2,1038.0,4012,11337,4377,14280,7154,1815,2229,45203,7.69,7655,6253,58890,13687,30.28
2023,Bhopal,Cotton,Kharif,Alluvial,Rainfed,10.7,981.0,3867,8438,3559,12372,6551,0,2452,37239,5.32,7880,6253,41889,4650,12.49
2023,Bhopal,Cotton,Kharif,Red-Yellow,Rainfed,6.6,1006.0,6093,9262,2949,12155,6417,0,2290,39166,5.7,7210,6253,41132,1965,5.02
2023,Bhopal,Cotton,Kharif,Medium Black,Tubewell,1.2,981.0,5913,12250,3757,10709,4646,4312,2636,44223,7.2,7658,6253,55125,10903,24.65
2023,Bhopal,Cotton,Kharif,Red-Yellow,Rainfed,10.9,1001.0,6094,11789,2181,13060,5542,0,1593,40260,5.32,7861,6253,41847,1587,3.94
2023,Bhopal,Cotton,Kharif,Deep Black,Canal,2.5,939.0,5128,12634,3464,11544,6778,3320,2161,45028,7.93,7137,6253,56569,11541,25.63
2023,Bhopal,Cotton,Kharif,Medium Black,Rainfed,6.8,987.0,4023,9506,3445,13434,4863,0,2083,37353,5.71,8353,6253,47692,10338,27.68
2023,Bhopal,Cotton,Kharif,Alluvial,Canal,11.7,1130.0,4549,8548,3487,11779,4571,4159,1681,38775,7.0,7901,6253,55305,16530,42.63
2023,Bhopal,Cotton,Kharif,Alluvial,Tubewell,2.4,1080.0,4153,11976,4439,10407,6307,2457,1648,41387,7.04,8057,6253,56753,15366,37.13
2024,Bhopal,Cotton,Kharif,Medium Black,Tubewell,5.5,893.0,4065,13243,4354,11877,7464,4038,1801,46842,6.59,7486,6569,49314,2472,5.28
2024,Bhopal,Cotton,Kharif,Medium Black,Rainfed,6.9,965.0,3838,9841,4576,11043,5684,0,1461,36444,5.38,7875,6569,42377,5933,16.28
2024,Bhopal,Cotton,Kharif,Medium Black,Canal,10.2,1001.0,4746,9875,3300,11751,6821,2139,1885,40517,6.86,7633,6569,52337,11820,29.17
2024,Bhopal,Cotton,Kharif,Deep Black,Tubewell,1.9,941.0,4423,12493,4262,14955,5508,2382,2549,46573,6.32,6875,6569,43445,-3128,-6.72
2024,Bhopal,Cotton,Kharif,Medium Black,Drip,3.8,1020.0,5050,11347,4683,13587,7475,5020,2418,49579,6.44,7670,6569,49411,-168,-0.34
2024,Bhopal,Cotton,Kharif,Medium Black,Drip,1.7,1041.0,4245,11424,2254,12569,5864,3195,1552,41103,7.44,7896,6569,58762,17659,42.96
2024,Bhopal,Cotton,Kharif,Medium Black,Tubewell,3.2,955.0,4970,11421,4368,12306,5615,4085,2625,45390,6.59,7825,6569,51577,6187,13.63
2024,Bhopal,Cotton,Kharif,Alluvial,Drip,4.0,970.0,4731,11511,4723,11317,6344,4970,2579,46176,6.19,7699,6569,47653,1477,3.2
2024,Bhopal,Cotton,Kharif,Red-Yellow,Tubewell,10.7,906.0,6089,9207,4318,13157,5844,3780,2822,45217,5.69,7944,6569,45222,5,0.01
2024,Bhopal,Cotton,Kharif,Medium Black,Tubewell,12.0,886.0,6170,11859,4644,11173,5074,3713,2604,45237,6.37,7551,6569,48069,2832,6.26
2024,Bhopal,Cotton,Kharif,Deep Black,Canal,10.9,1001.0,4994,9978,2272,12022,5130,2633,2250,39280,6.83,7858,6569,53703,14423,36.72
2024,Bhopal,Cotton,Kharif,Medium Black,Canal,5.5,1034.0,4787,9490,3401,13389,5725,3155,2318,42265,7.4,7608,6569,56312,14047,33.24
2024,Bhopal,Cotton,Kharif,Medium Black,Canal,5.6,966.0,4973,10983,3922,14310,6599,2872,2760,46419,5.64,7874,6569,44415,-2004,-4.32
2024,Bhopal,Cotton,Kharif,Medium Black,Rainfed,3.6,977.0,6302,13176,2231,12840,6938,0,1543,43030,5.52,7341,6569,40507,-2523,-5.86
2024,Bhopal,Cotton,Kharif,Medium Black,Canal,11.4,918.0,5031,9907,4275,12908,6429,2211,1517,42279,6.97,7160,6569,49917,7638,18.07
2024,Bhopal,Cotton,Kharif,Medium Black,Tubewell,4.7,978.0,4002,8977,3159,11055,5593,2458,1871,37115,5.85,8036,6569,47016,9901,26.68
2024,Bhopal,Cotton,Kharif,Deep Black,Rainfed,10.3,861.0,5028,13288,4531,10484,4914,0,1566,39811,5.27,7922,6569,41737,1926,4.84
2024,Bhopal,Cotton,Kharif,Medium Black,Canal,8.8,921.0,5091,10124,4048,10847,7390,3258,1946,42706,7.29,7562,6569,55148,12442,29.13
2024,Bhopal,Cotton,Kharif,Medium Black,Tubewell,7.8,888.0,6255,9515,3543,12456,6959,4499,1651,44878,5.6,7564,6569,42390,-2488,-5.54
2024,Bhopal,Cotton,Kharif,Deep Black,Canal,6.5,946.0,5045,11420,3935,14964,5231,2577,2294,45466,6.97,7219,6569,50344,4878,10.73
2024,Bhopal,Cotton,Kharif,Deep Black,Drip,11.0,1031.0,4788,12443,4419,13822,5247,6002,1777,48498,6.67,8083,6569,53911,5413,11.16
2024,Bhopal,Cotton,Kharif,Red-Yellow,Drip,6.1,864.0,4358,8728,3540,12464,4985,3218,2250,39543,6.4,7747,6569,49550,10008,25.31
2024,Bhopal,Cotton,Kharif,Deep Black,Rainfed,10.6,946.0,4409,10250,2732,12137,5780,0,1680,36989,5.91,7060,6569,41697,4709,12.73
2024,Bhopal,Cotton,Kharif,Medium Black,Canal,6.5,915.0,4245,9762,3270,11321,5182,3902,2037,39719,5.74,7285,6569,41790,2071,5.21
2024,Bhopal,Cotton,Kharif,Red-Yellow,Tubewell,8.1,944.0,6155,10176,2602,11498,5731,4138,2633,42932,6.63,8106,6569,53772,10840,25.25
2019,Bhopal,Ground Nuts,Kharif,Deep Black,Rainfed,1.8,1146.0,2661,6571,2293,7231,3662,0,1390,23808,5.29,4515,4890,25872,2064,8.67
2019,Bhopal,Ground Nuts,Kharif,Medium Black,Drip,3.0,1000.0,2449,7326,2192,6957,4186,2405,1489,27005,7.08,4832,4890,34633,7628,28.25
2019,Bhopal,Ground Nuts,Kharif,Medium Black,Canal,6.1,1034.0,3188,7033,2686,8093,3971,2478,1668,29116,7.25,4448,4890,35436,6320,21.71
2019,Bhopal,Ground Nuts,Kharif,Medium Black,Tubewell,3.8,1004.0,2670,7019,2740,6883,4187,2467,1148,27113,5.35,4962,4890,26532,-581,-2.14
2019,Bhopal,Ground Nuts,Kharif,Medium Black,Canal,6.6,1138.0,2755,5616,1357,9013,3953,2041,1425,26159,6.54,4181,4890,31958,5800,22.17
2019,Bhopal,Ground Nuts,Kharif,Deep Black,Tubewell,1.1,1207.0,3259,7110,2799,6764,3114,2621,1748,27414,7.81,4491,4890,38175,10761,39.25
2019,Bhopal,Ground Nuts,Kharif,Medium Black,Canal,5.7,1114.0,2428,7391,2766,7358,3997,1837,1209,26986,7.66,4621,4890,37447,10461,38.77
2019,Bhopal,Ground Nuts,Kharif,Medium Black,Tubewell,3.6,1026.0,3659,6405,2971,7191,4560,2307,991,28083,6.51,4660,4890,31819,3735,13.3
2019,Bhopal,Ground Nuts,Kharif,Medium Black,Rainfed,5.3,1146.0,3301,8085,1762,7555,3369,0,1472,25542,6.7,4524,4890,32784,7241,28.35
2019,Bhopal,Ground Nuts,Kharif,Medium Black,Canal,4.1,1121.0,2898,8349,2509,9302,3487,2854,1574,30972,7.26,4387,4890,35515,4543,14.67
2019,Bhopal,Ground Nuts,Kharif,Deep Black,Rainfed,5.1,1168.0,3356,5660,1584,8897,4032,0,1751,25279,6.91,4343,4890,33790,8511,33.67
2019,Bhopal,Ground Nuts,Kharif,Deep Black,Drip,2.8,1072.0,2910,5964,1647,7063,3619,2143,1359,24705,7.13,4345,4890,34856,10151,41.09
2019,Bhopal,Ground Nuts,Kharif,Alluvial,Rainfed,4.6,1024.0,2760,6995,1855,7572,4467,0,1111,24760,6.0,4346,4890,29328,4568,18.45
2019,Bhopal,Ground Nuts,Kharif,Red-Yellow,Tubewell,3.6,1062.0,3278,7478,2505,7059,3267,2525,1250,27360,7.83,4276,4890,38265,10905,39.86
2019,Bhopal,Ground Nuts,Kharif,Deep Black,Tubewell,10.6,1014.0,3785,6061,1678,8267,4502,2299,1577,28170,7.95,4521,4890,38876,10706,38.01
2019,Bhopal,Ground Nuts,Kharif,Alluvial,Canal,6.2,1019.0,2648,6384,2589,8272,3080,2781,1436,27190,7.09,4553,4890,34681,7491,27.55
2019,Bhopal,Ground Nuts,Kharif,Medium Black,Tubewell,7.4,1091.0,3391,7224,2323,7197,3268,1223,1649,26274,7.04,4586,4890,34424,8151,31.02
2019,Bhopal,Ground Nuts,Kharif,Alluvial,Drip,7.0,1037.0,2689,5742,2096,7474,3820,3170,1189,26179,7.07,4677,4890,34552,8373,31.98
2019,Bhopal,Ground Nuts,Kharif,Red-Yellow,Drip,3.4,1116.0,2824,8349,1736,7944,3916,3478,1303,29549,8.18,4844,4890,40005,10456,35.39
2019,Bhopal,Ground Nuts,Kharif,Medium Black,Canal,1.8,1055.0,2945,5812,2282,7402,3087,2255,1561,25344,7.4,4500,4890,36197,10853,42.82
2019,Bhopal,Ground Nuts,Kharif,Medium Black,Tubewell,11.0,1053.0,2424,8026,2364,8801,3751,2101,1122,28589,7.15,4413,4890,34941,6352,22.22
2019,Bhopal,Ground Nuts,Kharif,Medium Black,Canal,11.5,1150.0,3322,6773,1730,7083,4438,1423,1166,25935,7.11,4372,4890,34769,8834,34.06
2019,Bhopal,Ground Nuts,Kharif,Deep Black,Tubewell,6.9,1109.0,3794,6901,1283,8238,4422,1291,1392,27321,6.3,4722,4890,30823,3502,12.82
2019,Bhopal,Ground Nuts,Kharif,Deep Black,Rainfed,8.5,1188.0,4198,7370,2397,7407,3265,0,964,25601,6.36,5024,4890,31970,6369,24.88
2019,Bhopal,Ground Nuts,Kharif,Medium Black,Tubewell,5.1,1074.0,2867,6792,2854,6648,3577,2231,1063,26031,5.5,4884,4890,26877,847,3.25
2020,Bhopal,Ground Nuts,Kharif,Medium Black,Tubewell,7.3,1096.0,3547,5702,1799,9413,4373,2574,1752,29159,6.15,5160,5037,31737,2578,8.84
2020,Bhopal,Ground Nuts,Kharif,Deep Black,Canal,3.4,1079.0,2915,5905,1653,8876,3556,1323,1318,25546,6.87,5754,5037,39545,14000,54.8
2020,Bhopal,Ground Nuts,Kharif,Red-Yellow,Canal,5.5,1142.0,3034,8242,2213,8153,3220,1274,1708,27845,8.53,5765,5037,49164,21319,76.56
2020,Bhopal,Ground Nuts,Kharif,Medium Black,Canal,9.1,1142.0,3943,7257,1291,7918,3971,2328,1058,27765,6.57,5712,5037,37543,9778,35.22
2020,Bhopal,Ground Nuts,Kharif,Red-Yellow,Tubewell,10.4,1100.0,3145,6760,2988,6839,4847,1297,999,26876,8.18,5646,5037,46163,19287,71.76
2020,Bhopal,Ground Nuts,Kharif,Medium Black,Drip,10.6,1121.0,3632,5611,2903,7130,4625,1611,1606,27118,7.81,5434,5037,42432,15314,56.47
2020,Bhopal,Ground Nuts,Kharif,Medium Black,Tubewell,6.4,1087.0,2595,6920,1904,8060,3097,2116,1756,26449,7.5,5397,5037,40499,14050,53.12
2020,Bhopal,Ground Nuts,Kharif,Red-Yellow,Drip,7.6,1140.0,3170,6912,2870,7199,3480,2289,985,26906,6.51,6138,5037,39939,13033,48.44
2020,Bhopal,Ground Nuts,Kharif,Medium Black,Tubewell,4.0,1095.0,3399,7204,1790,7514,3753,2599,1080,27340,7.78,5937,5037,46195,18856,68.97
2020,Bhopal,Ground Nuts,Kharif,Medium Black,Tubewell,8.7,1117.0,4133,7669,1696,9299,3662,1990,1046,29494,7.25,5972,5037,43311,13817,46.85
2020,Bhopal,Ground Nuts,Kharif,Medium Black,Rainfed,2.6,1083.0,3721,6957,1553,8427,4639,0,1078,26376,6.24,5698,5037,35560,9184,34.82
2020,Bhopal,Ground Nuts,Kharif,Medium Black,Tubewell,10.6,1179.0,3782,8213,1860,8300,4339,2791,1560,30844,7.49,5588,5037,41866,11021,35.73
2020,Bhopal,Ground Nuts,Kharif,Medium Black,Tubewell,10.0,1234.0,4166,6203,1661,7068,4042,2711,1300,27150,7.99,5477,5037,43734,16584,61.08
2020,Bhopal,Ground Nuts,Kharif,Red-Yellow,Canal,10.4,1059.0,3343,7847,2451,7535,4452,3077,1000,29705,7.56,5100,5037,38558,8852,29.8
2020,Bhopal,Ground Nuts,Kharif,Alluvial,Canal,1.0,1160.0,3271,5828,2304,7597,3873,1915,1005,25793,5.96,5411,5037,32261,6468,25.08
2020,Bhopal,Ground Nuts,Kharif,Medium Black,Rainfed,9.4,1258.0,2477,7990,1451,7783,3426,0,983,24109,6.82,5690,5037,38801,14692,60.94
2020,Bhopal,Ground Nuts,Kharif,Medium Black,Rainfed,10.8,1219.0,2709,6562,1487,8062,4633,0,998,24450,5.85,5051,5037,29553,5103,20.87
2020,Bhopal,Ground Nuts,Kharif,Red-Yellow,Rainfed,2.3,1105.0,3996,7560,2765,9411,3633,0,1183,28547,5.36,5568,5037,29838,1291,4.52
2020,Bhopal,Ground Nuts,Kharif,Deep Black,Canal,1.4,1075.0,3897,8004,3041,7983,3174,2734,1192,30025,6.89,5630,5037,38793,8768,29.2
2020,Bhopal,Ground Nuts,Kharif,Alluvial,Rainfed,4.0,1160.0,3579,7207,1479,6995,3738,0,1435,24432,6.78,5432,5037,36852,12420,50.84
2020,Bhopal,Ground Nuts,Kharif,Red-Yellow,Drip,10.7,1042.0,2913,7045,1859,6886,3238,1688,1043,24673,7.26,5395,5037,39190,14517,58.84
2020,Bhopal,Ground Nuts,Kharif,Alluvial,Canal,5.7,1190.0,2688,8504,2274,8237,3665,1770,1007,28144,7.13,5612,5037,40003,11859,42.14
2020,Bhopal,Ground Nuts,Kharif,Deep Black,Tubewell,10.7,1104.0,3554,8443,2294,7485,4279,1939,1431,29425,7.27,5720,5037,41564,12139,41.25
2020,Bhopal,Ground Nuts,Kharif,Medium Black,Drip,10.0,1102.0,2723,6432,1803,7803,3431,2245,1200,25636,8.68,5268,5037,45712,20077,78.32
2020,Bhopal,Ground Nuts,Kharif,Red-Yellow,Canal,6.0,1250.0,2601,5717,2196,7694,3450,2365,1492,25514,7.46,5407,5037,40327,14813,58.06
2021,Bhopal,Ground Nuts,Kharif,Medium Black,Canal,1.8,1072.0,4197,5885,3149,8116,4702,1764,1876,29688,5.72,5698,5232,32614,2925,9.85
2021,Bhopal,Ground Nuts,Kharif,Medium Black,Canal,4.5,1159.0,3664,7804,2490,8404,4916,2657,1377,31312,7.62,5749,5232,43806,12493,39.9
2021,Bhopal,Ground Nuts,Kharif,Medium Black,Canal,9.1,1148.0,3608,6606,1411,8834,4454,1438,1903,28254,7.3,5647,5232,41233,12979,45.94
2021,Bhopal,Ground Nuts,Kharif,Red-Yellow,Rainfed,3.5,1002.0,3901,6786,2940,9899,3765,0,1474,28766,5.77,5596,5232,32269,3503,12.18
2021,Bhopal,Ground Nuts,Kharif,Medium Black,Rainfed,4.2,989.0,3215,6786,3075,8526,4397,0,1859,27859,5.66,5563,5232,31490,3631,13.03
2021,Bhopal,Ground Nuts,Kharif,Alluvial,Canal,10.3,1098.0,4173,7002,2310,9263,3889,2415,1635,30688,6.89,5362,5232,36959,6271,20.44
2021,Bhopal,Ground Nuts,Kharif,Alluvial,Tubewell,7.4,966.0,3429,8481,3151,9511,3919,2922,1491,32903,5.74,5655,5232,32468,-435,-1.32
2021,Bhopal,Ground Nuts,Kharif,Medium Black,Tubewell,10.4,1032.0,3348,7833,2647,8767,4640,2874,1509,31619,6.36,5736,5232,36473,4854,15.35
2021,Bhopal,Ground Nuts,Kharif,Deep Black,Canal,6.3,1086.0,4249,6847,2039,9450,3684,2496,1830,30595,7.18,5974,5232,42921,12326,40.29
2021,Bhopal,Ground Nuts,Kharif,Alluvial,Tubewell,1.9,1054.0,4263,8874,1890,9257,5037,1981,1780,33082,6.94,5736,5232,39823,6741,20.38
2021,Bhopal,Ground Nuts,Kharif,Medium Black,Drip,1.3,1003.0,2742,7810,2444,9336,4646,3815,1246,32038,8.75,5756,5232,50371,18333,57.22
2021,Bhopal,Ground Nuts,Kharif,Red-Yellow,Canal,7.4,1116.0,4182,7197,2570,9768,4724,2979,1229,32649,7.64,5692,5232,43491,10842,33.21
2021,Bhopal,Ground Nuts,Kharif,Medium Black,Rainfed,3.3,1017.0,3996,6166,2608,7951,3320,0,985,25025,4.34,5582,5232,24211,-815,-3.25
2021,Bhopal,Ground Nuts,Kharif,Deep Black,Canal,5.5,1026.0,2966,6074,2128,9784,4889,2064,1084,28989,6.54,5498,5232,35939,6950,23.98
2021,Bhopal,Ground Nuts,Kharif,Medium Black,Rainfed,6.1,1091.0,2733,8537,1856,7171,4214,0,1555,26066,6.16,5810,5232,35793,9727,37.32
2021,Bhopal,Ground Nuts,Kharif,Alluvial,Canal,4.1,1033.0,3261,8812,2650,8258,3991,1554,1141,29666,7.46,5844,5232,43602,13936,46.98
2021,Bhopal,Ground Nuts,Kharif,Medium Black,Rainfed,3.6,1008.0,3660,7172,1604,8434,3757,0,1743,26370,4.28,5342,5232,22860,-3510,-13.31
2021,Bhopal,Ground Nuts,Kharif,Deep Black,Canal,3.9,1145.0,2698,8436,2301,8316,4377,1931,1884,29944,7.76,6016,5232,46659,16716,55.82
2021,Bhopal,Ground Nuts,Kharif,Medium Black,Tubewell,11.8,1063.0,3774,7454,1415,7253,5080,1771,1307,28053,5.8,5598,5232,32486,4433,15.8
2021,Bhopal,Ground Nuts,Kharif,Medium Black,Tubewell,10.2,1026.0,2741,5865,1377,8102,5106,1556,1492,26238,5.65,5561,5232,31436,5198,19.81
2021,Bhopal,Ground Nuts,Kharif,Alluvial,Canal,11.3,1125.0,2951,6560,3101,7686,4812,1875,1508,28492,7.49,5335,5232,39958,11466,40.24
2021,Bhopal,Ground Nuts,Kharif,Medium Black,Canal,1.0,1105.0,3145,6226,1420,9142,4609,2721,1709,28972,6.88,5865,5232,40326,11354,39.19
2021,Bhopal,Ground Nuts,Kharif,Alluvial,Drip,3.5,1047.0,4334,7755,2945,9437,4351,2250,1684,32755,6.81,5507,5232,37526,4771,14.57
2021,Bhopal,Ground Nuts,Kharif,Deep Black,Canal,8.1,1119.0,2861,8636,2950,9130,4372,1773,1279,31002,8.28,5533,5232,45842,14840,47.87
2021,Bhopal,Ground Nuts,Kharif,Red-Yellow,Rainfed,10.8,1025.0,4038,6857,3160,7773,4005,0,1229,27063,6.96,5788,5232,40301,13238,48.92
2022,Bhopal,Ground Nuts,Kharif,Alluvial,Rainfed,3.1,938.0,3577,8261,3217,9009,5042,0,1603,30710,5.02,6833,5526,34273,3563,11.6
2022,Bhopal,Ground Nuts,Kharif,Medium Black,Drip,2.0,1030.0,3978,8171,3244,8926,5067,3811,1890,35088,6.8,6846,5526,46551,11463,32.67
2022,Bhopal,Ground Nuts,Kharif,Medium Black,Canal,11.7,1008.0,4560,7306,1517,8042,5091,2207,1241,29964,6.46,5938,5526,38347,8383,27.98
2022,Bhopal,Ground Nuts,Kharif,Medium Black,Rainfed,8.7,959.0,3315,9273,3238,8484,4302,0,1660,30271,6.44,6922,5526,44569,14298,47.23
2022,Bhopal,Ground Nuts,Kharif,Red-Yellow,Canal,2.7,1006.0,3858,8137,2364,10605,3994,3211,1188,33357,7.07,7062,5526,49905,16547,49.61
2022,Bhopal,Ground Nuts,Kharif,Medium Black,Canal,1.2,878.0,4134,7564,1933,10679,3395,1901,1364,30969,5.08,7002,5526,35541,4572,14.76
2022,Bhopal,Ground Nuts,Kharif,Red-Yellow,Canal,3.4,996.0,4181,7381,2256,8613,3713,1820,1934,29899,7.37,6848,5526,50450,20551,68.73
2022,Bhopal,Ground Nuts,Kharif,Deep Black,Rainfed,4.9,1000.0,3203,8830,2843,7700,4742,0,1345,28663,5.71,7368,5526,42038,13375,46.66
2022,Bhopal,Ground Nuts,Kharif,Red-Yellow,Drip,1.8,932.0,2965,6675,2722,10490,3425,2675,1189,30140,6.99,6708,5526,46886,16745,55.56
2022,Bhopal,Ground Nuts,Kharif,Alluvial,Drip,8.3,1016.0,3542,6491,2414,10505,4922,1922,1478,31272,6.28,6899,5526,43345,12073,38.61
2022,Bhopal,Ground Nuts,Kharif,Medium Black,Drip,4.7,1028.0,3338,8041,1681,8026,4693,3807,1890,31475,6.99,6610,5526,46195,14720,46.77
2022,Bhopal,Ground Nuts,Kharif,Medium Black,Tubewell,11.1,1049.0,3600,8670,1679,10315,5213,2918,1314,33711,7.12,6442,5526,45835,12124,35.97
2022,Bhopal,Ground Nuts,Kharif,Deep Black,Tubewell,1.8,878.0,3207,6113,3002,9747,4360,2189,1286,29904,5.89,5495,5526,32521,2617,8.75
2022,Bhopal,Ground Nuts,Kharif,Deep Black,Drip,9.6,881.0,2914,9482,1982,10768,5367,2251,1750,34514,7.97,6615,5526,52696,18181,52.68
2022,Bhopal,Ground Nuts,Kharif,Alluvial,Canal,10.2,961.0,3976,8507,2460,9958,3664,1443,1050,31060,8.66,6590,5526,57065,26005,83.72
2022,Bhopal,Ground Nuts,Kharif,Medium Black,Canal,7.2,940.0,3824,7524,3206,9492,4010,2705,1352,32112,6.92,5642,5526,39061,6950,21.64
2022,Bhopal,Ground Nuts,Kharif,Alluvial,Tubewell,10.1,976.0,4212,8044,1627,10006,4659,2757,1423,32727,7.7,6786,5526,52242,19515,59.63
2022,Bhopal,Ground Nuts,Kharif,Red-Yellow,Tubewell,7.2,1037.0,3831,9056,3188,10220,3599,1628,1431,32953,7.24,6558,5526,47461,14508,44.03
2022,Bhopal,Ground Nuts,Kharif,Red-Yellow,Rainfed,1.8,886.0,4518,7252,2892,7511,4665,0,1145,27983,5.31,6403,5526,33997,6014,21.49
2022,Bhopal,Ground Nuts,Kharif,Alluvial,Tubewell,4.2,1055.0,2844,9016,2664,10374,3958,2789,1276,32922,5.54,6520,5526,36092,3170,9.63
2022,Bhopal,Ground Nuts,Kharif,Medium Black,Canal,7.6,948.0,4118,7749,3329,9539,5140,1623,1690,33188,6.02,6307,5526,37970,4782,14.41
2022,Bhopal,Ground Nuts,Kharif,Deep Black,Rainfed,6.9,968.0,2877,7748,3201,9200,5149,0,1094,29268,6.23,6669,5526,41564,12296,42.01
2022,Bhopal,Ground Nuts,Kharif,Red-Yellow,Rainfed,5.3,1044.0,4460,6667,1594,7495,4003,0,1307,25525,5.42,6970,5526,37798,12273,48.08
2022,Bhopal,Ground Nuts,Kharif,Medium Black,Drip,6.6,990.0,4465,8316,1951,10834,3748,1883,1854,33051,7.41,7181,5526,53207,20156,60.98
2022,Bhopal,Ground Nuts,Kharif,Medium Black,Tubewell,2.0,935.0,3938,6393,2273,7999,4993,2190,1043,28830,6.2,6848,5526,42491,13661,47.38
2023,Bhopal,Ground Nuts,Kharif,Red-Yellow,Canal,10.7,995.0,3314,7028,2872,8419,3616,1810,1387,28447,6.6,6082,5819,40135,11688,41.09
2023,Bhopal,Ground Nuts,Kharif,Medium Black,Tubewell,10.2,1089.0,4216,9248,3147,9206,5172,2548,1862,35398,8.0,6304,5819,50403,15004,42.39
2023,Bhopal,Ground Nuts,Kharif,Medium Black,Tubewell,1.5,1049.0,2979,9366,2866,9086,3658,2140,1757,31852,7.72,7002,5819,54064,22212,69.74
2023,Bhopal,Ground Nuts,Kharif,Alluvial,Tubewell,1.1,940.0,4926,9730,3366,8564,5355,2151,1380,35473,7.48,6452,5819,48280,12807,36.11
2023,Bhopal,Ground Nuts,Kharif,Red-Yellow,Tubewell,11.6,1091.0,3055,7946,2444,8464,3743,1469,1500,28621,7.02,7221,5819,50661,22040,77.0
2023,Bhopal,Ground Nuts,Kharif,Deep Black,Rainfed,6.1,977.0,4351,9103,2559,8707,4015,0,1520,30255,5.62,6655,5819,37409,7154,23.64
2023,Bhopal,Ground Nuts,Kharif,Deep Black,Rainfed,9.0,1055.0,3540,7000,3404,8018,4045,0,1733,27740,5.25,6813,5819,35734,7993,28.81
2023,Bhopal,Ground Nuts,Kharif,Medium Black,Tubewell,11.8,940.0,3011,8696,3138,8322,3623,3568,1250,31609,7.48,6838,5819,51161,19553,61.86
2023,Bhopal,Ground Nuts,Kharif,Medium Black,Rainfed,7.5,1101.0,2873,7484,1507,8072,5186,0,1637,26759,5.64,6654,5819,37511,10753,40.18
2023,Bhopal,Ground Nuts,Kharif,Medium Black,Canal,4.9,1129.0,3794,9826,3131,10425,4165,1856,1873,35069,7.83,7275,5819,56995,21926,62.52
2023,Bhopal,Ground Nuts,Kharif,Medium Black,Tubewell,1.8,941.0,3514,9952,3243,8734,5626,2476,1964,35509,5.84,6659,5819,38894,3385,9.53
2023,Bhopal,Ground Nuts,Kharif,Deep Black,Tubewell,7.8,1108.0,4378,9672,2710,8029,5558,2842,1731,34920,8.6,6492,5819,55838,20918,59.9
2023,Bhopal,Ground Nuts,Kharif,Medium Black,Rainfed,7.5,946.0,4790,9026,2774,8461,5538,0,1180,31768,5.37,5964,5819,31999,230,0.73
2023,Bhopal,Ground Nuts,Kharif,Medium Black,Rainfed,1.7,1060.0,3353,6848,3164,10750,3729,0,1630,29474,5.29,6233,5819,32963,3490,11.84
2023,Bhopal,Ground Nuts,Kharif,Red-Yellow,Drip,10.6,1077.0,4665,7188,2858,8890,4145,2349,1504,31600,6.26,6736,5819,42168,10568,33.44
2023,Bhopal,Ground Nuts,Kharif,Medium Black,Tubewell,5.0,1125.0,4895,8831,3195,10119,5056,3088,1882,37065,8.12,7160,5819,58123,21058,56.81
2023,Bhopal,Ground Nuts,Kharif,Red-Yellow,Drip,10.8,1113.0,3715,8004,1712,11336,5009,4540,1748,36064,7.42,7180,5819,53293,17229,47.77
2023,Bhopal,Ground Nuts,Kharif,Alluvial,Tubewell,5.0,1031.0,3940,9799,3146,9728,5353,1574,1072,34613,7.49,6895,5819,51647,17034,49.21
2023,Bhopal,Ground Nuts,Kharif,Medium Black,Drip,4.3,955.0,3947,9405,3230,9172,5225,1869,1572,34419,7.56,6633,5819,50153,15734,45.71
2023,Bhopal,Ground Nuts,Kharif,Deep Black,Tubewell,3.5,1035.0,4627,9048,3487,10243,4120,2668,1541,35734,6.62,6171,5819,40874,5139,14.38
2023,Bhopal,Ground Nuts,Kharif,Medium Black,Canal,5.4,1039.0,2870,7896,2019,11320,4811,1567,1690,32173,6.1,6684,5819,40752,8579,26.66
2023,Bhopal,Ground Nuts,Kharif,Medium Black,Tubewell,1.1,1096.0,3155,7282,1726,10047,3719,2556,1939,30422,6.88,6838,5819,47072,16650,54.73
2023,Bhopal,Ground Nuts,Kharif,Medium Black,Canal,11.3,1033.0,3146,6968,3466,10998,3779,3201,1142,32699,7.62,7044,5819,53705,21006,64.24
2023,Bhopal,Ground Nuts,Kharif,Alluvial,Rainfed,9.8,1006.0,3533,9456,1870,8370,4921,0,1668,29818,6.15,6468,5819,39770,9952,33.38
2023,Bhopal,Ground Nuts,Kharif,Red-Yellow,Rainfed,2.1,951.0,3044,6974,2143,10564,3880,0,1552,28157,5.04,6793,5819,34221,6064,21.54
2024,Bhopal,Ground Nuts,Kharif,Medium Black,Canal,10.6,985.0,4178,8059,2752,9269,4688,3269,2098,34314,5.09,7159,6112,36410,2096,6.11
2024,Bhopal,Ground Nuts,Kharif,Deep Black,Drip,1.7,861.0,4781,10122,2378,11214,5905,2430,1856,38685,6.79,7482,6112,50773,12088,31.25
2024,Bhopal,Ground Nuts,Kharif,Deep Black,Canal,11.3,929.0,3689,10000,3681,10017,4159,3607,1300,36454,6.13,8089,6112,49571,13117,35.98
2024,Bhopal,Ground Nuts,Kharif,Deep Black,Canal,8.2,947.0,3707,7845,2214,9007,3837,3189,1139,30939,6.84,8418,6112,57586,26647,86.13
2024,Bhopal,Ground Nuts,Kharif,Deep Black,Tubewell,9.0,1000.0,5022,8895,2817,11536,5694,3090,1495,38550,6.3,7042,6112,44395,5845,15.16
2024,Bhopal,Ground Nuts,Kharif,Medium Black,Rainfed,2.1,869.0,4454,7232,3147,8526,3819,0,1490,28669,5.45,7841,6112,42698,14029,48.93
2024,Bhopal,Ground Nuts,Kharif,Red-Yellow,Canal,11.4,881.0,3832,6846,3184,10730,5110,2553,1336,33592,5.56,7972,6112,44317,10725,31.93
2024,Bhopal,Ground Nuts,Kharif,Red-Yellow,Tubewell,11.7,969.0,4849,9544,2043,11259,5209,2126,1449,36479,7.17,7355,6112,52716,16237,44.51
2024,Bhopal,Ground Nuts,Kharif,Red-Yellow,Canal,2.5,875.0,3370,7806,1820,10994,4458,2772,1480,32701,5.18,6916,6112,35820,3119,9.54
2024,Bhopal,Ground Nuts,Kharif,Medium Black,Canal,2.3,939.0,4102,7827,2192,9452,4105,3660,1358,32696,6.69,7892,6112,52786,20090,61.44
2024,Bhopal,Ground Nuts,Kharif,Deep Black,Tubewell,1.1,963.0,3829,8761,3022,11046,4347,2039,1829,34874,6.24,7843,6112,48911,14037,40.25
2024,Bhopal,Ground Nuts,Kharif,Deep Black,Tubewell,11.0,893.0,3488,10005,3274,11453,5927,1762,1301,37209,5.98,7459,6112,44591,7382,19.84
2024,Bhopal,Ground Nuts,Kharif,Medium Black,Canal,7.8,873.0,4402,9561,1505,10453,4177,2161,1239,33498,7.59,7269,6112,55177,21679,64.72
2024,Bhopal,Ground Nuts,Kharif,Deep Black,Tubewell,6.5,975.0,5041,9550,2057,9149,4657,2194,2047,34695,7.88,6955,6112,54790,20095,57.92
2024,Bhopal,Ground Nuts,Kharif,Medium Black,Tubewell,5.6,854.0,3258,9508,3422,9176,4325,2704,2146,34539,6.33,8803,6112,55718,21179,61.32
2024,Bhopal,Ground Nuts,Kharif,Medium Black,Canal,11.4,1026.0,3574,10273,3570,8309,5367,1558,1604,34255,6.74,8065,6112,54335,20080,58.62
2024,Bhopal,Ground Nuts,Kharif,Alluvial,Canal,7.1,873.0,3289,9560,1632,8983,5950,2500,1292,33206,6.77,7618,6112,51602,18396,55.4
2024,Bhopal,Ground Nuts,Kharif,Medium Black,Rainfed,1.1,954.0,4138,10494,2519,11440,5906,0,1934,36430,6.86,7722,6112,52990,16560,45.46
2024,Bhopal,Ground Nuts,Kharif,Medium Black,Rainfed,9.4,945.0,4508,9962,2774,11272,4870,0,1876,35261,4.88,8195,6112,39951,4690,13.3
2024,Bhopal,Ground Nuts,Kharif,Medium Black,Drip,10.4,1035.0,4052,9864,2512,9759,4783,2599,2024,35593,7.33,7621,6112,55840,20246,56.88
2024,Bhopal,Ground Nuts,Kharif,Deep Black,Rainfed,3.0,1037.0,5166,9264,3134,10850,4814,0,1192,34421,5.89,7929,6112,46669,12248,35.58
2024,Bhopal,Ground Nuts,Kharif,Alluvial,Canal,10.2,996.0,4391,10334,1588,11014,4821,3448,1293,36888,7.21,7428,6112,53583,16696,45.26
2024,Bhopal,Ground Nuts,Kharif,Medium Black,Tubewell,10.5,980.0,4485,10248,1697,8831,3756,1751,1156,31923,6.83,7159,6112,48874,16951,53.1
2024,Bhopal,Ground Nuts,Kharif,Medium Black,Canal,1.4,1025.0,5199,10188,1553,10466,5169,2702,1336,36613,6.73,7477,6112,50324,13711,37.45
2024,Bhopal,Ground Nuts,Kharif,Medium Black,Rainfed,10.8,891.0,3472,9662,2474,9347,4037,0,2119,31111,6.87,7632,6112,52448,21337,68.58
2019,Bhopal,Maize,Kharif,Medium Black,Tubewell,1.9,1042.0,1888,5615,1749,4674,2442,1088,1167,18622,15.12,1968,1760,29746,11124,59.74
2019,Bhopal,Maize,Kharif,Deep Black,Rainfed,9.4,1125.0,2312,5371,1099,6539,2432,0,737,18491,12.67,1844,1760,23363,4872,26.35
2019,Bhopal,Maize,Kharif,Red-Yellow,Tubewell,2.9,1104.0,1774,4803,940,5360,2108,1074,860,16919,14.53,2042,1760,29669,12750,75.36
2019,Bhopal,Maize,Kharif,Red-Yellow,Rainfed,6.2,1136.0,1999,5225,1896,5849,2324,0,1061,18354,13.29,2144,1760,28487,10133,55.21
2019,Bhopal,Maize,Kharif,Alluvial,Rainfed,9.4,1120.0,1972,3921,2073,5465,2897,0,713,17042,11.26,2242,1760,25241,8199,48.11
2019,Bhopal,Maize,Kharif,Medium Black,Tubewell,6.9,1059.0,2101,4115,1399,6645,2744,1691,1092,19787,13.84,1922,1760,26593,6806,34.4
2019,Bhopal,Maize,Kharif,Red-Yellow,Canal,2.1,1156.0,1855,5196,989,6391,2695,1238,1083,19446,15.77,2103,1760,33158,13712,70.51
2019,Bhopal,Maize,Kharif,Medium Black,Tubewell,5.3,1045.0,1706,4827,997,4848,2972,1733,784,17866,14.52,2066,1760,29994,12128,67.88
2019,Bhopal,Maize,Kharif,Medium Black,Drip,3.6,1110.0,2449,4910,892,5458,3094,2159,1191,20153,16.94,2215,1760,37518,17366,86.17
2019,Bhopal,Maize,Kharif,Deep Black,Canal,6.5,1034.0,2233,4124,1358,6225,3081,1521,1044,19585,11.78,2077,1760,24458,4872,24.88
2019,Bhopal,Maize,Kharif,Deep Black,Drip,8.3,1170.0,2486,3920,955,5926,3170,2237,705,19400,15.71,2173,1760,34143,14743,76.0
2019,Bhopal,Maize,Kharif,Medium Black,Rainfed,1.4,1069.0,1942,5036,2012,6590,2138,0,985,18703,11.06,2258,1760,24978,6274,33.55
2019,Bhopal,Maize,Kharif,Deep Black,Rainfed,10.5,993.0,2686,4591,906,6104,2643,0,875,17807,14.34,2132,1760,30572,12766,71.69
2019,Bhopal,Maize,Kharif,Deep Black,Tubewell,6.9,1017.0,2939,4839,1963,4763,2549,1432,885,19370,11.97,1977,1760,23667,4297,22.19
2019,Bhopal,Maize,Kharif,Red-Yellow,Rainfed,1.1,1138.0,1691,5195,1115,5327,2423,0,875,16625,13.81,1904,1760,26296,9671,58.17
2019,Bhopal,Maize,Kharif,Alluvial,Drip,6.6,1126.0,2247,4353,1989,5879,2978,2239,1248,20933,15.48,2239,1760,34674,13741,65.64
2019,Bhopal,Maize,Kharif,Medium Black,Canal,2.9,1001.0,1768,3886,1046,6239,2855,1762,981,18537,12.31,1985,1760,24436,5899,31.82
2019,Bhopal,Maize,Kharif,Deep Black,Tubewell,6.6,1140.0,2394,5378,1606,5210,2847,1903,907,20245,15.26,2033,1760,31025,10779,53.24
2019,Bhopal,Maize,Kharif,Medium Black,Canal,4.0,1038.0,2354,4148,1683,6106,2363,1260,722,18637,13.07,2002,1760,26170,7534,40.42
2019,Bhopal,Maize,Kharif,Medium Black,Drip,11.4,1096.0,2085,5861,1112,6123,3249,1360,1173,20964,16.94,1967,1760,33320,12356,58.94
2019,Bhopal,Maize,Kharif,Medium Black,Drip,8.1,1030.0,2239,4712,1149,5636,3048,1269,933,18987,15.26,2118,1760,32304,13318,70.14
2019,Bhopal,Maize,Kharif,Deep Black,Tubewell,10.2,1116.0,2858,5352,2007,5674,2431,1145,1126,20594,15.13,1977,1760,29909,9316,45.24
2019,Bhopal,Maize,Kharif,Red-Yellow,Rainfed,6.4,1135.0,2735,5106,1662,6233,3272,0,879,19885,13.2,2076,1760,27409,7523,37.83
2019,Bhopal,Maize,Kharif,Deep Black,Drip,7.4,1199.0,2749,5371,1954,5901,2407,1121,1110,20613,16.69,2130,1760,35556,14943,72.5
2019,Bhopal,Maize,Kharif,Red-Yellow,Rainfed,2.2,1107.0,1963,5163,1513,5940,2817,0,792,18187,13.06,2045,1760,26706,8519,46.84
2020,Bhopal,Maize,Kharif,Medium Black,Rainfed,4.2,1113.0,2023,5843,1070,6219,3167,0,876,19198,10.48,2100,1813,22012,2815,14.66
2020,Bhopal,Maize,Kharif,Medium Black,Tubewell,4.9,1101.0,2910,4209,1024,6893,3259,1445,1207,20948,15.25,2223,1813,33901,12953,61.84
2020,Bhopal,Maize,Kharif,Medium Black,Rainfed,4.4,1040.0,1833,5758,1744,5376,2847,0,1249,18808,11.91,2203,1813,26226,7419,39.44
2020,Bhopal,Maize,Kharif,Medium Black,Rainfed,1.2,1033.0,2823,5762,2106,5197,2440,0,1189,19517,13.0,2275,1813,29571,10054,51.51
2020,Bhopal,Maize,Kharif,Medium Black,Rainfed,5.8,1199.0,2921,4660,1527,5878,2675,0,911,18572,14.69,2213,1813,32520,13949,75.11
2020,Bhopal,Maize,Kharif,Medium Black,Tubewell,4.4,1244.0,1867,5275,1409,5768,2181,2113,1243,19857,19.39,2075,1813,40233,20376,102.62
2020,Bhopal,Maize,Kharif,Medium Black,Canal,9.6,1044.0,2206,5382,1773,6522,2906,1311,740,20841,14.8,2158,1813,31933,11092,53.22
2020,Bhopal,Maize,Kharif,Alluvial,Canal,11.3,1233.0,1853,5205,1785,4880,2983,1585,1113,19405,17.17,2107,1813,36175,16770,86.42
2020,Bhopal,Maize,Kharif,Medium Black,Rainfed,5.2,1103.0,2528,6010,1798,6189,2431,0,1202,20158,12.91,2047,1813,26435,6277,31.14
2020,Bhopal,Maize,Kharif,Medium Black,Tubewell,7.2,1258.0,2244,4723,1907,4938,2318,1833,733,18697,16.15,2271,1813,36692,17995,96.24
2020,Bhopal,Maize,Kharif,Deep Black,Canal,3.2,1155.0,2579,5957,1770,6047,2586,1654,655,21247,14.49,2096,1813,30369,9122,42.93
2020,Bhopal,Maize,Kharif,Deep Black,Rainfed,3.1,1067.0,2047,5749,2115,5504,2957,0,1264,19635,14.62,1949,1813,28491,8856,45.1
2020,Bhopal,Maize,Kharif,Medium Black,Tubewell,2.8,1046.0,2925,4721,1548,5150,2999,1454,1242,20039,16.32,2114,1813,34506,14468,72.2
2020,Bhopal,Maize,Kharif,Medium Black,Drip,8.7,1114.0,2997,4648,1133,6104,3393,2660,753,21688,18.11,2140,1813,38741,17053,78.63
2020,Bhopal,Maize,Kharif,Deep Black,Canal,2.9,1094.0,2660,4176,1228,5624,2520,1359,847,18414,15.01,2233,1813,33514,15100,82.0
2020,Bhopal,Maize,Kharif,Alluvial,Tubewell,2.3,1053.0,2899,4152,920,5356,3284,968,786,18365,13.24,2290,1813,30318,11952,65.08
2020,Bhopal,Maize,Kharif,Medium Black,Canal,11.6,1161.0,2455,5566,1524,5705,2491,2153,911,20805,15.09,2314,1813,34905,14100,67.77
2020,Bhopal,Maize,Kharif,Medium Black,Canal,10.4,1237.0,2563,4994,1677,6451,3250,1776,652,21362,13.86,2072,1813,28722,7360,34.45
2020,Bhopal,Maize,Kharif,Medium Black,Rainfed,3.2,1178.0,2709,3950,1617,5020,3301,0,1033,17629,11.42,2017,1813,23028,5399,30.63
2020,Bhopal,Maize,Kharif,Medium Black,Rainfed,8.1,1068.0,2003,5662,1922,5641,2964,0,1043,19235,13.34,2175,1813,29005,9770,50.79
2020,Bhopal,Maize,Kharif,Medium Black,Drip,9.3,1220.0,2023,4344,1377,6428,2834,1656,1148,19809,14.98,2028,1813,30382,10573,53.38
2020,Bhopal,Maize,Kharif,Medium Black,Tubewell,5.3,1168.0,2118,5994,1462,6783,2332,2029,886,21605,14.53,2050,1813,29794,8188,37.9
2020,Bhopal,Maize,Kharif,Medium Black,Canal,11.5,1191.0,2041,5269,1508,5378,3250,1330,1048,19823,16.25,2055,1813,33388,13565,68.43
2020,Bhopal,Maize,Kharif,Medium Black,Tubewell,7.6,1094.0,2670,5396,1634,6624,2775,885,1242,21225,16.79,1968,1813,33050,11826,55.72
2020,Bhopal,Maize,Kharif,Medium Black,Canal,3.6,1052.0,2840,5299,1722,6518,2595,906,915,20795,13.63,2070,1813,28219,7424,35.7
2021,Bhopal,Maize,Kharif,Deep Black,Tubewell,7.2,1126.0,2118,6256,2164,6668,3006,2210,1020,23441,16.22,1895,1883,30737,7296,31.12
2021,Bhopal,Maize,Kharif,Medium Black,Canal,1.5,1004.0,2680,5291,1481,5434,2665,1925,1158,20633,10.43,2021,1883,21076,443,2.15
2021,Bhopal,Maize,Kharif,Alluvial,Tubewell,9.0,1122.0,2708,5315,2181,5768,2492,1451,1054,20969,15.14,2071,1883,31353,10384,49.52
2021,Bhopal,Maize,Kharif,Deep Black,Drip,5.5,1032.0,2915,5065,2227,5744,3530,2393,773,22647,12.57,1974,1883,24821,2174,9.6
2021,Bhopal,Maize,Kharif,Red-Yellow,Rainfed,2.2,1022.0,2692,5504,1605,6321,2867,0,1086,20075,13.33,1883,1883,25107,5031,25.06
2021,Bhopal,Maize,Kharif,Deep Black,Rainfed,1.8,954.0,2287,5660,1582,6107,3238,0,1002,19876,11.72,2065,1883,24213,4337,21.82
2021,Bhopal,Maize,Kharif,Medium Black,Drip,7.9,968.0,2316,6091,1780,5541,3179,1932,1210,22049,14.1,1829,1883,26545,4496,20.39
2021,Bhopal,Maize,Kharif,Deep Black,Drip,3.2,1080.0,2038,6229,1855,5396,2359,1945,992,20814,16.86,1829,1883,31760,10946,52.59
2021,Bhopal,Maize,Kharif,Medium Black,Canal,4.1,1013.0,2717,5800,1879,7015,3396,1195,1332,23334,14.49,1886,1883,27330,3996,17.12
2021,Bhopal,Maize,Kharif,Deep Black,Tubewell,8.8,959.0,2268,5663,1832,6588,3081,999,1054,21485,14.08,2011,1883,28319,6834,31.81
2021,Bhopal,Maize,Kharif,Red-Yellow,Rainfed,7.0,982.0,3104,5878,2113,6768,2793,0,1303,21960,12.86,1891,1883,24323,2363,10.76
2021,Bhopal,Maize,Kharif,Alluvial,Rainfed,8.4,1128.0,3105,4123,2143,6073,3492,0,797,19733,10.93,1872,1883,20577,844,4.28
2021,Bhopal,Maize,Kharif,Deep Black,Drip,3.2,969.0,2551,5771,1197,6954,2960,1242,927,21603,13.77,2116,1883,29135,7532,34.87
2021,Bhopal,Maize,Kharif,Medium Black,Canal,2.0,1145.0,3107,4066,1661,6633,3149,1581,969,21166,12.53,2034,1883,25482,4316,20.39
2021,Bhopal,Maize,Kharif,Deep Black,Rainfed,8.7,1069.0,2511,5320,2174,6854,2603,0,1049,20510,10.5,1948,1883,20459,-51,-0.25
2021,Bhopal,Maize,Kharif,Deep Black,Rainfed,8.0,1070.0,2304,5709,2162,6218,2703,0,1105,20200,12.69,1943,1883,24653,4453,22.05
2021,Bhopal,Maize,Kharif,Alluvial,Tubewell,11.4,1042.0,2634,4688,2060,6275,2521,948,1266,20392,14.32,2048,1883,29318,8926,43.77
2021,Bhopal,Maize,Kharif,Deep Black,Tubewell,2.7,1145.0,3066,4949,1814,5124,3342,1115,1346,20757,15.91,1960,1883,31173,10416,50.18
2021,Bhopal,Maize,Kharif,Medium Black,Tubewell,10.7,1137.0,2768,4660,2166,5088,3210,1012,1199,20103,15.04,1983,1883,29838,9734,48.42
2021,Bhopal,Maize,Kharif,Red-Yellow,Tubewell,1.1,1156.0,2080,4908,1343,6976,3574,1512,1007,21401,15.84,2107,1883,33376,11975,55.96
2021,Bhopal,Maize,Kharif,Red-Yellow,Drip,5.0,1038.0,3089,5028,1447,5790,3405,1998,1110,21868,13.81,1918,1883,26486,4618,21.12
2021,Bhopal,Maize,Kharif,Medium Black,Tubewell,11.1,1147.0,2954,5275,1493,6447,2607,1689,1121,21586,16.68,1944,1883,32420,10835,50.19
2021,Bhopal,Maize,Kharif,Medium Black,Tubewell,10.1,1129.0,1838,5002,1607,5982,3498,1794,1198,20918,11.17,1954,1883,21824,905,4.33
2021,Bhopal,Maize,Kharif,Red-Yellow,Rainfed,8.1,1143.0,3107,5506,1251,6264,2966,0,873,19967,12.9,1889,1883,24373,4407,22.07
2021,Bhopal,Maize,Kharif,Alluvial,Rainfed,3.5,973.0,2904,4169,1776,5276,2422,0,1009,17556,10.97,1837,1883,20659,3103,17.67
2022,Bhopal,Maize,Kharif,Deep Black,Tubewell,7.9,996.0,2305,5914,1644,5378,2441,2293,1317,21292,13.89,2822,1989,39209,17917,84.15
2022,Bhopal,Maize,Kharif,Red-Yellow,Tubewell,9.4,939.0,1913,5995,1619,5829,3005,1736,1011,21108,13.52,2554,1989,34546,13438,63.66
2022,Bhopal,Maize,Kharif,Deep Black,Tubewell,6.8,919.0,2064,6207,1795,6724,2528,1240,1190,21749,9.49,2512,1989,23830,2081,9.57
2022,Bhopal,Maize,Kharif,Red-Yellow,Tubewell,5.8,956.0,2909,5786,2090,6552,3314,1227,827,22705,14.17,2300,1989,32581,9876,43.5
2022,Bhopal,Maize,Kharif,Medium Black,Canal,9.2,997.0,2790,4861,2112,7168,3480,1687,1099,23196,12.59,2644,1989,33280,10084,43.47
2022,Bhopal,Maize,Kharif,Alluvial,Drip,5.2,902.0,2536,5980,1822,7016,2795,2761,1250,24159,15.34,2500,1989,38355,14196,58.76
2022,Bhopal,Maize,Kharif,Alluvial,Tubewell,8.7,913.0,3210,5596,2268,6592,2931,2013,1110,23720,14.31,2425,1989,34697,10976,46.27
2022,Bhopal,Maize,Kharif,Red-Yellow,Tubewell,1.1,1054.0,2209,5818,1843,7042,2975,1188,962,22039,13.51,2651,1989,35816,13777,62.51
2022,Bhopal,Maize,Kharif,Medium Black,Drip,11.9,1034.0,2937,6173,1734,6767,3436,1842,858,23748,15.64,2766,1989,43250,19502,82.12
2022,Bhopal,Maize,Kharif,Medium Black,Tubewell,10.8,890.0,2097,4307,1792,7508,2534,1177,1197,20612,10.99,2499,1989,27455,6843,33.2
2022,Bhopal,Maize,Kharif,Medium Black,Tubewell,4.2,1012.0,3259,6122,1793,5572,2488,1865,1093,22192,13.04,2621,1989,34184,11993,54.04
2022,Bhopal,Maize,Kharif,Medium Black,Tubewell,8.0,1011.0,3106,5367,1664,5910,3689,1877,1312,22924,15.52,2401,1989,37281,14357,62.63
2022,Bhopal,Maize,Kharif,Deep Black,Canal,4.3,886.0,2177,4349,1390,6480,2940,1014,815,19165,12.26,2617,1989,32067,12902,67.32
2022,Bhopal,Maize,Kharif,Deep Black,Canal,2.1,1037.0,2774,6614,1018,5651,3101,2280,1411,22850,17.64,2511,1989,44297,21448,93.86
2022,Bhopal,Maize,Kharif,Medium Black,Tubewell,11.5,908.0,2700,5610,2332,5380,2799,1193,871,20884,12.66,2704,1989,34214,13329,63.82
2022,Bhopal,Maize,Kharif,Alluvial,Tubewell,5.5,899.0,2207,4795,1759,5934,2769,1695,724,19882,11.73,2453,1989,28772,8890,44.71
2022,Bhopal,Maize,Kharif,Medium Black,Canal,6.7,875.0,2796,5424,1494,5743,3357,1789,959,21562,10.94,2698,1989,29510,7948,36.86
2022,Bhopal,Maize,Kharif,Red-Yellow,Tubewell,3.7,964.0,3184,4506,1126,6983,2990,2065,1084,21938,13.5,2773,1989,37419,15482,70.57
2022,Bhopal,Maize,Kharif,Red-Yellow,Rainfed,7.1,963.0,2906,6476,2277,5684,3716,0,1258,22318,10.55,2407,1989,25388,3070,13.76
2022,Bhopal,Maize,Kharif,Medium Black,Rainfed,8.3,922.0,3246,4958,1905,5346,2741,0,1108,19304,10.06,2670,1989,26866,7562,39.17
2022,Bhopal,Maize,Kharif,Medium Black,Canal,8.0,1036.0,2057,4368,2117,6826,3044,2172,860,21445,13.34,2590,1989,34547,13102,61.09
2022,Bhopal,Maize,Kharif,Red-Yellow,Tubewell,8.6,882.0,2708,5014,2152,5972,2460,1075,930,20309,12.52,2405,1989,30108,9799,48.25
2022,Bhopal,Maize,Kharif,Deep Black,Rainfed,5.5,996.0,2847,5681,1989,7537,2629,0,1170,21853,10.88,2464,1989,26798,4945,22.63
2022,Bhopal,Maize,Kharif,Deep Black,Canal,4.7,965.0,2725,4329,2308,6851,3320,1739,940,22214,13.03,2565,1989,33416,11202,50.43
2022,Bhopal,Maize,Kharif,Medium Black,Drip,4.1,1008.0,2081,5872,2100,6224,3268,2272,1271,23088,15.05,2436,1989,36658,13570,58.77
2023,Bhopal,Maize,Kharif,Red-Yellow,Canal,5.1,946.0,2099,5822,2190,6322,2952,1895,1482,22762,12.78,2483,2094,31746,8984,39.47
2023,Bhopal,Maize,Kharif,Medium Black,Drip,1.5,959.0,2458,4573,1481,7366,3520,2756,1044,23197,13.48,2408,2094,32464,9268,39.95
2023,Bhopal,Maize,Kharif,Red-Yellow,Canal,11.2,1095.0,3041,5792,1979,7529,3294,1492,834,23962,15.24,2662,2094,40561,16600,69.28
2023,Bhopal,Maize,Kharif,Deep Black,Canal,2.0,1032.0,2906,5671,2419,6187,3420,1756,1465,23824,12.99,2603,2094,33828,10004,41.99
2023,Bhopal,Maize,Kharif,Medium Black,Drip,5.4,1075.0,3474,4577,1809,6947,3917,2439,915,24078,12.38,2372,2094,29360,5282,21.94
2023,Bhopal,Maize,Kharif,Medium Black,Tubewell,7.8,948.0,2181,4748,1763,6301,2769,2107,1208,21078,13.74,2693,2094,36999,15921,75.54
2023,Bhopal,Maize,Kharif,Red-Yellow,Tubewell,3.9,1019.0,2854,5956,2377,7059,3026,2191,871,24333,13.32,2657,2094,35397,11064,45.47
2023,Bhopal,Maize,Kharif,Red-Yellow,Canal,6.2,934.0,2756,5177,1945,6283,3367,2470,1498,23497,14.26,2511,2094,35821,12324,52.45
2023,Bhopal,Maize,Kharif,Deep Black,Rainfed,5.6,1123.0,2506,5467,1503,7460,3934,0,1172,22042,11.06,2608,2094,28849,6807,30.88
2023,Bhopal,Maize,Kharif,Alluvial,Canal,10.7,947.0,2402,5512,1228,7909,3543,1582,1493,23668,10.97,2629,2094,28850,5182,21.9
2023,Bhopal,Maize,Kharif,Medium Black,Rainfed,7.9,965.0,2106,5914,1095,7655,2503,0,822,20094,8.86,2756,2094,24409,4315,21.47
2023,Bhopal,Maize,Kharif,Medium Black,Tubewell,4.5,1123.0,2101,5024,1969,5768,3333,1382,774,20351,13.49,2580,2094,34785,14434,70.92
2023,Bhopal,Maize,Kharif,Deep Black,Drip,2.7,977.0,2548,5114,1359,6112,3885,1459,1375,21853,13.39,2675,2094,35818,13965,63.91
2023,Bhopal,Maize,Kharif,Red-Yellow,Tubewell,5.9,977.0,3390,5226,2105,7152,3885,1347,997,24101,11.81,2743,2094,32404,8303,34.45
2023,Bhopal,Maize,Kharif,Deep Black,Drip,3.9,1110.0,2669,6425,2058,6061,2880,1698,1261,23052,13.53,2572,2094,34793,11741,50.93
2023,Bhopal,Maize,Kharif,Deep Black,Tubewell,10.0,1097.0,2374,5711,1435,5711,3041,1508,1093,20873,13.72,2760,2094,37860,16986,81.38
2023,Bhopal,Maize,Kharif,Medium Black,Tubewell,2.5,962.0,2095,5975,1080,7103,2745,2272,1252,22522,13.97,2408,2094,33637,11115,49.35
2023,Bhopal,Maize,Kharif,Medium Black,Tubewell,6.1,1126.0,2902,4695,2378,5860,3555,2035,1020,22444,13.85,2664,2094,36887,14443,64.35
2023,Bhopal,Maize,Kharif,Medium Black,Tubewell,8.5,934.0,2076,6521,2467,7923,3726,2342,1211,26267,12.65,2669,2094,33770,7502,28.56
2023,Bhopal,Maize,Kharif,Deep Black,Rainfed,8.7,990.0,2399,5779,1423,7688,3654,0,797,21739,11.76,2705,2094,31802,10062,46.29
2023,Bhopal,Maize,Kharif,Medium Black,Canal,9.5,1071.0,3383,5445,2056,6304,3824,2160,900,24073,11.78,2551,2094,30058,5985,24.86
2023,Bhopal,Maize,Kharif,Red-Yellow,Canal,3.0,1079.0,2428,5262,1099,5624,3356,1207,1472,20449,14.29,2483,2094,35476,15028,73.49
2023,Bhopal,Maize,Kharif,Red-Yellow,Rainfed,2.2,950.0,2124,4637,2109,7365,3448,0,1116,20799,10.16,2740,2094,27828,7029,33.79
2023,Bhopal,Maize,Kharif,Medium Black,Rainfed,8.6,1067.0,2321,5087,2469,7868,3621,0,1338,22705,13.47,2572,2094,34644,11940,52.59
2023,Bhopal,Maize,Kharif,Medium Black,Rainfed,5.9,943.0,3264,5484,1719,6888,3340,0,1457,22152,9.41,2516,2094,23683,1531,6.91
2024,Bhopal,Maize,Kharif,Medium Black,Tubewell,10.5,887.0,2777,6254,1689,8106,2767,1934,1114,24640,12.53,2354,2200,29495,4855,19.7
2024,Bhopal,Maize,Kharif,Medium Black,Rainfed,11.4,903.0,2968,6088,1163,7896,3221,0,953,22289,12.2,2219,2200,27064,4776,21.43
2024,Bhopal,Maize,Kharif,Medium Black,Canal,9.5,987.0,3453,4864,1059,5905,3151,1768,792,20992,13.47,2186,2200,29645,8653,41.22
2024,Bhopal,Maize,Kharif,Red-Yellow,Rainfed,4.4,941.0,2606,7322,1538,7558,3394,0,1005,23422,12.5,2420,2200,30260,6838,29.2
2024,Bhopal,Maize,Kharif,Alluvial,Rainfed,7.5,995.0,2462,6458,2162,6234,2849,0,1184,21349,12.0,2401,2200,28808,7460,34.94
2024,Bhopal,Maize,Kharif,Medium Black,Canal,11.0,937.0,2949,4962,1955,7063,2687,2154,1187,22956,12.97,2441,2200,31651,8695,37.87
2024,Bhopal,Maize,Kharif,Medium Black,Drip,5.8,886.0,2379,5916,1636,8147,4161,2332,1005,25576,12.66,2412,2200,30533,4957,19.38
2024,Bhopal,Maize,Kharif,Deep Black,Rainfed,5.6,949.0,3523,5846,2225,5812,4147,0,1146,22699,12.96,2459,2200,31867,9168,40.39
2024,Bhopal,Maize,Kharif,Red-Yellow,Rainfed,9.8,889.0,2986,7307,1140,7184,2654,0,1559,22830,11.37,2420,2200,27511,4681,20.51
2024,Bhopal,Maize,Kharif,Deep Black,Rainfed,8.8,897.0,3448,4970,2449,6682,3234,0,1105,21888,10.86,2471,2200,26828,4940,22.57
2024,Bhopal,Maize,Kharif,Red-Yellow,Canal,4.8,866.0,2883,5112,2039,8389,4044,2214,1089,25770,12.51,2292,2200,28670,2900,11.25
2024,Bhopal,Maize,Kharif,Medium Black,Rainfed,9.8,875.0,2247,6835,1550,8335,3651,0,1462,24080,11.02,2410,2200,26565,2485,10.32
2024,Bhopal,Maize,Kharif,Alluvial,Canal,5.3,873.0,3094,5056,2061,8000,3090,2251,998,24550,10.16,2448,2200,24859,310,1.26
2024,Bhopal,Maize,Kharif,Medium Black,Tubewell,2.6,898.0,3475,7033,1307,6661,3428,1154,1080,24138,13.81,2388,2200,32973,8835,36.6
2024,Bhopal,Maize,Kharif,Medium Black,Canal,3.4,982.0,3653,5071,1233,7163,3733,2544,1271,24667,13.44,2337,2200,31407,6740,27.33
2024,Bhopal,Maize,Kharif,Deep Black,Tubewell,5.7,953.0,2950,6779,1654,7127,3443,1066,1046,24065,12.76,2458,2200,31367,7302,30.34
2024,Bhopal,Maize,Kharif,Medium Black,Tubewell,9.5,923.0,3356,5361,2502,7690,2972,2162,1185,25229,11.65,2411,2200,28083,2854,11.31
2024,Bhopal,Maize,Kharif,Medium Black,Rainfed,1.2,967.0,3189,4745,1890,6403,2817,0,1101,20145,12.23,2583,2200,31584,11439,56.78
2024,Bhopal,Maize,Kharif,Alluvial,Rainfed,3.3,956.0,2753,6675,1455,7870,2969,0,835,22556,13.64,2533,2200,34559,12002,53.21
2024,Bhopal,Maize,Kharif,Alluvial,Canal,7.4,876.0,2325,6462,1491,6861,3056,2080,898,23173,13.32,2280,2200,30377,7205,31.09
2024,Bhopal,Maize,Kharif,Medium Black,Rainfed,4.9,1032.0,2350,6158,1633,7813,2833,0,1310,22097,13.95,2342,2200,32664,10566,47.82
2024,Bhopal,Maize,Kharif,Medium Black,Canal,3.9,955.0,2951,7226,2218,7141,2755,1974,1256,25521,11.41,2484,2200,28330,2809,11.01
2024,Bhopal,Maize,Kharif,Deep Black,Canal,8.8,883.0,2907,5478,2486,7615,3438,2179,1138,25240,11.72,2476,2200,29009,3770,14.94
2024,Bhopal,Maize,Kharif,Deep Black,Rainfed,10.6,1001.0,2172,6901,2625,7319,3559,0,1270,23847,12.78,2450,2200,31302,7456,31.27
2024,Bhopal,Maize,Kharif,Red-Yellow,Drip,10.8,892.0,3045,6262,1108,7418,3230,2245,934,24243,15.68,2518,2200,39486,15243,62.88
2019,Bhopal,Millets,Kharif,Medium Black,Drip,1.4,1144.0,1349,2497,540,3319,1420,1126,630,10882,4.5,2754,2000,12393,1512,13.89
2019,Bhopal,Millets,Kharif,Medium Black,Canal,10.4,999.0,1149,2736,538,3629,1377,1156,579,11163,5.49,2887,2000,15846,4683,41.95
2019,Bhopal,Millets,Kharif,Deep Black,Rainfed,3.0,1106.0,1018,2707,783,2660,1749,0,615,9531,4.77,2745,2000,13091,3560,37.35
2019,Bhopal,Millets,Kharif,Alluvial,Canal,9.7,1028.0,1660,2501,1069,3124,1772,740,428,11294,4.66,2679,2000,12471,1178,10.43
2019,Bhopal,Millets,Kharif,Deep Black,Canal,4.2,1179.0,991,3096,800,2952,1477,755,502,10572,5.35,2728,2000,14579,4007,37.9
2019,Bhopal,Millets,Kharif,Alluvial,Rainfed,6.6,1155.0,1604,2924,880,3016,1229,0,622,10275,5.14,2696,2000,13848,3573,34.77
2019,Bhopal,Millets,Kharif,Medium Black,Tubewell,4.1,1058.0,1244,3128,491,2736,1892,547,642,10681,4.84,2691,2000,13014,2334,21.85
2019,Bhopal,Millets,Kharif,Medium Black,Canal,5.1,1079.0,1338,3071,575,3607,1827,808,489,11716,5.19,2472,2000,12820,1105,9.43
2019,Bhopal,Millets,Kharif,Medium Black,Drip,5.3,1132.0,1381,2535,601,3741,1561,1279,426,11523,4.56,2929,2000,13361,1838,15.95
2019,Bhopal,Millets,Kharif,Medium Black,Tubewell,2.0,1171.0,1665,2715,883,3699,1223,935,544,11664,5.83,2776,2000,16176,4512,38.69
2019,Bhopal,Millets,Kharif,Deep Black,Tubewell,6.3,1201.0,1105,3098,572,2669,1329,1149,674,10595,5.81,2743,2000,15937,5342,50.42
2019,Bhopal,Millets,Kharif,Deep Black,Rainfed,5.7,991.0,1379,2378,582,3766,1232,0,711,10046,3.81,2934,2000,11182,1135,11.3
2019,Bhopal,Millets,Kharif,Medium Black,Drip,10.2,1095.0,1601,3238,1189,3072,1542,644,498,11784,5.24,2563,2000,13435,1652,14.02
2019,Bhopal,Millets,Kharif,Red-Yellow,Canal,11.2,1016.0,1504,2189,863,3268,1498,1174,496,10992,5.1,2659,2000,13573,2580,23.47
2019,Bhopal,Millets,Kharif,Red-Yellow,Rainfed,10.7,1030.0,1553,3293,717,3606,1886,0,628,11684,4.45,2569,2000,11428,-257,-2.2
2019,Bhopal,Millets,Kharif,Medium Black,Canal,10.5,1036.0,1295,2305,527,3301,1865,1187,373,10854,5.05,2716,2000,13717,2863,26.37
2019,Bhopal,Millets,Kharif,Deep Black,Canal,10.7,1061.0,1437,2166,628,3504,1884,819,529,10967,3.86,2844,2000,10966,-1,-0.01
2019,Bhopal,Millets,Kharif,Deep Black,Canal,5.5,1056.0,992,3025,1097,3735,1747,1064,575,12236,5.51,2999,2000,16535,4300,35.14
2019,Bhopal,Millets,Kharif,Medium Black,Tubewell,10.2,1059.0,1275,2478,755,3545,1765,1055,664,11536,4.17,2628,2000,10949,-587,-5.08
2019,Bhopal,Millets,Kharif,Medium Black,Rainfed,8.3,1106.0,1462,2960,962,2922,1217,0,703,10225,4.9,2752,2000,13500,3275,32.02
2019,Bhopal,Millets,Kharif,Medium Black,Tubewell,9.9,1120.0,1118,3000,547,3793,1811,609,656,11533,4.99,2857,2000,14265,2732,23.68
2019,Bhopal,Millets,Kharif,Deep Black,Tubewell,11.0,1025.0,1401,2870,848,2760,1773,708,455,10815,4.92,2594,2000,12773,1957,18.1
2019,Bhopal,Millets,Kharif,Medium Black,Rainfed,4.2,1065.0,1141,2674,661,3138,1767,0,541,9922,5.05,2899,2000,14636,4715,47.52
2019,Bhopal,Millets,Kharif,Deep Black,Drip,7.6,1004.0,1445,2810,627,3816,1906,847,410,11862,4.68,2719,2000,12722,861,7.26
2019,Bhopal,Millets,Kharif,Deep Black,Drip,7.7,1159.0,1498,2535,803,3811,1544,634,690,11515,5.38,2896,2000,15585,4070,35.34
2020,Bhopal,Millets,Kharif,Medium Black,Drip,4.4,1222.0,1231,3022,861,3064,1486,1087,528,11278,6.12,2868,2060,17560,6282,55.7
2020,Bhopal,Millets,Kharif,Deep Black,Tubewell,4.8,1053.0,1115,2532,1018,3065,1310,1103,533,10677,4.99,2711,2060,13517,2839,26.59
2020,Bhopal,Millets,Kharif,Red-Yellow,Canal,2.9,1255.0,1666,2390,983,3664,1392,1156,569,11820,5.61,3071,2060,17228,5409,45.76
2020,Bhopal,Millets,Kharif,Alluvial,Drip,3.0,1127.0,1507,3119,861,3313,1646,977,647,12070,5.07,2950,2060,14966,2896,23.99
2020,Bhopal,Millets,Kharif,Medium Black,Canal,10.5,1196.0,1244,3041,1219,2764,1438,745,609,11061,5.79,2732,2060,15811,4751,42.95
2020,Bhopal,Millets,Kharif,Red-Yellow,Tubewell,4.7,1123.0,1380,3077,753,2728,1466,825,496,10724,5.13,3055,2060,15684,4960,46.25
2020,Bhopal,Millets,Kharif,Deep Black,Tubewell,10.4,1131.0,1659,2760,943,3912,1239,1203,443,12159,4.7,3023,2060,14222,2063,16.97
2020,Bhopal,Millets,Kharif,Medium Black,Rainfed,3.1,1121.0,1105,2705,599,3491,1490,0,381,9770,4.57,2842,2060,12993,3223,32.99
2020,Bhopal,Millets,Kharif,Deep Black,Drip,9.7,1165.0,1067,3140,1008,3788,1974,1329,596,12902,5.99,2977,2060,17818,4916,38.1
2020,Bhopal,Millets,Kharif,Medium Black,Rainfed,4.2,1113.0,1094,2323,996,3105,1940,0,416,9874,4.9,2763,2060,13527,3653,37.0
2020,Bhopal,Millets,Kharif,Medium Black,Tubewell,3.1,1116.0,1151,2504,1215,3240,1698,1015,494,11317,5.11,3063,2060,15640,4323,38.2
2020,Bhopal,Millets,Kharif,Alluvial,Canal,9.6,1045.0,1416,3000,511,3893,1776,902,721,12220,5.07,3045,2060,15428,3207,26.25
2020,Bhopal,Millets,Kharif,Medium Black,Canal,6.3,1147.0,1659,2505,565,3716,1389,970,627,11432,5.06,2875,2060,14557,3126,27.34
2020,Bhopal,Millets,Kharif,Alluvial,Canal,7.8,1069.0,1682,2408,910,3033,1596,535,451,10615,4.71,2870,2060,13516,2901,27.33
2020,Bhopal,Millets,Kharif,Deep Black,Drip,10.0,1223.0,1550,2800,679,3788,1417,1598,376,12209,5.25,2965,2060,15554,3345,27.4
2020,Bhopal,Millets,Kharif,Alluvial,Rainfed,6.8,1194.0,1694,3015,582,3864,1623,0,633,11411,4.68,2912,2060,13617,2205,19.33
2020,Bhopal,Millets,Kharif,Red-Yellow,Tubewell,10.2,1241.0,1415,2235,1005,3208,1296,1082,650,10891,5.0,3242,2060,16219,5328,48.92
2020,Bhopal,Millets,Kharif,Deep Black,Rainfed,5.0,1219.0,1452,2550,840,3202,1540,0,620,10204,5.62,2780,2060,15613,5409,53.0
2020,Bhopal,Millets,Kharif,Medium Black,Tubewell,9.9,1125.0,1476,3023,1048,2926,1720,804,697,11694,6.31,3025,2060,19079,7385,63.16
2020,Bhopal,Millets,Kharif,Medium Black,Canal,11.3,1205.0,1692,2293,1006,3242,1733,592,607,11167,4.78,2964,2060,14184,3017,27.02
2020,Bhopal,Millets,Kharif,Medium Black,Tubewell,6.3,1247.0,1274,3209,1221,2759,1726,872,700,11762,5.4,2844,2060,15368,3606,30.66
2020,Bhopal,Millets,Kharif,Medium Black,Tubewell,10.9,1226.0,1096,3345,870,3937,1289,1017,477,12030,5.84,3294,2060,19248,7218,60.0
2020,Bhopal,Millets,Kharif,Medium Black,Tubewell,10.7,1128.0,1292,2358,1044,3439,1676,702,560,11071,5.5,2899,2060,15936,4865,43.94
2020,Bhopal,Millets,Kharif,Red-Yellow,Tubewell,11.7,1098.0,1085,2926,1211,3231,1243,715,723,11133,5.37,2990,2060,16067,4934,44.32
2020,Bhopal,Millets,Kharif,Deep Black,Tubewell,7.0,1069.0,1266,2708,1158,3386,1922,1226,693,12358,4.76,2939,2060,13986,1628,13.18
2021,Bhopal,Millets,Kharif,Deep Black,Rainfed,4.4,1018.0,1317,3256,1112,2842,1938,0,654,11119,4.78,2966,2140,14165,3046,27.4
2021,Bhopal,Millets,Kharif,Medium Black,Drip,1.1,1157.0,1111,3085,1267,4058,1352,1334,642,12850,5.35,3070,2140,16421,3571,27.79
2021,Bhopal,Millets,Kharif,Red-Yellow,Tubewell,2.2,1089.0,1240,2433,649,2886,1649,671,571,10098,4.46,3064,2140,13667,3569,35.34
2021,Bhopal,Millets,Kharif,Medium Black,Rainfed,10.3,985.0,1322,2797,864,3691,1295,0,449,10418,4.68,3111,2140,14552,4133,39.67
2021,Bhopal,Millets,Kharif,Deep Black,Canal,5.5,1115.0,1796,2626,1224,3962,1965,570,395,12539,4.75,3099,2140,14726,2187,17.44
2021,Bhopal,Millets,Kharif,Medium Black,Rainfed,2.2,1119.0,1548,3506,1189,2942,1304,0,559,11049,5.0,2938,2140,14682,3633,32.88
2021,Bhopal,Millets,Kharif,Medium Black,Canal,11.2,1135.0,1689,2743,1239,3819,1995,710,460,12657,4.23,2932,2140,12399,-258,-2.04
2021,Bhopal,Millets,Kharif,Red-Yellow,Tubewell,1.2,1012.0,1363,3005,1069,3083,1506,620,510,11156,5.48,2666,2140,14619,3463,31.04
2021,Bhopal,Millets,Kharif,Medium Black,Rainfed,7.7,969.0,1694,2517,663,3991,1700,0,764,11329,4.21,2974,2140,12522,1192,10.52
2021,Bhopal,Millets,Kharif,Medium Black,Canal,10.3,1125.0,1770,3466,1010,3574,1434,1256,668,13178,4.83,3038,2140,14665,1487,11.28
2021,Bhopal,Millets,Kharif,Medium Black,Canal,2.3,1162.0,1236,2352,893,2876,1523,1184,626,10690,4.93,3060,2140,15071,4381,40.98
2021,Bhopal,Millets,Kharif,Deep Black,Tubewell,10.0,1042.0,1629,2717,870,3991,1549,624,522,11902,5.15,3116,2140,16061,4158,34.94
2021,Bhopal,Millets,Kharif,Alluvial,Canal,2.1,992.0,1373,2456,1049,3202,2019,525,688,11312,4.26,2599,2140,11072,-240,-2.12
2021,Bhopal,Millets,Kharif,Deep Black,Tubewell,7.8,1013.0,1196,2364,809,4026,2030,575,602,11601,4.45,3265,2140,14515,2914,25.12
2021,Bhopal,Millets,Kharif,Medium Black,Drip,10.8,1143.0,1516,2516,1135,3817,1721,1181,605,12490,4.97,2859,2140,14220,1730,13.85
2021,Bhopal,Millets,Kharif,Medium Black,Tubewell,2.6,1045.0,1216,3424,852,3789,1586,1173,592,12632,5.62,3112,2140,17479,4847,38.37
2021,Bhopal,Millets,Kharif,Red-Yellow,Tubewell,4.0,1024.0,1718,3376,1096,3809,1972,1221,452,13644,4.66,2853,2140,13307,-336,-2.47
2021,Bhopal,Millets,Kharif,Alluvial,Canal,8.5,1156.0,1027,3508,1004,4013,1700,928,611,12791,5.12,3104,2140,15907,3116,24.36
2021,Bhopal,Millets,Kharif,Medium Black,Canal,5.3,1002.0,1079,2319,669,3983,1527,977,506,11059,4.12,3134,2140,12898,1839,16.63
2021,Bhopal,Millets,Kharif,Medium Black,Canal,5.0,968.0,1183,2813,532,3962,1548,523,623,11183,4.28,3166,2140,13563,2380,21.28
2021,Bhopal,Millets,Kharif,Alluvial,Tubewell,3.2,1036.0,1279,3437,685,3064,1481,697,586,11229,5.69,2649,2140,15068,3839,34.19
2021,Bhopal,Millets,Kharif,Deep Black,Tubewell,11.4,1054.0,1629,3543,1243,3517,1529,1034,649,13143,5.57,2729,2140,15188,2045,15.56
2021,Bhopal,Millets,Kharif,Deep Black,Rainfed,3.2,992.0,1259,3562,622,3286,1555,0,408,10692,4.99,2707,2140,13514,2823,26.4
2021,Bhopal,Millets,Kharif,Deep Black,Rainfed,2.9,1032.0,1215,2965,874,3226,1919,0,447,10645,4.41,2927,2140,12919,2274,21.36
2021,Bhopal,Millets,Kharif,Medium Black,Rainfed,11.3,1021.0,1288,3504,665,2909,1977,0,468,10811,4.82,2778,2140,13394,2583,23.89
2022,Bhopal,Millets,Kharif,Medium Black,Drip,5.4,1003.0,1896,2622,1194,3268,2146,796,460,12382,4.73,2854,2260,13489,1107,8.94
2022,Bhopal,Millets,Kharif,Medium Black,Tubewell,8.6,1036.0,1605,2566,680,3676,1635,767,412,11339,4.85,3265,2260,15827,4488,39.58
2022,Bhopal,Millets,Kharif,Red-Yellow,Drip,1.3,870.0,1607,2706,651,3337,1764,1505,758,12329,5.06,3058,2260,15470,3141,25.48
2022,Bhopal,Millets,Kharif,Deep Black,Rainfed,9.5,1040.0,1489,2726,1147,3017,2040,0,695,11115,4.63,3087,2260,14290,3175,28.57
2022,Bhopal,Millets,Kharif,Alluvial,Canal,8.4,892.0,1409,3604,764,3483,1913,653,473,12298,4.85,3081,2260,14938,2640,21.47
2022,Bhopal,Millets,Kharif,Medium Black,Canal,8.6,935.0,1377,2946,761,4058,1586,881,599,12209,5.4,3305,2260,17847,5639,46.18
2022,Bhopal,Millets,Kharif,Deep Black,Rainfed,8.0,941.0,1510,2470,817,3342,1594,0,408,10141,3.9,3231,2260,12616,2475,24.41
2022,Bhopal,Millets,Kharif,Medium Black,Tubewell,8.3,955.0,1831,3087,826,3190,1424,817,640,11814,5.39,2905,2260,15660,3846,32.55
2022,Bhopal,Millets,Kharif,Medium Black,Tubewell,6.7,938.0,1564,2594,1173,3041,1787,640,723,11521,4.73,2992,2260,14149,2628,22.81
2022,Bhopal,Millets,Kharif,Medium Black,Canal,10.5,995.0,1840,2989,1288,4140,1690,1278,436,13662,4.83,3479,2260,16797,3135,22.95
2022,Bhopal,Millets,Kharif,Deep Black,Tubewell,8.8,880.0,1544,2840,655,3925,1773,724,626,12088,3.78,3244,2260,12275,187,1.55
2022,Bhopal,Millets,Kharif,Red-Yellow,Drip,4.1,1048.0,1608,2943,1037,3054,1945,993,580,12160,4.34,3155,2260,13691,1531,12.59
2022,Bhopal,Millets,Kharif,Deep Black,Canal,3.4,983.0,1837,2691,1304,3951,2075,1166,673,13698,4.0,3085,2260,12345,-1353,-9.87
2022,Bhopal,Millets,Kharif,Alluvial,Canal,4.8,955.0,1600,2902,1062,4207,2039,595,477,12883,4.4,3320,2260,14594,1711,13.28
2022,Bhopal,Millets,Kharif,Medium Black,Canal,3.5,1051.0,1705,3467,1037,4183,1547,1249,765,13952,4.43,3188,2260,14112,160,1.14
2022,Bhopal,Millets,Kharif,Medium Black,Tubewell,9.8,927.0,1857,2498,1198,3478,1789,1023,796,12641,4.5,3239,2260,14591,1950,15.43
2022,Bhopal,Millets,Kharif,Alluvial,Tubewell,6.2,1046.0,1835,3558,674,4038,1583,1255,726,13669,5.04,3076,2260,15505,1836,13.43
2022,Bhopal,Millets,Kharif,Medium Black,Tubewell,5.9,881.0,1100,3167,653,3649,1731,599,545,11444,4.12,3089,2260,12733,1288,11.26
2022,Bhopal,Millets,Kharif,Medium Black,Canal,6.4,912.0,1847,3412,1157,3087,2027,1209,750,13490,3.69,3117,2260,11488,-2001,-14.84
2022,Bhopal,Millets,Kharif,Deep Black,Canal,6.4,971.0,1860,2800,1085,4081,1382,1122,733,13063,3.82,3151,2260,12023,-1040,-7.96
2022,Bhopal,Millets,Kharif,Medium Black,Tubewell,1.9,928.0,1810,3348,761,4180,1401,1102,547,13148,4.83,3323,2260,16057,2909,22.12
2022,Bhopal,Millets,Kharif,Deep Black,Drip,2.2,947.0,1508,3729,1274,3586,2163,1210,512,13982,5.74,3307,2260,18971,4989,35.68
2022,Bhopal,Millets,Kharif,Medium Black,Tubewell,3.7,1035.0,1845,2709,697,3349,1633,756,576,11565,4.32,3254,2260,14058,2493,21.56
2022,Bhopal,Millets,Kharif,Medium Black,Rainfed,2.3,890.0,1791,3132,799,3140,1573,0,789,11224,4.15,3540,2260,14677,3453,30.76
2022,Bhopal,Millets,Kharif,Deep Black,Rainfed,10.4,990.0,1656,2876,663,4178,1824,0,792,11989,4.61,3305,2260,15222,3234,26.97
2023,Bhopal,Millets,Kharif,Medium Black,Tubewell,4.0,987.0,1998,3481,1094,4332,1732,581,448,13666,4.63,2781,2380,12880,-786,-5.75
2023,Bhopal,Millets,Kharif,Medium Black,Rainfed,10.4,1081.0,1787,3668,1304,4171,1821,0,605,13357,5.01,2952,2380,14786,1429,10.7
2023,Bhopal,Millets,Kharif,Deep Black,Rainfed,5.4,1009.0,1853,2656,1183,4566,1892,0,827,12977,4.24,2944,2380,12468,-509,-3.93
2023,Bhopal,Millets,Kharif,Red-Yellow,Rainfed,8.1,1095.0,1603,3899,966,3892,2228,0,585,13173,4.53,2952,2380,13384,211,1.61
2023,Bhopal,Millets,Kharif,Medium Black,Drip,8.3,1069.0,1838,3732,1264,3998,2238,1736,432,15237,4.21,3159,2380,13290,-1947,-12.78
2023,Bhopal,Millets,Kharif,Red-Yellow,Drip,11.3,945.0,1474,3338,818,3483,1502,1163,471,12251,4.4,3013,2380,13271,1020,8.33
2023,Bhopal,Millets,Kharif,Medium Black,Rainfed,11.1,1088.0,1975,2702,1065,3917,2006,0,509,12174,3.91,2688,2380,10508,-1665,-13.68
2023,Bhopal,Millets,Kharif,Red-Yellow,Canal,5.1,1127.0,1789,3400,1259,4135,1808,811,450,13654,4.22,2701,2380,11411,-2243,-16.43
2023,Bhopal,Millets,Kharif,Medium Black,Drip,11.1,1096.0,1949,2846,691,4453,2070,1824,850,14683,4.91,2912,2380,14306,-377,-2.57
2023,Bhopal,Millets,Kharif,Red-Yellow,Tubewell,5.7,1044.0,1533,2773,689,3789,2205,1360,839,13188,5.35,3150,2380,16843,3655,27.72
2023,Bhopal,Millets,Kharif,Medium Black,Canal,9.6,961.0,1492,2739,622,4147,1585,1162,670,12417,4.02,2774,2380,11140,-1277,-10.28
2023,Bhopal,Millets,Kharif,Deep Black,Tubewell,4.7,979.0,1219,3286,1389,4468,1491,580,598,13032,4.46,2816,2380,12572,-460,-3.53
2023,Bhopal,Millets,Kharif,Alluvial,Tubewell,5.4,1011.0,1651,2617,642,4367,1837,875,712,12700,4.55,2887,2380,13135,435,3.42
2023,Bhopal,Millets,Kharif,Medium Black,Rainfed,10.7,1008.0,1841,3088,643,3311,1917,0,672,11473,4.54,2994,2380,13598,2125,18.52
2023,Bhopal,Millets,Kharif,Medium Black,Tubewell,2.1,1102.0,1892,2920,1177,4351,1974,662,735,13710,5.98,3044,2380,18205,4495,32.78
2023,Bhopal,Millets,Kharif,Red-Yellow,Canal,7.2,955.0,1957,3775,1424,3940,1913,622,479,14110,4.69,2760,2380,12959,-1151,-8.16
2023,Bhopal,Millets,Kharif,Deep Black,Rainfed,6.6,1073.0,1608,2586,1287,4312,2241,0,651,12685,4.47,2929,2380,13084,399,3.14
2023,Bhopal,Millets,Kharif,Medium Black,Drip,5.4,1109.0,1264,2660,899,4255,1570,1605,682,12935,4.99,2876,2380,14336,1401,10.83
2023,Bhopal,Millets,Kharif,Deep Black,Tubewell,8.4,1087.0,1589,3303,1355,4236,1697,1381,739,14301,5.36,3128,2380,16778,2476,17.32
2023,Bhopal,Millets,Kharif,Deep Black,Tubewell,4.1,954.0,1880,3664,931,3577,2263,1406,482,14203,4.98,2894,2380,14400,196,1.38
2023,Bhopal,Millets,Kharif,Deep Black,Rainfed,3.3,1002.0,1882,3010,1135,3578,1562,0,593,11759,4.6,2825,2380,12985,1226,10.42
2023,Bhopal,Millets,Kharif,Deep Black,Canal,8.3,1114.0,1328,3916,865,3572,1587,1157,590,13014,5.24,3109,2380,16301,3287,25.26
2023,Bhopal,Millets,Kharif,Deep Black,Canal,4.8,1040.0,1688,3483,1129,4256,1715,1300,618,14189,4.61,2996,2380,13810,-379,-2.67
2023,Bhopal,Millets,Kharif,Medium Black,Tubewell,7.6,1030.0,1749,3363,825,4098,1628,1249,527,13440,4.26,3064,2380,13060,-380,-2.83
2023,Bhopal,Millets,Kharif,Red-Yellow,Tubewell,5.2,991.0,1888,3198,1362,3203,2240,1004,745,13641,4.58,3015,2380,13813,172,1.26
2024,Bhopal,Millets,Kharif,Deep Black,Rainfed,2.5,1011.0,1795,4198,660,4654,1667,0,521,13494,5.16,3018,2500,15584,2090,15.49
2024,Bhopal,Millets,Kharif,Red-Yellow,Drip,3.3,903.0,1777,3261,870,4040,2321,917,691,13877,4.98,3197,2500,15908,2031,14.64
2024,Bhopal,Millets,Kharif,Medium Black,Tubewell,2.0,1029.0,1644,3244,696,3716,1874,1404,714,13291,4.01,3441,2500,13799,508,3.82
2024,Bhopal,Millets,Kharif,Red-Yellow,Rainfed,9.9,996.0,1563,3546,1049,3322,1616,0,610,11707,4.47,3393,2500,15150,3444,29.42
2024,Bhopal,Millets,Kharif,Deep Black,Rainfed,9.9,960.0,1407,4083,1158,3931,2348,0,605,13531,5.06,3147,2500,15936,2405,17.77
2024,Bhopal,Millets,Kharif,Deep Black,Rainfed,8.7,889.0,1683,3607,1419,3896,1721,0,588,12915,4.38,3077,2500,13467,552,4.28
2024,Bhopal,Millets,Kharif,Medium Black,Tubewell,8.2,928.0,1605,4097,713,4470,1682,951,725,14244,4.24,3246,2500,13757,-487,-3.42
2024,Bhopal,Millets,Kharif,Medium Black,Tubewell,11.0,967.0,1584,3475,1087,4736,1817,1024,516,14238,4.76,3104,2500,14777,539,3.79
2024,Bhopal,Millets,Kharif,Alluvial,Drip,7.3,878.0,1742,3692,1195,4493,1567,1645,462,14796,5.25,3061,2500,16069,1273,8.61
2024,Bhopal,Millets,Kharif,Medium Black,Rainfed,8.0,933.0,1383,3122,638,4374,2225,0,471,12215,3.76,3307,2500,12434,219,1.8
2024,Bhopal,Millets,Kharif,Medium Black,Drip,3.7,933.0,1648,3168,912,3888,1947,871,722,13156,4.12,3360,2500,13842,686,5.21
2024,Bhopal,Millets,Kharif,Deep Black,Rainfed,6.1,922.0,1444,3596,914,3694,1943,0,742,12333,3.87,3470,2500,13445,1112,9.02
2024,Bhopal,Millets,Kharif,Medium Black,Tubewell,7.6,864.0,1609,3478,1497,4170,1542,1179,487,13963,5.14,3319,2500,17060,3097,22.18
2024,Bhopal,Millets,Kharif,Medium Black,Drip,5.7,889.0,2022,4152,1066,3996,1850,1656,535,15278,5.77,3324,2500,19178,3900,25.52
2024,Bhopal,Millets,Kharif,Medium Black,Drip,11.1,938.0,1446,3034,760,3434,1548,1618,497,12338,4.45,3115,2500,13852,1514,12.27
2024,Bhopal,Millets,Kharif,Medium Black,Rainfed,10.4,966.0,1464,4119,1145,4224,1671,0,720,13342,5.96,3418,2500,20386,7044,52.79
2024,Bhopal,Millets,Kharif,Deep Black,Rainfed,4.1,914.0,1336,3848,939,3909,2126,0,727,12885,4.8,3246,2500,15570,2685,20.84
2024,Bhopal,Millets,Kharif,Red-Yellow,Canal,6.8,1012.0,1800,3166,650,4674,1601,970,625,13486,5.03,3200,2500,16097,2611,19.36
2024,Bhopal,Millets,Kharif,Medium Black,Drip,2.7,1004.0,1378,3785,791,3319,1584,1696,476,13028,5.33,3209,2500,17102,4074,31.27
2024,Bhopal,Millets,Kharif,Red-Yellow,Canal,4.2,930.0,1223,2968,1418,4414,2193,829,873,13918,5.04,3310,2500,16690,2772,19.92
2024,Bhopal,Millets,Kharif,Medium Black,Canal,11.8,961.0,2021,4002,1432,3943,1514,915,572,14399,4.3,3043,2500,13093,-1306,-9.07
2024,Bhopal,Millets,Kharif,Medium Black,Tubewell,2.1,869.0,1649,3949,810,4054,1936,1336,553,14287,4.59,3341,2500,15344,1056,7.39
2024,Bhopal,Millets,Kharif,Medium Black,Canal,8.5,935.0,1871,3533,1419,3437,2376,971,801,14409,4.22,3546,2500,14950,540,3.75
2024,Bhopal,Millets,Kharif,Deep Black,Rainfed,5.2,861.0,1396,3439,1133,3573,2048,0,796,12385,3.33,3549,2500,11812,-572,-4.62
2024,Bhopal,Millets,Kharif,Red-Yellow,Tubewell,1.8,1026.0,1983,2842,612,4583,1577,1227,496,13320,4.87,3104,2500,15129,1809,13.58
2019,Bhopal,Oil seeds,Kharif,Medium Black,Rainfed,7.9,1164.0,1372,3031,1326,4873,1773,0,906,13282,4.15,4660,3710,19319,6038,45.46
2019,Bhopal,Oil seeds,Kharif,Medium Black,Tubewell,10.5,1058.0,1760,3641,798,3542,2106,823,527,13197,4.3,4777,3710,20541,7344,55.64
2019,Bhopal,Oil seeds,Kharif,Medium Black,Tubewell,9.0,992.0,2196,3938,1365,4742,2001,1098,913,16253,3.4,4680,3710,15916,-337,-2.07
2019,Bhopal,Oil seeds,Kharif,Medium Black,Tubewell,8.6,998.0,1440,3972,888,3880,2289,1023,957,14450,3.81,4948,3710,18864,4413,30.54
2019,Bhopal,Oil seeds,Kharif,Deep Black,Tubewell,9.0,1070.0,1728,3204,1399,4355,1760,1343,943,14733,3.11,4620,3710,14358,-374,-2.54
2019,Bhopal,Oil seeds,Kharif,Medium Black,Rainfed,9.3,1123.0,1294,4275,1264,4483,2348,0,585,14249,4.97,4597,3710,22836,8587,60.27
2019,Bhopal,Oil seeds,Kharif,Deep Black,Canal,8.9,1198.0,1522,4060,940,4214,1824,775,946,14281,3.66,4205,3710,15372,1092,7.64
2019,Bhopal,Oil seeds,Kharif,Deep Black,Tubewell,5.9,1039.0,2236,3867,1013,3870,2088,822,647,14542,4.81,4561,3710,21921,7380,50.75
2019,Bhopal,Oil seeds,Kharif,Medium Black,Canal,5.8,1022.0,2113,4424,1489,4436,2084,744,595,15886,5.14,4798,3710,24650,8764,55.17
2019,Bhopal,Oil seeds,Kharif,Medium Black,Canal,4.6,1117.0,1292,3106,857,4805,2231,1136,588,14015,3.5,4731,3710,16540,2524,18.01
2019,Bhopal,Oil seeds,Kharif,Deep Black,Canal,11.1,1118.0,1332,3588,781,4301,2461,695,750,13908,4.33,4748,3710,20555,6646,47.79
2019,Bhopal,Oil seeds,Kharif,Alluvial,Canal,2.2,1090.0,2113,4450,1049,4368,2040,785,945,15748,5.56,4354,3710,24216,8467,53.77
2019,Bhopal,Oil seeds,Kharif,Red-Yellow,Drip,9.5,1130.0,1838,3726,996,4944,2135,1900,813,16352,4.82,4652,3710,22416,6064,37.09
2019,Bhopal,Oil seeds,Kharif,Red-Yellow,Rainfed,11.3,1061.0,1468,3301,1462,4297,1600,0,768,12896,4.38,4652,3710,20391,7494,58.11
2019,Bhopal,Oil seeds,Kharif,Medium Black,Canal,8.3,1104.0,1898,4013,984,3580,2457,1387,896,15215,4.54,4674,3710,21214,5999,39.43
2019,Bhopal,Oil seeds,Kharif,Deep Black,Canal,6.1,1159.0,1619,4294,1477,3807,2157,975,736,15065,4.44,4735,3710,21019,5954,39.52
2019,Bhopal,Oil seeds,Kharif,Deep Black,Canal,5.5,1123.0,2217,3219,872,3695,1860,1185,694,13743,4.43,4883,3710,21648,7905,57.52
2019,Bhopal,Oil seeds,Kharif,Medium Black,Drip,4.2,1185.0,1568,3795,750,4532,2141,1424,826,15035,5.94,4812,3710,28575,13539,90.05
2019,Bhopal,Oil seeds,Kharif,Medium Black,Drip,7.1,1118.0,1339,4408,1528,3612,2318,1555,538,15297,5.44,4933,3710,26854,11556,75.54
2019,Bhopal,Oil seeds,Kharif,Deep Black,Canal,2.6,1209.0,1974,3443,1532,5079,1776,1497,726,16027,4.72,4542,3710,21434,5408,33.74
2019,Bhopal,Oil seeds,Kharif,Medium Black,Drip,4.3,1082.0,1958,4405,658,5014,1708,1109,750,15602,5.17,4681,3710,24202,8600,55.12
2019,Bhopal,Oil seeds,Kharif,Deep Black,Canal,9.6,1085.0,1771,3801,686,4206,2026,1538,637,14665,4.43,4943,3710,21903,7239,49.36
2019,Bhopal,Oil seeds,Kharif,Medium Black,Drip,5.9,1130.0,1684,3427,1462,4109,2490,1382,933,15485,4.8,4800,3710,23032,7546,48.73
2019,Bhopal,Oil seeds,Kharif,Medium Black,Tubewell,3.3,1003.0,2093,3200,1143,4061,1739,794,590,13620,4.34,4631,3710,20114,6494,47.68
2019,Bhopal,Oil seeds,Kharif,Alluvial,Rainfed,10.0,1181.0,1496,4376,759,4879,2271,0,598,14379,4.57,4522,3710,20676,6297,43.79
2020,Bhopal,Oil seeds,Kharif,Red-Yellow,Canal,10.4,1155.0,1434,3153,749,4041,1810,914,838,12940,4.12,5054,3821,20810,7870,60.82
2020,Bhopal,Oil seeds,Kharif,Medium Black,Drip,7.0,1081.0,1869,4170,1358,5114,1728,1938,919,17097,4.75,5038,3821,23922,6826,39.92
2020,Bhopal,Oil seeds,Kharif,Deep Black,Rainfed,5.1,1158.0,2020,3914,759,3704,1766,0,534,12696,3.59,5145,3821,18485,5788,45.59
2020,Bhopal,Oil seeds,Kharif,Deep Black,Canal,8.3,1240.0,1705,4473,1239,4920,2619,1344,717,17017,4.54,5039,3821,22873,5856,34.41
2020,Bhopal,Oil seeds,Kharif,Medium Black,Tubewell,9.6,1229.0,1694,3943,900,3676,2352,972,917,14453,4.19,5284,3821,22148,7695,53.24
2020,Bhopal,Oil seeds,Kharif,Medium Black,Drip,9.9,1161.0,1439,4511,705,3648,2514,1470,857,15144,5.19,5167,3821,26807,11662,77.01
2020,Bhopal,Oil seeds,Kharif,Alluvial,Canal,9.6,1119.0,1674,3610,1366,5005,2469,854,578,15555,4.54,4565,3821,20704,5149,33.1
2020,Bhopal,Oil seeds,Kharif,Deep Black,Tubewell,10.0,1047.0,1639,3576,768,4745,2154,1276,924,15082,3.74,5077,3821,18965,3883,25.75
2020,Bhopal,Oil seeds,Kharif,Red-Yellow,Tubewell,11.2,1139.0,2042,3605,1254,4235,2294,1189,549,15167,5.43,4501,3821,24457,9290,61.25
2020,Bhopal,Oil seeds,Kharif,Medium Black,Canal,11.4,1092.0,1516,4114,1474,4736,2588,1007,835,16270,5.33,5176,3821,27600,11330,69.64
2020,Bhopal,Oil seeds,Kharif,Medium Black,Canal,1.7,1216.0,1864,3216,1575,5021,2332,673,979,15659,5.12,4964,3821,25408,9749,62.26
2020,Bhopal,Oil seeds,Kharif,Medium Black,Canal,2.7,1160.0,1609,3594,1468,3757,2065,1453,905,14852,4.89,5043,3821,24641,9788,65.9
2020,Bhopal,Oil seeds,Kharif,Medium Black,Rainfed,4.3,1210.0,2207,3972,1217,5022,2543,0,577,15539,4.4,5321,3821,23387,7847,50.5
2020,Bhopal,Oil seeds,Kharif,Red-Yellow,Tubewell,7.0,1226.0,1804,2987,1116,3788,2089,1524,520,13827,4.43,5392,3821,23890,10063,72.78
2020,Bhopal,Oil seeds,Kharif,Red-Yellow,Tubewell,1.3,1060.0,2139,3576,1090,4279,2421,1238,562,15306,4.23,4999,3821,21127,5821,38.03
2020,Bhopal,Oil seeds,Kharif,Deep Black,Tubewell,1.4,1203.0,1967,3237,1510,3735,2595,764,501,14309,5.0,5162,3821,25825,11516,80.49
2020,Bhopal,Oil seeds,Kharif,Medium Black,Tubewell,1.9,1259.0,2187,4575,1176,4975,2376,929,864,17083,5.36,5290,3821,28358,11275,66.01
2020,Bhopal,Oil seeds,Kharif,Deep Black,Tubewell,4.2,1223.0,1473,4275,1196,4131,1851,1021,831,14778,4.37,5514,3821,24115,9337,63.18
2020,Bhopal,Oil seeds,Kharif,Medium Black,Tubewell,1.5,1120.0,1336,4287,1595,4074,2485,1485,909,16171,5.21,5035,3821,26242,10070,62.27
2020,Bhopal,Oil seeds,Kharif,Deep Black,Tubewell,8.6,1094.0,1865,4089,1319,5037,1979,1277,519,16084,4.2,4947,3821,20768,4684,29.13
2020,Bhopal,Oil seeds,Kharif,Medium Black,Tubewell,8.3,1106.0,1449,4280,1234,3803,2385,1156,808,15114,4.5,5183,3821,23339,8225,54.42
2020,Bhopal,Oil seeds,Kharif,Alluvial,Rainfed,9.8,1051.0,1425,3557,1390,4276,2388,0,868,13904,4.03,5547,3821,22332,8429,60.62
2020,Bhopal,Oil seeds,Kharif,Deep Black,Canal,8.3,1053.0,2060,3698,770,5268,2352,673,862,15684,4.66,5290,3821,24648,8964,57.15
2020,Bhopal,Oil seeds,Kharif,Medium Black,Tubewell,3.3,1089.0,1378,3266,825,4219,1982,728,912,13310,4.43,4908,3821,21723,8412,63.2
2020,Bhopal,Oil seeds,Kharif,Medium Black,Tubewell,5.6,1050.0,1345,3215,1053,5272,2420,1502,946,15755,3.59,5181,3821,18601,2847,18.07
2021,Bhopal,Oil seeds,Kharif,Red-Yellow,Tubewell,8.4,1084.0,2335,3545,1359,4844,2492,1623,604,16802,4.29,4299,3970,18439,1637,9.74
2021,Bhopal,Oil seeds,Kharif,Medium Black,Tubewell,8.2,1161.0,2196,3820,1621,4652,2140,1196,580,16205,4.0,5098,3970,20389,4184,25.82
2021,Bhopal,Oil seeds,Kharif,Medium Black,Tubewell,9.5,1005.0,1738,4520,703,4906,2733,1442,1007,17049,4.44,4742,3970,21034,3985,23.37
2021,Bhopal,Oil seeds,Kharif,Red-Yellow,Canal,11.8,1025.0,2092,3570,1479,5026,2398,1453,988,17005,4.19,4684,3970,19623,2617,15.39
2021,Bhopal,Oil seeds,Kharif,Medium Black,Rainfed,1.5,1120.0,1686,4182,1265,4184,1813,0,688,13820,3.67,4874,3970,17871,4052,29.32
2021,Bhopal,Oil seeds,Kharif,Medium Black,Rainfed,6.2,1139.0,2356,3550,1176,4942,2398,0,742,15164,4.24,4886,3970,20735,5571,36.74
2021,Bhopal,Oil seeds,Kharif,Medium Black,Drip,10.5,1100.0,1538,3704,1090,4526,2548,1827,776,16010,4.37,5114,3970,22331,6321,39.48
2021,Bhopal,Oil seeds,Kharif,Medium Black,Canal,3.0,1134.0,1636,4340,809,3889,2041,1595,612,14921,5.44,4673,3970,25422,10501,70.38
2021,Bhopal,Oil seeds,Kharif,Medium Black,Rainfed,2.8,1133.0,1416,4695,1023,4812,2053,0,894,14893,3.67,4444,3970,16310,1417,9.51
2021,Bhopal,Oil seeds,Kharif,Red-Yellow,Rainfed,4.3,1085.0,1756,4053,1376,5397,2097,0,538,15218,4.02,4762,3970,19156,3939,25.88
2021,Bhopal,Oil seeds,Kharif,Medium Black,Canal,2.2,1078.0,1917,3708,1070,4782,2471,1405,735,16087,3.93,4726,3970,18549,2462,15.31
2021,Bhopal,Oil seeds,Kharif,Deep Black,Rainfed,10.6,1159.0,1487,4325,1676,3848,1750,0,891,13977,4.42,4789,3970,21146,7169,51.3
2021,Bhopal,Oil seeds,Kharif,Medium Black,Canal,4.8,1083.0,1877,4393,1415,4568,1818,1570,620,16260,3.93,4856,3970,19106,2846,17.5
2021,Bhopal,Oil seeds,Kharif,Deep Black,Canal,9.9,986.0,1382,3854,1190,3950,1849,808,948,13981,4.35,5154,3970,22408,8426,60.27
2021,Bhopal,Oil seeds,Kharif,Red-Yellow,Tubewell,5.6,1076.0,2385,4160,1029,5313,2689,1665,835,18076,3.62,4339,3970,15725,-2351,-13.01
2021,Bhopal,Oil seeds,Kharif,Red-Yellow,Canal,11.7,1002.0,2126,3944,869,5169,2302,824,533,15768,4.08,4984,3970,20324,4557,28.9
2021,Bhopal,Oil seeds,Kharif,Deep Black,Canal,4.9,1142.0,1777,3349,1372,4345,2050,1130,978,15001,3.69,5177,3970,19100,4099,27.33
2021,Bhopal,Oil seeds,Kharif,Medium Black,Tubewell,2.4,1154.0,2181,3952,1455,4565,2142,1157,575,16029,4.21,5161,3970,21725,5697,35.54
2021,Bhopal,Oil seeds,Kharif,Deep Black,Tubewell,7.9,983.0,1787,4756,689,4897,2447,1659,639,16874,4.94,5251,3970,25955,9081,53.82
2021,Bhopal,Oil seeds,Kharif,Medium Black,Drip,6.9,1163.0,1768,3096,1654,3797,2060,1911,552,14838,5.32,4662,3970,24790,9952,67.07
2021,Bhopal,Oil seeds,Kharif,Deep Black,Canal,8.0,1039.0,2048,3103,961,4353,2517,1439,925,15346,4.31,4676,3970,20170,4824,31.43
2021,Bhopal,Oil seeds,Kharif,Medium Black,Rainfed,8.1,1039.0,1596,4640,1357,5136,2728,0,708,16164,3.94,5033,3970,19838,3673,22.72
2021,Bhopal,Oil seeds,Kharif,Red-Yellow,Rainfed,2.9,966.0,1952,4778,1283,4066,2406,0,593,15078,4.17,5329,3970,22242,7165,47.52
2021,Bhopal,Oil seeds,Kharif,Medium Black,Tubewell,11.4,1015.0,2084,4217,1198,4954,2525,1601,940,17519,4.96,5048,3970,25063,7545,43.07
2021,Bhopal,Oil seeds,Kharif,Medium Black,Drip,6.1,999.0,1828,3151,808,3991,2168,2191,781,14917,4.55,4828,3970,21976,7060,47.33
2022,Bhopal,Oil seeds,Kharif,Red-Yellow,Rainfed,5.0,999.0,2413,4274,1429,4488,2747,0,938,16288,4.3,4953,4192,21299,5011,30.76
2022,Bhopal,Oil seeds,Kharif,Deep Black,Rainfed,7.0,1041.0,2244,3460,1063,5528,1933,0,1018,15246,4.16,4858,4192,20220,4974,32.63
2022,Bhopal,Oil seeds,Kharif,Deep Black,Rainfed,3.5,884.0,1825,4795,1164,5556,1940,0,620,15900,3.93,5231,4192,20577,4677,29.41
2022,Bhopal,Oil seeds,Kharif,Alluvial,Tubewell,8.0,872.0,1621,3729,1213,4797,2225,1710,751,16046,3.87,5097,4192,19701,3654,22.77
2022,Bhopal,Oil seeds,Kharif,Medium Black,Tubewell,12.0,983.0,2491,3848,1023,5661,2178,1556,893,17651,3.94,4422,4192,17410,-241,-1.37
2022,Bhopal,Oil seeds,Kharif,Deep Black,Canal,2.1,998.0,2149,3395,1501,4345,1934,869,899,15093,3.71,4482,4192,16637,1544,10.23
2022,Bhopal,Oil seeds,Kharif,Medium Black,Rainfed,5.1,1006.0,1738,4141,1514,5526,2046,0,928,15892,4.0,5138,4192,20541,4649,29.25
2022,Bhopal,Oil seeds,Kharif,Medium Black,Canal,3.3,897.0,1742,4600,1712,4554,2672,1114,953,17347,3.73,4899,4192,18285,938,5.41
2022,Bhopal,Oil seeds,Kharif,Medium Black,Canal,5.3,1034.0,2310,4921,728,5573,2670,1637,885,18724,4.23,4925,4192,20810,2086,11.14
2022,Bhopal,Oil seeds,Kharif,Medium Black,Canal,1.3,1050.0,2106,3958,840,5528,2623,767,651,16474,3.26,4642,4192,15112,-1362,-8.27
2022,Bhopal,Oil seeds,Kharif,Deep Black,Canal,5.3,1016.0,2067,4669,1054,5395,2496,790,645,17115,4.91,4998,4192,24532,7417,43.34
2022,Bhopal,Oil seeds,Kharif,Red-Yellow,Canal,11.9,979.0,2517,3504,1617,4876,2869,1459,856,17698,4.02,4950,4192,19922,2224,12.57
2022,Bhopal,Oil seeds,Kharif,Deep Black,Canal,8.6,878.0,2247,4918,1355,4862,2838,769,627,17616,3.76,5389,4192,20285,2669,15.15
2022,Bhopal,Oil seeds,Kharif,Medium Black,Tubewell,4.5,897.0,1600,3284,912,4901,2205,1784,1042,15729,3.17,4707,4192,14943,-787,-5.0
2022,Bhopal,Oil seeds,Kharif,Medium Black,Rainfed,2.8,941.0,1790,4930,1647,4690,2517,0,735,16308,3.4,4282,4192,14556,-1752,-10.74
2022,Bhopal,Oil seeds,Kharif,Medium Black,Tubewell,2.1,1008.0,2361,4091,1359,4943,2349,767,863,16732,3.97,5171,4192,20548,3816,22.8
2022,Bhopal,Oil seeds,Kharif,Medium Black,Tubewell,11.8,922.0,1895,3788,1761,4444,2134,995,713,15730,3.66,4450,4192,16293,563,3.58
2022,Bhopal,Oil seeds,Kharif,Medium Black,Rainfed,3.3,887.0,2338,4126,821,5783,2241,0,813,16123,3.94,4876,4192,19232,3109,19.28
2022,Bhopal,Oil seeds,Kharif,Red-Yellow,Rainfed,3.4,955.0,1664,4954,1781,5101,2474,0,913,16887,3.92,4835,4192,18947,2060,12.2
2022,Bhopal,Oil seeds,Kharif,Deep Black,Tubewell,10.8,894.0,1820,4863,1754,4783,2514,1576,822,18131,4.55,4622,4192,21024,2893,15.96
2022,Bhopal,Oil seeds,Kharif,Alluvial,Canal,6.0,900.0,2026,3519,1754,4977,2274,845,746,16142,4.23,4661,4192,19725,3583,22.2
2022,Bhopal,Oil seeds,Kharif,Red-Yellow,Tubewell,2.0,1037.0,1822,3330,1506,4785,1894,1110,843,15290,4.64,4498,4192,20893,5602,36.64
2022,Bhopal,Oil seeds,Kharif,Medium Black,Tubewell,2.0,934.0,1802,3962,1443,5543,2133,1710,769,17362,4.55,4796,4192,21802,4440,25.57
2022,Bhopal,Oil seeds,Kharif,Deep Black,Canal,8.0,951.0,2363,4147,1113,5362,2083,1242,584,16894,4.14,4351,4192,18009,1115,6.6
2022,Bhopal,Oil seeds,Kharif,Medium Black,Tubewell,8.5,913.0,1959,4744,866,4158,2354,1336,692,16110,3.32,5171,4192,17152,1042,6.47
2023,Bhopal,Oil seeds,Kharif,Deep Black,Canal,3.3,1101.0,1665,5020,1894,5903,2108,1508,837,18934,4.37,5305,4415,23163,4229,22.33
2023,Bhopal,Oil seeds,Kharif,Red-Yellow,Tubewell,7.9,1127.0,2072,4010,1186,4916,2571,1659,962,17377,3.83,5459,4415,20922,3545,20.4
2023,Bhopal,Oil seeds,Kharif,Deep Black,Rainfed,8.8,1001.0,1578,4301,1354,4768,2505,0,914,15421,4.0,5286,4415,21119,5698,36.95
2023,Bhopal,Oil seeds,Kharif,Deep Black,Drip,11.2,1031.0,1611,3556,1870,5588,2093,1619,683,17020,3.91,5812,4415,22725,5705,33.52
2023,Bhopal,Oil seeds,Kharif,Deep Black,Tubewell,7.6,1115.0,2364,4157,1012,4716,2595,1097,1062,17004,4.5,5661,4415,25453,8449,49.69
2023,Bhopal,Oil seeds,Kharif,Medium Black,Tubewell,1.7,967.0,2547,4095,1536,5655,2379,993,1025,18229,4.12,5485,4415,22604,4375,24.0
2023,Bhopal,Oil seeds,Kharif,Medium Black,Rainfed,5.5,1119.0,2645,3810,1533,4569,1921,0,1102,15579,4.26,5103,4415,21723,6144,39.43
2023,Bhopal,Oil seeds,Kharif,Deep Black,Tubewell,10.7,1060.0,2619,3955,1646,4224,2241,1790,998,17473,4.56,5860,4415,26738,9265,53.02
2023,Bhopal,Oil seeds,Kharif,Medium Black,Tubewell,5.0,1068.0,2549,3893,852,4699,2724,1239,1076,17031,4.31,5668,4415,24432,7400,43.45
2023,Bhopal,Oil seeds,Kharif,Alluvial,Tubewell,7.8,991.0,1819,3450,1557,5221,2282,1134,674,16136,4.1,5722,4415,23470,7334,45.45
2023,Bhopal,Oil seeds,Kharif,Deep Black,Rainfed,2.5,998.0,1676,4499,856,4308,2551,0,906,14796,4.02,5855,4415,23518,8723,58.95
2023,Bhopal,Oil seeds,Kharif,Red-Yellow,Tubewell,5.0,933.0,2132,3943,1535,5487,2660,845,604,17206,4.48,5506,4415,24680,7474,43.44
2023,Bhopal,Oil seeds,Kharif,Deep Black,Canal,11.6,1104.0,1966,4672,1036,5181,2846,993,712,17406,4.88,5690,4415,27784,10378,59.63
2023,Bhopal,Oil seeds,Kharif,Medium Black,Rainfed,4.6,1066.0,2019,4471,1509,5774,2068,0,725,16566,3.54,5386,4415,19079,2513,15.17
2023,Bhopal,Oil seeds,Kharif,Deep Black,Tubewell,10.0,1124.0,1735,3434,1754,5059,2324,1840,632,16778,4.3,5466,4415,23478,6700,39.94
2023,Bhopal,Oil seeds,Kharif,Medium Black,Canal,6.9,1087.0,2011,3727,957,4964,1911,1286,830,15685,3.48,5549,4415,19298,3612,23.03
2023,Bhopal,Oil seeds,Kharif,Red-Yellow,Canal,6.8,974.0,1669,5281,1495,5773,2981,1567,674,19440,4.1,5495,4415,22535,3095,15.92
2023,Bhopal,Oil seeds,Kharif,Red-Yellow,Canal,6.3,1075.0,2289,4876,983,5928,2178,1132,1048,18434,4.54,5489,4415,24929,6495,35.23
2023,Bhopal,Oil seeds,Kharif,Medium Black,Tubewell,5.2,974.0,2245,4134,1589,4776,2121,1653,745,17263,3.52,5618,4415,19764,2502,14.49
2023,Bhopal,Oil seeds,Kharif,Medium Black,Tubewell,8.6,948.0,2607,4106,1285,5887,2165,1659,621,18329,3.59,5807,4415,20844,2514,13.72
2023,Bhopal,Oil seeds,Kharif,Red-Yellow,Rainfed,3.8,1093.0,2410,4673,1051,5675,2161,0,860,16831,3.99,5877,4415,23438,6607,39.25
2023,Bhopal,Oil seeds,Kharif,Medium Black,Canal,11.7,1028.0,1650,4346,857,5020,2313,1057,717,15961,3.51,5534,4415,19419,3458,21.66
2023,Bhopal,Oil seeds,Kharif,Red-Yellow,Tubewell,7.8,1071.0,1668,4012,1503,4864,1908,1137,1074,16166,4.04,5505,4415,22246,6080,37.61
2023,Bhopal,Oil seeds,Kharif,Medium Black,Tubewell,7.7,1073.0,1720,5115,887,5277,2451,1356,777,17582,5.18,5177,4415,26814,9232,52.51
2023,Bhopal,Oil seeds,Kharif,Deep Black,Canal,7.0,985.0,1681,5317,1339,5581,2614,1632,778,18941,4.48,5248,4415,23529,4588,24.22
2024,Bhopal,Oil seeds,Kharif,Alluvial,Drip,9.5,928.0,2321,4025,1498,5970,2672,1052,890,18429,4.4,5927,4638,26065,7636,41.43
2024,Bhopal,Oil seeds,Kharif,Deep Black,Rainfed,3.4,897.0,2633,4452,1810,4516,2334,0,955,16700,3.13,5438,4638,16998,297,1.78
2024,Bhopal,Oil seeds,Kharif,Deep Black,Rainfed,1.4,992.0,2318,4732,1425,5988,2780,0,1010,18253,3.88,5166,4638,20050,1796,9.84
2024,Bhopal,Oil seeds,Kharif,Deep Black,Tubewell,3.0,1025.0,2412,4217,1634,4877,2010,1302,721,17174,3.77,5699,4638,21515,4342,25.28
2024,Bhopal,Oil seeds,Kharif,Red-Yellow,Tubewell,5.3,942.0,1837,4729,1491,6108,3018,932,795,18909,4.84,5734,4638,27730,8821,46.65
2024,Bhopal,Oil seeds,Kharif,Alluvial,Rainfed,3.0,959.0,2755,4099,1376,5092,2152,0,1166,16641,3.33,5789,4638,19294,2653,15.94
2024,Bhopal,Oil seeds,Kharif,Medium Black,Canal,3.0,981.0,2200,4738,1630,5073,2751,1852,944,19188,4.26,5247,4638,22371,3183,16.59
2024,Bhopal,Oil seeds,Kharif,Red-Yellow,Rainfed,3.1,960.0,2642,3836,1294,4894,2179,0,1155,15999,2.93,5285,4638,15499,-500,-3.13
2024,Bhopal,Oil seeds,Kharif,Alluvial,Canal,10.2,951.0,2726,4936,1623,4615,2624,1893,762,19181,4.81,5684,4638,27364,8183,42.66
2024,Bhopal,Oil seeds,Kharif,Medium Black,Tubewell,10.1,911.0,1814,4395,1324,5344,2640,926,1185,17627,3.91,5930,4638,23180,5552,31.5
2024,Bhopal,Oil seeds,Kharif,Deep Black,Tubewell,3.1,923.0,2726,4882,884,4746,2421,1441,1097,18197,3.55,5363,4638,19033,836,4.59
2024,Bhopal,Oil seeds,Kharif,Alluvial,Tubewell,7.2,874.0,2610,5430,1536,4894,2692,1188,989,19338,3.84,5607,4638,21549,2210,11.43
2024,Bhopal,Oil seeds,Kharif,Medium Black,Tubewell,11.8,1001.0,2263,4044,1188,6371,3149,1094,974,19084,3.79,5735,4638,21761,2677,14.03
2024,Bhopal,Oil seeds,Kharif,Red-Yellow,Rainfed,7.6,950.0,2090,5587,1793,5593,2960,0,1111,19134,3.78,5770,4638,21809,2676,13.98
2024,Bhopal,Oil seeds,Kharif,Red-Yellow,Rainfed,3.3,972.0,1701,4512,939,5691,2475,0,1006,16323,3.73,5447,4638,20320,3997,24.49
2024,Bhopal,Oil seeds,Kharif,Medium Black,Canal,2.5,972.0,2756,3804,983,5408,2974,1079,987,17991,3.78,5381,4638,20358,2367,13.16
2024,Bhopal,Oil seeds,Kharif,Medium Black,Tubewell,1.1,982.0,1819,4752,1388,4530,2808,1195,1177,17668,4.33,5731,4638,24791,7122,40.31
2024,Bhopal,Oil seeds,Kharif,Deep Black,Canal,8.5,1033.0,2041,5161,1112,4536,2148,1691,634,17322,4.56,5475,4638,24941,7619,43.98
2024,Bhopal,Oil seeds,Kharif,Medium Black,Canal,10.5,996.0,1733,5355,1965,6013,2726,1635,628,20054,3.8,5633,4638,21419,1364,6.8
2024,Bhopal,Oil seeds,Kharif,Deep Black,Tubewell,6.7,918.0,2538,3974,1611,4537,2802,815,657,16935,3.94,5402,4638,21298,4363,25.77
2024,Bhopal,Oil seeds,Kharif,Red-Yellow,Canal,11.7,985.0,1706,3743,1398,4457,2910,1870,604,16687,4.17,5385,4638,22460,5772,34.59
2024,Bhopal,Oil seeds,Kharif,Deep Black,Drip,4.4,1014.0,2509,5306,1887,4573,2965,2098,818,20156,4.75,5900,4638,28022,7866,39.02
2024,Bhopal,Oil seeds,Kharif,Medium Black,Tubewell,11.7,1028.0,1875,4110,1685,6313,2441,1272,633,18329,4.61,5476,4638,25241,6912,37.71
2024,Bhopal,Oil seeds,Kharif,Medium Black,Rainfed,3.8,894.0,2696,4896,1220,5676,2893,0,684,18065,3.57,5834,4638,20825,2760,15.28
2024,Bhopal,Oil seeds,Kharif,Deep Black,Canal,1.5,1001.0,2267,4520,1563,5050,2789,1342,655,18186,4.25,5857,4638,24874,6688,36.77
2019,Bhopal,Paddy,Kharif,Deep Black,Tubewell,6.7,1085.0,2924,6530,1690,7424,3547,1177,1060,24351,18.99,2111,1815,40086,15734,64.61
2019,Bhopal,Paddy,Kharif,Deep Black,Canal,5.8,1034.0,3015,5519,1237,7714,3664,2293,968,24410,19.03,1862,1815,35438,11028,45.18
2019,Bhopal,Paddy,Kharif,Deep Black,Tubewell,2.4,1153.0,3252,6312,2552,7745,3493,1437,1180,25972,18.67,1878,1815,35057,9085,34.98
2019,Bhopal,Paddy,Kharif,Deep Black,Canal,1.2,1014.0,2231,5646,2055,7016,3201,2368,1058,23574,15.82,2011,1815,31817,8242,34.96
2019,Bhopal,Paddy,Kharif,Deep Black,Tubewell,1.3,1082.0,2597,6805,1374,5806,2877,1741,1038,22238,21.27,2101,1815,44694,22456,100.98
2019,Bhopal,Paddy,Kharif,Medium Black,Tubewell,10.0,1163.0,2644,6879,1754,7709,2808,2297,1066,25158,20.03,2094,1815,41949,16791,66.74
2019,Bhopal,Paddy,Kharif,Medium Black,Canal,9.2,1065.0,2778,4836,1746,7081,3146,1413,1239,22239,16.13,2082,1815,33580,11341,51.0
2019,Bhopal,Paddy,Kharif,Deep Black,Canal,2.2,1044.0,2453,6174,2074,7384,3230,2486,1369,25171,18.77,1895,1815,35567,10396,41.3
2019,Bhopal,Paddy,Kharif,Medium Black,Canal,11.0,1090.0,3448,4921,2204,7448,3690,1605,928,24244,18.41,2128,1815,39172,14929,61.58
2019,Bhopal,Paddy,Kharif,Medium Black,Canal,7.5,1106.0,2543,4872,2213,6278,3075,1480,940,21401,17.04,2100,1815,35771,14370,67.15
2019,Bhopal,Paddy,Kharif,Red-Yellow,Canal,2.3,1142.0,3354,6550,1253,6237,3132,1708,1415,23649,18.5,2009,1815,37180,13531,57.22
2019,Bhopal,Paddy,Kharif,Medium Black,Rainfed,9.3,1168.0,2899,5505,2423,5773,3848,0,1379,21828,15.38,2079,1815,31969,10141,46.46
2019,Bhopal,Paddy,Kharif,Deep Black,Drip,5.9,1197.0,3569,5346,1891,7046,3808,3208,980,25849,17.78,1818,1815,32333,6484,25.08
2019,Bhopal,Paddy,Kharif,Red-Yellow,Tubewell,5.6,1183.0,3179,6157,2238,5727,3474,1982,861,23619,19.13,2238,1815,42798,19178,81.2
2019,Bhopal,Paddy,Kharif,Deep Black,Canal,2.4,1182.0,2618,4856,1402,8209,2860,2369,1184,23499,19.57,1961,1815,38361,14862,63.25
2019,Bhopal,Paddy,Kharif,Deep Black,Rainfed,2.6,1087.0,3276,6739,2093,7676,3269,0,901,23954,14.75,1907,1815,28133,4180,17.45
2019,Bhopal,Paddy,Kharif,Medium Black,Tubewell,10.9,1139.0,2444,5177,1187,8080,3677,1522,821,22908,20.64,2076,1815,42850,19942,87.06
2019,Bhopal,Paddy,Kharif,Medium Black,Drip,2.5,1035.0,2287,4771,1069,6347,3801,2323,1398,21995,16.07,1859,1815,29860,7865,35.76
2019,Bhopal,Paddy,Kharif,Medium Black,Drip,10.2,1151.0,3087,6579,1614,7352,3271,2955,1306,26164,21.35,1948,1815,41581,15417,58.92
2019,Bhopal,Paddy,Kharif,Alluvial,Canal,1.7,1074.0,3026,7137,1942,7866,3589,1215,1150,25924,24.71,2093,1815,51706,25782,99.45
2019,Bhopal,Paddy,Kharif,Medium Black,Tubewell,4.5,1054.0,3551,5800,2438,6644,3595,1152,1398,24577,20.44,1922,1815,39282,14705,59.83
2019,Bhopal,Paddy,Kharif,Alluvial,Canal,8.0,1204.0,2813,5258,1283,6995,3879,1429,1337,22994,21.88,1957,1815,42820,19826,86.22
2019,Bhopal,Paddy,Kharif,Medium Black,Rainfed,2.7,1063.0,3248,6279,1377,8203,2954,0,809,22870,14.55,2259,1815,32881,10011,43.77
2019,Bhopal,Paddy,Kharif,Deep Black,Canal,8.1,1169.0,2898,5958,1265,8181,2995,1951,1386,24633,19.33,2093,1815,40449,15816,64.2
2019,Bhopal,Paddy,Kharif,Red-Yellow,Canal,4.5,1046.0,2115,5156,2009,8317,3025,2503,1081,24206,16.83,2002,1815,33694,9487,39.19
2020,Bhopal,Paddy,Kharif,Medium Black,Rainfed,2.6,1188.0,3725,5652,1993,8085,3318,0,1557,24330,11.89,1965,1869,23354,-976,-4.01
2020,Bhopal,Paddy,Kharif,Medium Black,Canal,4.3,1113.0,2609,6341,1082,7045,3897,1681,1428,24082,19.03,2154,1869,40999,16917,70.25
2020,Bhopal,Paddy,Kharif,Alluvial,Rainfed,10.5,1149.0,3403,6947,2322,6911,3150,0,985,23719,18.39,2041,1869,37544,13825,58.29
2020,Bhopal,Paddy,Kharif,Medium Black,Rainfed,9.4,1161.0,3080,5593,1527,8222,3044,0,1133,22599,15.56,2064,1869,32115,9517,42.11
2020,Bhopal,Paddy,Kharif,Medium Black,Tubewell,11.7,1041.0,3586,7260,1675,8356,3046,1478,1250,26650,16.15,2096,1869,33856,7206,27.04
2020,Bhopal,Paddy,Kharif,Medium Black,Tubewell,5.4,1129.0,3727,7468,1170,8449,3717,1829,1154,27515,17.72,2127,1869,37685,10171,36.96
2020,Bhopal,Paddy,Kharif,Medium Black,Tubewell,7.6,1215.0,2370,7050,1471,7768,2955,1151,1500,24264,20.44,2156,1869,44070,19806,81.63
2020,Bhopal,Paddy,Kharif,Deep Black,Tubewell,3.9,1121.0,3073,7222,1304,7397,3180,2521,932,25629,15.45,2159,1869,33361,7732,30.17
2020,Bhopal,Paddy,Kharif,Red-Yellow,Tubewell,5.4,1242.0,2889,5237,1236,7755,2846,2556,1195,23715,18.56,1956,1869,36292,12577,53.03
2020,Bhopal,Paddy,Kharif,Deep Black,Rainfed,3.6,1120.0,2751,7007,1201,6504,3360,0,1159,21981,14.11,2014,1869,28416,6435,29.27
2020,Bhopal,Paddy,Kharif,Alluvial,Tubewell,5.8,1180.0,3285,7211,2059,7720,3508,2667,1459,27910,20.27,2189,1869,44375,16465,58.99
2020,Bhopal,Paddy,Kharif,Deep Black,Canal,6.6,1086.0,3343,7497,1946,6337,2729,1602,956,24410,19.53,2083,1869,40686,16275,66.67
2020,Bhopal,Paddy,Kharif,Alluvial,Tubewell,10.5,1086.0,3328,6785,2532,7200,2888,2618,815,26167,18.87,2246,1869,42389,16222,61.99
2020,Bhopal,Paddy,Kharif,Medium Black,Tubewell,7.8,1095.0,3323,4903,2102,6203,3878,2597,953,23960,21.15,2050,1869,43357,19398,80.96
2020,Bhopal,Paddy,Kharif,Medium Black,Rainfed,7.2,1099.0,2519,6538,1360,8459,3093,0,1570,23539,10.15,2250,1869,22831,-708,-3.01
2020,Bhopal,Paddy,Kharif,Medium Black,Rainfed,3.2,1188.0,3449,6390,1828,6916,3868,0,1201,23652,17.64,2100,1869,37034,13382,56.58
2020,Bhopal,Paddy,Kharif,Red-Yellow,Rainfed,5.8,1259.0,3030,7428,2332,6214,3207,0,1558,23769,15.33,2084,1869,31942,8173,34.38
2020,Bhopal,Paddy,Kharif,Medium Black,Drip,5.9,1039.0,3492,6526,2382,8353,3716,3166,1127,28762,16.36,2028,1869,33177,4414,15.35
2020,Bhopal,Paddy,Kharif,Medium Black,Rainfed,11.9,1066.0,3283,7053,1396,6826,4030,0,1144,23731,10.66,2149,1869,22901,-830,-3.5
2020,Bhopal,Paddy,Kharif,Medium Black,Drip,6.7,1120.0,2422,5946,2334,6102,3934,2433,1495,24667,21.77,2069,1869,45025,20358,82.53
2020,Bhopal,Paddy,Kharif,Medium Black,Drip,3.5,1236.0,3106,7070,1494,5938,3983,2770,1157,25519,22.85,2070,1869,47299,21779,85.34
2020,Bhopal,Paddy,Kharif,Red-Yellow,Canal,10.2,1258.0,3713,5380,1116,7691,3525,1866,804,24095,18.6,2319,1869,43131,19037,79.01
2020,Bhopal,Paddy,Kharif,Medium Black,Rainfed,11.3,1045.0,2984,7169,2468,8325,2808,0,1133,24886,13.69,2204,1869,30161,5275,21.2
2020,Bhopal,Paddy,Kharif,Alluvial,Tubewell,5.4,1144.0,3243,5180,2241,6199,2846,1855,1572,23135,15.82,2173,1869,34373,11238,48.58
2020,Bhopal,Paddy,Kharif,Medium Black,Tubewell,5.2,1063.0,2292,6423,2461,7238,3863,2438,1437,26153,20.34,2075,1869,42207,16055,61.39
2021,Bhopal,Paddy,Kharif,Alluvial,Rainfed,9.9,1019.0,2752,7751,2295,6461,3542,0,1504,24306,12.95,2213,1942,28657,4351,17.9
2021,Bhopal,Paddy,Kharif,Medium Black,Canal,9.3,1124.0,3357,5127,2762,6358,4028,1297,1322,24250,19.29,2400,1942,46307,22056,90.95
2021,Bhopal,Paddy,Kharif,Medium Black,Canal,4.2,976.0,2361,6142,1161,8159,3957,1161,1380,24322,19.24,2359,1942,45376,21055,86.57
2021,Bhopal,Paddy,Kharif,Alluvial,Tubewell,2.6,980.0,2903,6533,1968,8231,3158,1635,1237,25665,21.17,2248,1942,47593,21928,85.44
2021,Bhopal,Paddy,Kharif,Red-Yellow,Drip,7.9,979.0,2803,6361,1688,6677,3680,3188,1032,25429,17.79,2025,1942,36017,10587,41.63
2021,Bhopal,Paddy,Kharif,Alluvial,Tubewell,11.5,1121.0,3651,7666,2074,6931,3790,2317,1435,27864,19.56,2292,1942,44834,16969,60.9
2021,Bhopal,Paddy,Kharif,Deep Black,Tubewell,8.7,1068.0,3815,5051,1704,7821,3007,1344,1324,24066,18.4,2217,1942,40775,16709,69.43
2021,Bhopal,Paddy,Kharif,Medium Black,Tubewell,5.4,1010.0,3270,6036,1340,6962,3062,1173,1211,23055,15.39,2209,1942,33998,10943,47.47
2021,Bhopal,Paddy,Kharif,Alluvial,Rainfed,11.4,960.0,2263,5068,2430,7145,4361,0,1099,22367,12.56,2460,1942,30901,8535,38.16
2021,Bhopal,Paddy,Kharif,Deep Black,Tubewell,11.5,1096.0,3180,5178,2191,6892,3877,1623,1474,24416,20.5,2320,1942,47552,23136,94.76
2021,Bhopal,Paddy,Kharif,Deep Black,Drip,6.1,1152.0,3568,7130,2339,7540,4100,3158,1554,29389,21.41,2237,1942,47895,18506,62.97
2021,Bhopal,Paddy,Kharif,Medium Black,Tubewell,8.9,1033.0,3238,5064,2707,7834,3191,2174,1144,25352,21.13,2247,1942,47472,22120,87.25
2021,Bhopal,Paddy,Kharif,Medium Black,Rainfed,2.5,953.0,2809,7173,1696,7484,3090,0,1007,23259,11.1,2357,1942,26165,2906,12.49
2021,Bhopal,Paddy,Kharif,Medium Black,Drip,1.9,1097.0,2869,7559,2395,8096,4024,2480,1079,28503,23.81,2329,1942,55468,26965,94.6
2021,Bhopal,Paddy,Kharif,Medium Black,Rainfed,7.0,1022.0,3601,6568,1288,7151,3400,0,1429,23436,13.03,2310,1942,30102,6666,28.44
2021,Bhopal,Paddy,Kharif,Alluvial,Tubewell,1.3,1037.0,2915,5789,1716,7508,3199,1764,1018,23909,16.97,2155,1942,36568,12659,52.95
2021,Bhopal,Paddy,Kharif,Deep Black,Canal,3.6,1120.0,2344,5807,2430,7692,3221,1748,1556,24799,15.65,2356,1942,36868,12069,48.67
2021,Bhopal,Paddy,Kharif,Deep Black,Canal,3.1,1000.0,3436,7248,1155,7365,3447,2346,1190,26188,16.24,2152,1942,34936,8747,33.4
2021,Bhopal,Paddy,Kharif,Red-Yellow,Canal,6.8,1083.0,3688,5488,1730,8014,4034,1894,1284,26131,19.89,2389,1942,47520,21389,81.85
2021,Bhopal,Paddy,Kharif,Medium Black,Tubewell,8.3,984.0,3537,6137,1132,6221,4449,2040,1434,24950,14.63,2134,1942,31221,6271,25.13
2021,Bhopal,Paddy,Kharif,Deep Black,Tubewell,7.6,996.0,2883,7534,2272,6627,3799,1606,934,25653,16.98,2186,1942,37119,11466,44.7
2021,Bhopal,Paddy,Kharif,Deep Black,Rainfed,10.6,958.0,3869,6143,1692,6283,4117,0,912,23017,11.49,2241,1942,25748,2731,11.86
2021,Bhopal,Paddy,Kharif,Red-Yellow,Rainfed,3.5,1006.0,2574,7742,2509,8018,3586,0,1146,25576,14.26,2343,1942,33403,7827,30.6
2021,Bhopal,Paddy,Kharif,Medium Black,Rainfed,11.7,996.0,3412,5817,2389,6256,4160,0,1516,23551,13.61,2312,1942,31477,7927,33.66
2021,Bhopal,Paddy,Kharif,Deep Black,Drip,5.9,1134.0,2410,6642,2718,8188,3400,2147,1628,27133,21.75,2375,1942,51658,24525,90.39
2022,Bhopal,Paddy,Kharif,Alluvial,Canal,11.0,917.0,3059,5623,1425,9153,4327,2200,1050,26837,16.4,2153,2051,35304,8467,31.55
2022,Bhopal,Paddy,Kharif,Medium Black,Drip,5.0,929.0,3265,7338,2154,8453,3457,2141,1245,28054,16.05,2063,2051,33119,5065,18.06
2022,Bhopal,Paddy,Kharif,Red-Yellow,Tubewell,4.7,1056.0,2849,6902,2765,8314,4029,1987,1561,28408,17.11,2242,2051,38363,9955,35.04
2022,Bhopal,Paddy,Kharif,Deep Black,Drip,6.9,884.0,2526,5365,2714,8278,3638,3763,1714,27998,18.44,2485,2051,45831,17833,63.7
2022,Bhopal,Paddy,Kharif,Deep Black,Rainfed,9.9,1036.0,3856,6125,1312,7076,3678,0,948,22995,11.55,2270,2051,26221,3226,14.03
2022,Bhopal,Paddy,Kharif,Alluvial,Canal,11.2,967.0,3795,6434,1693,7158,4307,2508,1502,27397,19.0,2429,2051,46146,18749,68.44
2022,Bhopal,Paddy,Kharif,Medium Black,Canal,10.2,961.0,2851,6650,1314,7207,4632,1956,1063,25672,18.96,2381,2051,45154,19482,75.89
2022,Bhopal,Paddy,Kharif,Deep Black,Rainfed,9.7,871.0,3476,5668,1341,7830,3792,0,906,23014,9.96,2179,2051,21712,-1301,-5.66
2022,Bhopal,Paddy,Kharif,Medium Black,Canal,8.8,1000.0,3450,6968,2501,7314,4549,1990,1160,27931,18.79,2188,2051,41114,13182,47.2
2022,Bhopal,Paddy,Kharif,Red-Yellow,Canal,7.6,996.0,3300,8102,2128,6466,3208,2596,1095,26895,19.12,2351,2051,44949,18054,67.13
2022,Bhopal,Paddy,Kharif,Medium Black,Tubewell,10.4,926.0,3578,7009,1297,9301,4030,2895,1642,29751,17.69,2483,2051,43932,14180,47.66
2022,Bhopal,Paddy,Kharif,Red-Yellow,Drip,5.0,1055.0,3451,7548,1949,9133,4047,1742,1521,29392,21.48,2304,2051,49494,20102,68.39
2022,Bhopal,Paddy,Kharif,Medium Black,Rainfed,7.9,940.0,3337,7709,1773,6764,4140,0,1100,24821,12.98,2523,2051,32743,7922,31.92
2022,Bhopal,Paddy,Kharif,Medium Black,Canal,10.2,987.0,3636,7765,1683,7631,3822,2844,1038,28418,20.33,2274,2051,46224,17806,62.66
2022,Bhopal,Paddy,Kharif,Red-Yellow,Tubewell,6.6,938.0,2908,7249,2596,9359,4204,1213,966,28494,16.73,2358,2051,39451,10957,38.45
2022,Bhopal,Paddy,Kharif,Alluvial,Rainfed,7.8,968.0,2492,6170,1374,6619,3643,0,1717,22016,14.52,2349,2051,34100,12084,54.89
2022,Bhopal,Paddy,Kharif,Deep Black,Drip,5.6,993.0,3597,6992,1943,8756,4413,2020,1347,29071,20.12,2317,2051,46602,17531,60.31
2022,Bhopal,Paddy,Kharif,Deep Black,Tubewell,6.0,941.0,3240,6921,1223,8491,4329,1989,1456,27649,19.61,2181,2051,42769,15120,54.69
2022,Bhopal,Paddy,Kharif,Medium Black,Rainfed,10.0,950.0,4004,5838,2636,7590,3605,0,1628,25301,12.12,2350,2051,28484,3183,12.58
2022,Bhopal,Paddy,Kharif,Deep Black,Rainfed,8.4,888.0,2996,8072,2799,7188,3596,0,1105,25755,10.86,2310,2051,25074,-681,-2.64
2022,Bhopal,Paddy,Kharif,Deep Black,Rainfed,4.6,954.0,2792,6546,2033,8015,3427,0,1373,24186,11.85,2367,2051,28055,3869,16.0
2022,Bhopal,Paddy,Kharif,Medium Black,Rainfed,5.1,873.0,2528,6581,1800,8626,4058,0,1513,25106,12.28,2527,2051,31038,5933,23.63
2022,Bhopal,Paddy,Kharif,Deep Black,Tubewell,6.4,986.0,3602,7257,2121,6612,4076,2668,1651,27988,17.5,2320,2051,40590,12603,45.03
2022,Bhopal,Paddy,Kharif,Deep Black,Rainfed,3.2,872.0,3119,7933,2879,8782,3637,0,1719,28069,11.69,2392,2051,27959,-110,-0.39
2022,Bhopal,Paddy,Kharif,Red-Yellow,Rainfed,6.6,926.0,2802,8044,2898,8369,4233,0,1222,27569,13.7,2665,2051,36500,8932,32.4
2023,Bhopal,Paddy,Kharif,Deep Black,Rainfed,9.0,1012.0,3574,6489,3005,8991,3526,0,1664,27248,12.9,2282,2160,29437,2189,8.03
2023,Bhopal,Paddy,Kharif,Medium Black,Tubewell,4.6,1008.0,3257,7790,1567,9578,4794,1471,1675,30132,20.41,2633,2160,53742,23610,78.35
2023,Bhopal,Paddy,Kharif,Red-Yellow,Tubewell,6.5,971.0,4230,7650,1790,7606,4062,1452,1060,27850,18.44,2684,2160,49493,21642,77.71
2023,Bhopal,Paddy,Kharif,Medium Black,Rainfed,5.5,989.0,2588,6112,2601,8473,4675,0,1537,25984,12.87,2488,2160,32023,6039,23.24
2023,Bhopal,Paddy,Kharif,Deep Black,Canal,7.6,1072.0,3255,7615,1469,7603,3910,2609,1313,27775,18.85,2368,2160,44634,16859,60.7
2023,Bhopal,Paddy,Kharif,Medium Black,Tubewell,5.0,1024.0,2684,5737,2502,7106,3443,2139,1789,25400,14.91,2607,2160,38864,13465,53.01
2023,Bhopal,Paddy,Kharif,Medium Black,Tubewell,11.8,940.0,3789,6450,2387,9684,3676,2012,1610,29609,16.59,2821,2160,46805,17195,58.07
2023,Bhopal,Paddy,Kharif,Medium Black,Rainfed,5.5,1010.0,4014,8352,1782,6962,4328,0,1245,26682,12.2,2335,2160,28501,1818,6.82
2023,Bhopal,Paddy,Kharif,Medium Black,Rainfed,11.3,1091.0,3081,8066,3052,8386,3680,0,1057,27323,13.01,2439,2160,31726,4403,16.12
2023,Bhopal,Paddy,Kharif,Red-Yellow,Canal,3.2,1110.0,3090,6349,1473,8358,3478,1349,1814,25911,19.04,2745,2160,52252,26342,101.66
2023,Bhopal,Paddy,Kharif,Deep Black,Rainfed,9.6,1116.0,3936,7038,2744,9403,3385,0,1383,27889,14.58,2433,2160,35482,7593,27.23
2023,Bhopal,Paddy,Kharif,Alluvial,Rainfed,7.5,1080.0,2691,6918,1686,8340,4862,0,1121,25618,14.55,2580,2160,37543,11925,46.55
2023,Bhopal,Paddy,Kharif,Red-Yellow,Tubewell,7.7,972.0,3860,6528,2480,8746,3489,2638,1706,29450,18.53,2542,2160,47112,17662,59.97
2023,Bhopal,Paddy,Kharif,Deep Black,Tubewell,9.6,1042.0,4178,7884,1385,8938,3212,1737,1560,28895,18.07,2526,2160,45657,16762,58.01
2023,Bhopal,Paddy,Kharif,Medium Black,Rainfed,4.7,1053.0,4306,7125,1870,7339,4013,0,1472,26126,14.7,2485,2160,36524,10398,39.8
2023,Bhopal,Paddy,Kharif,Deep Black,Tubewell,5.1,973.0,3017,7512,1918,8931,4355,1326,1453,28512,19.79,2757,2160,54559,26047,91.36
2023,Bhopal,Paddy,Kharif,Alluvial,Rainfed,5.4,1088.0,3463,8185,1716,9074,3399,0,946,26783,14.22,2618,2160,37224,10440,38.98
2023,Bhopal,Paddy,Kharif,Medium Black,Rainfed,7.1,1097.0,2812,7847,1526,9344,4509,0,973,27010,15.36,2649,2160,40696,13686,50.67
2023,Bhopal,Paddy,Kharif,Medium Black,Tubewell,11.2,1055.0,4127,7964,2139,7976,4681,1283,1643,29813,20.54,2459,2160,50505,20693,69.41
2023,Bhopal,Paddy,Kharif,Medium Black,Canal,6.1,953.0,3236,8529,1921,9606,4669,1696,1040,30697,18.16,2564,2160,46569,15872,51.7
2023,Bhopal,Paddy,Kharif,Deep Black,Tubewell,4.1,1111.0,2828,8381,2430,7245,4033,2694,1169,28779,22.22,2640,2160,58654,29875,103.81
2023,Bhopal,Paddy,Kharif,Medium Black,Tubewell,9.7,972.0,3890,6563,2012,8666,3577,2395,967,28072,16.54,2401,2160,39702,11630,41.43
2023,Bhopal,Paddy,Kharif,Deep Black,Tubewell,6.0,1132.0,2747,6290,1750,8453,4759,1296,1422,26716,18.47,2251,2160,41584,14868,55.65
2023,Bhopal,Paddy,Kharif,Medium Black,Canal,9.1,1025.0,2694,8117,1637,7746,4620,2908,1624,29346,21.19,2659,2160,56351,27005,92.02
2023,Bhopal,Paddy,Kharif,Medium Black,Tubewell,2.1,1132.0,3922,6363,1565,9629,3623,2948,1588,29637,22.67,2591,2160,58736,29098,98.18
2024,Bhopal,Paddy,Kharif,Medium Black,Canal,3.4,953.0,3451,7545,1847,8153,3647,1812,1011,27466,15.23,2930,2269,44605,17139,62.4
2024,Bhopal,Paddy,Kharif,Medium Black,Tubewell,2.7,873.0,3097,7235,2424,9561,4959,2697,1782,31755,19.16,3070,2269,58817,27063,85.22
2024,Bhopal,Paddy,Kharif,Medium Black,Tubewell,8.3,984.0,2924,8552,2321,7399,4367,2987,1311,29861,17.49,2960,2269,51768,21908,73.37
2024,Bhopal,Paddy,Kharif,Deep Black,Tubewell,5.3,863.0,2704,7190,3182,8274,3733,3060,1396,29541,16.4,2897,2269,47511,17970,60.83
2024,Bhopal,Paddy,Kharif,Deep Black,Tubewell,6.2,881.0,3570,8183,3245,8924,4998,1384,998,31302,14.21,2719,2269,38617,7316,23.37
2024,Bhopal,Paddy,Kharif,Red-Yellow,Tubewell,3.0,918.0,3153,6924,1370,9349,3852,3091,1550,29290,15.82,2841,2269,44944,15654,53.45
2024,Bhopal,Paddy,Kharif,Deep Black,Canal,9.2,958.0,3317,7259,2989,8815,3855,1632,1266,29133,18.72,2903,2269,54351,25218,86.56
2024,Bhopal,Paddy,Kharif,Deep Black,Rainfed,4.6,994.0,2968,7714,2549,7228,4179,0,1132,25769,12.13,3035,2269,36834,11064,42.94
2024,Bhopal,Paddy,Kharif,Medium Black,Rainfed,5.1,949.0,2820,6678,2999,7436,3637,0,1736,25306,12.36,2976,2269,36773,11467,45.31
2024,Bhopal,Paddy,Kharif,Medium Black,Canal,11.2,999.0,4382,6412,1396,8039,4363,1494,1441,27529,13.42,3067,2269,41169,13641,49.55
2024,Bhopal,Paddy,Kharif,Red-Yellow,Drip,5.2,894.0,3436,7974,2813,8842,4915,2082,1233,31295,16.84,2965,2269,49934,18639,59.56
2024,Bhopal,Paddy,Kharif,Medium Black,Tubewell,9.1,1029.0,2683,8875,2551,9946,3349,2740,1543,31687,18.68,3023,2269,56466,24779,78.2
2024,Bhopal,Paddy,Kharif,Red-Yellow,Canal,4.8,919.0,3391,9072,1579,8449,4743,2517,1675,31426,18.96,2847,2269,53983,22556,71.77
2024,Bhopal,Paddy,Kharif,Medium Black,Tubewell,10.0,950.0,3827,8558,3081,7198,4458,2295,1376,30792,18.55,2951,2269,54754,23962,77.82
2024,Bhopal,Paddy,Kharif,Medium Black,Canal,7.1,984.0,3392,8514,1554,9569,4597,2653,989,31268,15.62,3059,2269,47797,16529,52.86
2024,Bhopal,Paddy,Kharif,Deep Black,Canal,9.3,943.0,2903,6903,2544,7734,5097,1753,1842,28776,15.94,2858,2269,45555,16779,58.31
2024,Bhopal,Paddy,Kharif,Medium Black,Canal,1.5,1012.0,3709,7639,2037,9832,4448,1443,1838,30947,17.4,2992,2269,52072,21125,68.26
2024,Bhopal,Paddy,Kharif,Deep Black,Canal,4.6,901.0,3040,7566,2837,8861,4085,2137,1210,29737,17.85,3359,2269,59968,30231,101.66
2024,Bhopal,Paddy,Kharif,Deep Black,Tubewell,3.1,915.0,3297,8194,3085,7634,4377,1992,1418,29997,18.99,3064,2269,58198,28201,94.01
2024,Bhopal,Paddy,Kharif,Medium Black,Rainfed,10.3,1001.0,3346,8815,2547,10258,4224,0,1482,30673,12.93,2866,2269,37060,6387,20.82
2024,Bhopal,Paddy,Kharif,Deep Black,Rainfed,6.0,878.0,3709,7450,2807,9090,4463,0,1876,29396,11.86,2931,2269,34744,5348,18.19
2024,Bhopal,Paddy,Kharif,Medium Black,Tubewell,9.0,1037.0,4107,8057,1362,8433,4707,1628,1735,30030,18.3,2944,2269,53879,23849,79.42
2024,Bhopal,Paddy,Kharif,Alluvial,Canal,3.2,1030.0,4358,7221,2602,10177,3299,2859,1696,32212,19.16,2897,2269,55511,23300,72.33
2024,Bhopal,Paddy,Kharif,Medium Black,Tubewell,3.7,995.0,3045,9022,1430,7265,4091,2908,1755,29516,20.2,2954,2269,59657,30142,102.12
2024,Bhopal,Paddy,Kharif,Medium Black,Canal,3.7,878.0,3583,5962,1966,8296,3788,2843,1258,27695,14.91,2919,2269,43533,15839,57.19
2019,Bhopal,Pulses,Rabi,Red-Yellow,Canal,9.1,61.0,2018,2933,1395,4040,2157,793,581,13917,3.53,5745,4875,20273,6356,45.67
2019,Bhopal,Pulses,Rabi,Medium Black,Rainfed,2.6,47.0,1254,3269,1378,4339,1557,0,825,12622,3.11,5286,4875,16445,3823,30.29
2019,Bhopal,Pulses,Rabi,Medium Black,Rainfed,8.9,65.0,2022,3440,680,3525,2374,0,873,12914,3.13,5358,4875,16775,3861,29.9
2019,Bhopal,Pulses,Rabi,Deep Black,Tubewell,10.2,112.0,1316,3043,1042,4311,1780,1336,858,13685,3.62,5539,4875,20054,6368,46.53
2019,Bhopal,Pulses,Rabi,Medium Black,Rainfed,6.9,42.0,1951,3927,1298,4619,1852,0,682,14329,2.91,5996,4875,17454,3125,21.81
2019,Bhopal,Pulses,Rabi,Red-Yellow,Canal,6.2,44.0,2014,3829,1488,3877,2370,944,532,15053,3.19,5293,4875,16893,1840,12.22
2019,Bhopal,Pulses,Rabi,Red-Yellow,Tubewell,6.5,32.0,1601,3496,904,4235,2008,1058,756,14058,3.4,5661,4875,19255,5197,36.97
2019,Bhopal,Pulses,Rabi,Medium Black,Canal,12.0,96.0,1991,3158,1123,4712,2002,1442,783,15211,3.27,5683,4875,18566,3356,22.06
2019,Bhopal,Pulses,Rabi,Deep Black,Rainfed,1.2,35.0,1294,3233,641,3316,1996,0,703,11182,2.41,5343,4875,12866,1685,15.07
2019,Bhopal,Pulses,Rabi,Red-Yellow,Rainfed,8.6,52.0,1868,3403,814,3373,2018,0,597,12074,3.09,6029,4875,18650,6576,54.47
2019,Bhopal,Pulses,Rabi,Medium Black,Rainfed,5.1,63.0,1377,3108,1492,3884,1632,0,816,12308,3.2,5193,4875,16635,4326,35.15
2019,Bhopal,Pulses,Rabi,Medium Black,Tubewell,3.3,52.0,1701,3169,1309,3812,1744,1173,639,13547,3.37,5281,4875,17789,4242,31.31
2019,Bhopal,Pulses,Rabi,Medium Black,Canal,2.8,69.0,2018,3696,843,4537,2101,701,563,14461,3.7,5405,4875,19980,5520,38.17
2019,Bhopal,Pulses,Rabi,Medium Black,Canal,8.7,67.0,1341,2902,1369,3695,2113,1350,787,13557,3.24,5651,4875,18321,4765,35.15
2019,Bhopal,Pulses,Rabi,Medium Black,Rainfed,7.4,76.0,1206,2871,1197,4015,2047,0,749,12086,2.49,5505,4875,13691,1605,13.28
2019,Bhopal,Pulses,Rabi,Medium Black,Tubewell,1.8,46.0,1364,4139,1494,4489,1847,1109,548,14991,3.49,5857,4875,20452,5461,36.43
2019,Bhopal,Pulses,Rabi,Deep Black,Canal,8.4,88.0,2065,3701,819,4557,2029,612,614,14397,4.08,5162,4875,21072,6675,46.36
2019,Bhopal,Pulses,Rabi,Medium Black,Drip,9.9,73.0,1245,2904,1111,3566,2342,1923,704,13795,2.82,5530,4875,15614,1819,13.19
2019,Bhopal,Pulses,Rabi,Medium Black,Rainfed,10.8,35.0,1309,3903,1477,4327,1810,0,635,13462,3.63,5475,4875,19885,6423,47.71
2019,Bhopal,Pulses,Rabi,Alluvial,Tubewell,6.7,36.0,1581,3325,1065,4379,2145,625,873,13994,3.02,5311,4875,16035,2041,14.59
2019,Bhopal,Pulses,Rabi,Medium Black,Canal,11.0,98.0,1682,3716,963,4104,2131,1006,867,14469,3.88,5183,4875,20120,5650,39.05
2019,Bhopal,Pulses,Rabi,Medium Black,Drip,8.2,44.0,1826,2908,827,4019,1984,1915,757,14235,3.69,5380,4875,19874,5639,39.61
2019,Bhopal,Pulses,Rabi,Deep Black,Tubewell,9.3,57.0,1500,2877,634,3580,1666,1088,642,11988,2.54,5024,4875,12783,796,6.64
2019,Bhopal,Pulses,Rabi,Medium Black,Tubewell,11.3,113.0,1857,2994,931,3604,1764,1346,636,13132,3.27,5136,4875,16771,3639,27.71
2019,Bhopal,Pulses,Rabi,Deep Black,Tubewell,1.8,108.0,1883,2838,1324,3603,1807,1172,880,13507,2.87,5539,4875,15893,2387,17.67
2020,Bhopal,Pulses,Rabi,Medium Black,Rainfed,10.6,43.0,1590,2929,1321,4536,1864,0,802,13041,2.9,5489,5021,15938,2896,22.21
2020,Bhopal,Pulses,Rabi,Medium Black,Canal,2.9,97.0,1730,3112,1009,4320,1564,1374,648,13756,2.8,5721,5021,16040,2284,16.6
2020,Bhopal,Pulses,Rabi,Deep Black,Rainfed,5.0,84.0,1464,4245,1181,3584,2472,0,906,13852,3.24,5925,5021,19219,5367,38.74
2020,Bhopal,Pulses,Rabi,Medium Black,Canal,11.8,26.0,1373,4182,871,4886,2343,650,510,14815,3.42,6345,5021,21712,6897,46.55
2020,Bhopal,Pulses,Rabi,Medium Black,Tubewell,7.4,54.0,1687,4099,654,3516,2009,743,701,13409,3.76,5999,5021,22552,9143,68.19
2020,Bhopal,Pulses,Rabi,Medium Black,Rainfed,9.8,69.0,1376,3557,992,4648,2324,0,874,13771,3.28,5871,5021,19236,5465,39.69
2020,Bhopal,Pulses,Rabi,Alluvial,Canal,11.3,63.0,1634,3897,855,4901,1744,853,901,14783,3.54,6324,5021,22401,7618,51.53
2020,Bhopal,Pulses,Rabi,Medium Black,Tubewell,8.0,108.0,1591,3649,930,4293,2374,1125,621,14583,3.72,5581,5021,20785,6202,42.53
2020,Bhopal,Pulses,Rabi,Deep Black,Rainfed,5.8,20.0,1507,2917,1345,4211,2186,0,884,13050,2.37,6075,5021,14412,1362,10.44
2020,Bhopal,Pulses,Rabi,Alluvial,Canal,8.8,89.0,1539,3458,1103,3408,2425,1065,539,13536,3.34,6550,5021,21884,8349,61.68
2020,Bhopal,Pulses,Rabi,Medium Black,Tubewell,8.5,60.0,1614,3091,852,4152,2131,1104,488,13431,3.45,5945,5021,20494,7063,52.59
2020,Bhopal,Pulses,Rabi,Medium Black,Tubewell,3.1,52.0,2154,3848,1186,3717,2218,816,783,14722,3.76,5956,5021,22398,7676,52.14
2020,Bhopal,Pulses,Rabi,Red-Yellow,Tubewell,3.4,64.0,1681,3878,994,3445,1747,1434,639,13817,3.51,6117,5021,21483,7666,55.48
2020,Bhopal,Pulses,Rabi,Medium Black,Tubewell,9.3,105.0,1486,3297,862,3834,1976,1029,472,12957,3.2,5808,5021,18567,5610,43.29
2020,Bhopal,Pulses,Rabi,Red-Yellow,Canal,3.2,59.0,1283,3752,906,4188,2177,1139,762,14207,3.36,5978,5021,20107,5899,41.52
2020,Bhopal,Pulses,Rabi,Deep Black,Canal,4.3,59.0,2077,3988,714,4562,1620,1466,678,15105,3.84,5740,5021,22027,6922,45.83
2020,Bhopal,Pulses,Rabi,Medium Black,Canal,10.3,37.0,2039,3607,962,3408,1761,1079,493,13349,3.44,6513,5021,22415,9067,67.92
2020,Bhopal,Pulses,Rabi,Deep Black,Canal,3.3,50.0,1808,3669,1303,4275,1593,1169,744,14562,3.42,5904,5021,20171,5610,38.52
2020,Bhopal,Pulses,Rabi,Deep Black,Rainfed,3.8,82.0,1654,3957,1201,4613,1623,0,802,13849,2.78,6525,5021,18164,4315,31.16
2020,Bhopal,Pulses,Rabi,Alluvial,Tubewell,9.7,54.0,1919,3593,1353,4859,2448,640,883,15694,3.38,5450,5021,18425,2731,17.4
2020,Bhopal,Pulses,Rabi,Medium Black,Drip,6.7,56.0,1756,2967,1467,4221,2015,1836,735,14997,3.75,5651,5021,21167,6170,41.14
2020,Bhopal,Pulses,Rabi,Medium Black,Rainfed,10.9,78.0,1847,2931,993,4782,1861,0,889,13303,2.99,6197,5021,18559,5256,39.51
2020,Bhopal,Pulses,Rabi,Alluvial,Tubewell,5.4,49.0,1865,3741,1045,4066,2003,1349,556,14625,3.72,5726,5021,21310,6685,45.71
2020,Bhopal,Pulses,Rabi,Medium Black,Tubewell,9.1,55.0,1553,3600,1107,3544,2107,933,770,13614,4.0,5599,5021,22373,8759,64.34
2020,Bhopal,Pulses,Rabi,Medium Black,Canal,1.7,21.0,1678,3615,1297,4842,1603,1199,597,14831,3.47,5798,5021,20095,5263,35.49
2021,Bhopal,Pulses,Rabi,Alluvial,Rainfed,9.5,82.0,2178,4450,1391,4254,1879,0,897,15049,2.86,6254,5216,17874,2824,18.77
2021,Bhopal,Pulses,Rabi,Red-Yellow,Tubewell,11.5,59.0,1515,2908,1274,4123,1794,770,498,12882,3.63,5877,5216,21329,8447,65.57
2021,Bhopal,Pulses,Rabi,Alluvial,Canal,2.2,98.0,1564,4440,1162,4822,2221,680,709,15598,3.45,5834,5216,20148,4551,29.18
2021,Bhopal,Pulses,Rabi,Medium Black,Tubewell,1.8,55.0,1527,4119,667,4519,2481,1498,904,15716,2.99,5887,5216,17615,1899,12.08
2021,Bhopal,Pulses,Rabi,Medium Black,Rainfed,4.4,81.0,2050,4142,1516,4906,2296,0,562,15471,2.33,5682,5216,13243,-2228,-14.4
2021,Bhopal,Pulses,Rabi,Medium Black,Drip,5.9,27.0,1737,3039,1414,4160,2108,1932,923,15313,3.71,6358,5216,23567,8255,53.91
2021,Bhopal,Pulses,Rabi,Deep Black,Tubewell,11.3,55.0,1443,3184,1563,4226,2484,913,511,14324,3.46,6118,5216,21161,6837,47.73
2021,Bhopal,Pulses,Rabi,Medium Black,Rainfed,11.0,82.0,2070,4033,1296,5014,2477,0,755,15645,3.44,5702,5216,19610,3965,25.34
2021,Bhopal,Pulses,Rabi,Alluvial,Canal,11.5,69.0,1915,2928,1577,4541,2543,1433,779,15716,3.05,5686,5216,17352,1636,10.41
2021,Bhopal,Pulses,Rabi,Medium Black,Rainfed,4.8,87.0,1800,4092,1435,4441,1616,0,615,13998,3.18,5834,5216,18527,4529,32.36
2021,Bhopal,Pulses,Rabi,Medium Black,Tubewell,5.1,79.0,1489,3879,1577,4938,2455,755,821,15914,3.79,5835,5216,22138,6224,39.11
2021,Bhopal,Pulses,Rabi,Medium Black,Drip,5.6,30.0,1747,3930,1187,4589,2017,1346,609,15425,3.63,6148,5216,22293,6867,44.52
2021,Bhopal,Pulses,Rabi,Red-Yellow,Drip,9.8,73.0,1401,3130,1385,5035,1822,1549,716,15037,3.62,6133,5216,22182,7144,47.51
2021,Bhopal,Pulses,Rabi,Deep Black,Canal,10.5,29.0,1464,3139,975,4450,2079,687,718,13512,3.4,5716,5216,19423,5911,43.75
2021,Bhopal,Pulses,Rabi,Medium Black,Canal,6.0,52.0,2106,4465,785,4590,2000,1066,570,15582,3.57,5705,5216,20355,4772,30.63
2021,Bhopal,Pulses,Rabi,Medium Black,Tubewell,11.9,31.0,1997,3139,1245,4688,2413,1488,963,15933,3.54,6572,5216,23268,7334,46.03
2021,Bhopal,Pulses,Rabi,Deep Black,Tubewell,5.2,36.0,1378,3641,1020,4798,2096,1284,815,15031,3.39,5874,5216,19938,4907,32.64
2021,Bhopal,Pulses,Rabi,Medium Black,Tubewell,5.3,32.0,1778,4429,1586,3865,2068,1534,525,15784,3.48,6212,5216,21635,5851,37.07
2021,Bhopal,Pulses,Rabi,Medium Black,Tubewell,7.8,65.0,1424,2972,1303,4398,2300,1456,877,14730,2.91,5365,5216,15633,903,6.13
2021,Bhopal,Pulses,Rabi,Medium Black,Tubewell,2.6,86.0,2106,3667,707,3562,2503,1453,499,14497,3.14,6102,5216,19132,4635,31.97
2021,Bhopal,Pulses,Rabi,Medium Black,Tubewell,4.7,89.0,1295,3212,703,3918,1906,841,646,12522,3.5,5860,5216,20486,7964,63.6
2021,Bhopal,Pulses,Rabi,Medium Black,Tubewell,6.9,83.0,1408,4155,737,4434,1689,1424,661,14508,3.9,5496,5216,21418,6910,47.63
2021,Bhopal,Pulses,Rabi,Deep Black,Canal,1.2,84.0,2242,4398,1256,4538,2339,1067,931,16771,2.82,6049,5216,17044,272,1.62
2021,Bhopal,Pulses,Rabi,Alluvial,Tubewell,2.4,63.0,1613,3180,1529,3848,1890,1198,957,14215,3.46,6064,5216,21007,6792,47.78
2021,Bhopal,Pulses,Rabi,Medium Black,Canal,4.5,114.0,1697,3004,1205,4711,2216,1049,561,14441,3.11,5685,5216,17684,3243,22.46
2022,Bhopal,Pulses,Rabi,Alluvial,Canal,6.0,61.0,1524,3834,1473,4001,2541,705,521,14599,3.35,6554,5509,21953,7354,50.37
2022,Bhopal,Pulses,Rabi,Deep Black,Rainfed,6.6,33.0,2190,4371,1499,5236,2465,0,601,16363,3.15,5979,5509,18833,2470,15.09
2022,Bhopal,Pulses,Rabi,Medium Black,Tubewell,11.9,69.0,1727,4580,704,4336,2711,697,1011,15767,3.32,6207,5509,20630,4863,30.84
2022,Bhopal,Pulses,Rabi,Medium Black,Drip,5.1,63.0,2354,3651,940,5119,2547,1407,570,16589,3.79,6365,5509,24118,7530,45.39
2022,Bhopal,Pulses,Rabi,Deep Black,Rainfed,4.8,66.0,2040,3982,946,4694,2425,0,1009,15095,2.92,6115,5509,17884,2789,18.48
2022,Bhopal,Pulses,Rabi,Alluvial,Tubewell,4.0,45.0,2105,4135,1413,4843,1838,1364,618,16317,3.03,6447,5509,19531,3214,19.7
2022,Bhopal,Pulses,Rabi,Red-Yellow,Tubewell,5.9,44.0,2034,4283,818,4727,2688,1517,738,16804,3.01,6241,5509,18781,1976,11.76
2022,Bhopal,Pulses,Rabi,Deep Black,Canal,9.1,50.0,2180,3900,1388,4254,2196,1461,880,16259,3.51,6361,5509,22317,6058,37.26
2022,Bhopal,Pulses,Rabi,Alluvial,Canal,1.6,28.0,2006,3889,1688,4641,2371,1269,935,16800,3.71,6229,5509,23117,6317,37.6
2022,Bhopal,Pulses,Rabi,Deep Black,Rainfed,4.4,60.0,2029,4524,1295,5005,2639,0,662,16154,3.16,6123,5509,19335,3180,19.69
2022,Bhopal,Pulses,Rabi,Red-Yellow,Rainfed,10.2,72.0,1516,4429,862,4611,1865,0,765,14047,2.97,5876,5509,17458,3411,24.28
2022,Bhopal,Pulses,Rabi,Medium Black,Rainfed,6.5,24.0,1982,3951,729,4151,2533,0,639,13985,3.12,5700,5509,17809,3824,27.34
2022,Bhopal,Pulses,Rabi,Medium Black,Rainfed,6.7,52.0,1528,3427,846,5044,2068,0,810,13723,3.43,6431,5509,22053,8330,60.7
2022,Bhopal,Pulses,Rabi,Medium Black,Drip,7.1,47.0,2136,4713,911,4512,2499,1187,736,16693,3.75,6627,5509,24881,8188,49.05
2022,Bhopal,Pulses,Rabi,Red-Yellow,Tubewell,9.3,49.0,2061,3890,1420,4463,1870,1671,785,16160,2.93,6207,5509,18165,2005,12.41
2022,Bhopal,Pulses,Rabi,Deep Black,Rainfed,9.3,88.0,2193,3837,1626,4735,2346,0,935,15672,2.46,6598,5509,16203,531,3.39
2022,Bhopal,Pulses,Rabi,Medium Black,Tubewell,10.5,30.0,1390,4330,1193,4922,2617,1399,629,16478,3.38,5942,5509,20085,3607,21.89
2022,Bhopal,Pulses,Rabi,Deep Black,Tubewell,5.0,66.0,1624,4143,1172,5387,2152,699,562,15739,3.4,6227,5509,21149,5410,34.38
2022,Bhopal,Pulses,Rabi,Medium Black,Canal,4.4,71.0,2308,3894,1456,4540,2684,1006,747,16635,4.11,6533,5509,26865,10230,61.49
2022,Bhopal,Pulses,Rabi,Medium Black,Canal,8.0,109.0,1922,3681,1254,4807,1886,973,573,15095,3.16,6461,5509,20428,5333,35.33
2022,Bhopal,Pulses,Rabi,Medium Black,Canal,10.4,70.0,1926,3910,1441,4247,2089,824,955,15393,3.38,6103,5509,20614,5221,33.92
2022,Bhopal,Pulses,Rabi,Medium Black,Tubewell,4.2,36.0,1677,3866,1624,4864,2608,931,614,16184,3.4,5979,5509,20342,4158,25.7
2022,Bhopal,Pulses,Rabi,Medium Black,Tubewell,9.0,82.0,2257,4324,876,4565,2630,1001,790,16444,3.23,5992,5509,19333,2889,17.57
2022,Bhopal,Pulses,Rabi,Medium Black,Canal,7.6,63.0,1764,4635,1186,4148,2597,733,702,15766,3.22,6202,5509,19969,4203,26.66
2022,Bhopal,Pulses,Rabi,Deep Black,Rainfed,1.3,65.0,1700,3408,1623,5224,2002,0,524,14481,3.34,6624,5509,22155,7674,52.99
2023,Bhopal,Pulses,Rabi,Alluvial,Tubewell,10.7,66.0,1822,4919,978,5685,2589,1295,723,18011,3.72,7256,5801,26961,8950,49.69
2023,Bhopal,Pulses,Rabi,Medium Black,Tubewell,4.2,94.0,1648,4843,1386,5442,2641,1507,782,18249,2.98,7501,5801,22343,4094,22.43
2023,Bhopal,Pulses,Rabi,Medium Black,Rainfed,9.2,20.0,1496,3235,856,4341,1932,0,545,12405,2.84,7626,5801,21635,9230,74.4
2023,Bhopal,Pulses,Rabi,Deep Black,Drip,9.4,41.0,1480,4784,1357,4293,2553,1969,972,17406,3.45,7272,5801,25075,7669,44.06
2023,Bhopal,Pulses,Rabi,Alluvial,Tubewell,5.7,75.0,2451,4108,850,4990,2704,823,933,16859,3.1,6016,5801,18671,1812,10.75
2023,Bhopal,Pulses,Rabi,Medium Black,Drip,11.6,85.0,2375,3867,1245,4994,2491,1955,715,17642,3.09,6968,5801,21522,3880,21.99
2023,Bhopal,Pulses,Rabi,Red-Yellow,Tubewell,4.8,32.0,2387,4460,1713,4881,1980,1388,885,17694,3.62,7429,5801,26876,9182,51.89
2023,Bhopal,Pulses,Rabi,Deep Black,Tubewell,3.7,30.0,2288,3860,1367,5605,2027,1539,776,17462,3.0,6811,5801,20436,2974,17.03
2023,Bhopal,Pulses,Rabi,Medium Black,Rainfed,9.3,79.0,1559,3819,1281,4124,2121,0,1021,13925,3.0,7261,5801,21767,7841,56.31
2023,Bhopal,Pulses,Rabi,Deep Black,Rainfed,9.6,35.0,1656,4082,954,5534,2552,0,1057,15834,2.77,6939,5801,19248,3414,21.56
2023,Bhopal,Pulses,Rabi,Medium Black,Tubewell,9.3,61.0,1655,4895,1485,5005,2623,1539,782,17985,3.38,7200,5801,24361,6376,35.45
2023,Bhopal,Pulses,Rabi,Medium Black,Canal,5.3,67.0,1568,3735,895,4648,2156,1002,632,14635,2.86,7262,5801,20760,6125,41.85
2023,Bhopal,Pulses,Rabi,Deep Black,Rainfed,1.1,20.0,1649,3896,1491,4882,2760,0,893,15571,2.88,7268,5801,20942,5371,34.5
2023,Bhopal,Pulses,Rabi,Deep Black,Rainfed,3.5,81.0,2367,4978,1306,5154,2164,0,1059,17028,2.81,6699,5801,18843,1815,10.66
2023,Bhopal,Pulses,Rabi,Medium Black,Rainfed,2.2,20.0,2284,4363,1545,5093,1909,0,930,16124,3.47,7319,5801,25390,9266,57.47
2023,Bhopal,Pulses,Rabi,Deep Black,Tubewell,5.1,20.0,2253,4966,1657,5423,1851,1486,934,18570,3.53,7117,5801,25147,6577,35.42
2023,Bhopal,Pulses,Rabi,Alluvial,Canal,9.9,58.0,1509,3948,791,4294,2272,1694,944,15452,3.03,7291,5801,22104,6651,43.04
2023,Bhopal,Pulses,Rabi,Medium Black,Rainfed,6.7,20.0,1508,4410,1352,4002,2464,0,892,14628,3.02,6821,5801,20615,5987,40.93
2023,Bhopal,Pulses,Rabi,Red-Yellow,Tubewell,3.2,88.0,2430,3270,1664,4580,2666,1589,916,17115,3.32,6647,5801,22087,4972,29.05
2023,Bhopal,Pulses,Rabi,Alluvial,Rainfed,5.0,39.0,1432,4317,929,4007,2096,0,843,13624,3.28,7661,5801,25130,11506,84.46
2023,Bhopal,Pulses,Rabi,Medium Black,Tubewell,5.1,34.0,1841,3950,907,4950,2350,730,696,15424,3.31,6678,5801,22079,6655,43.15
2023,Bhopal,Pulses,Rabi,Medium Black,Canal,4.9,79.0,2248,3613,1159,4943,2679,827,548,16017,3.48,7406,5801,25780,9763,60.96
2023,Bhopal,Pulses,Rabi,Medium Black,Tubewell,1.8,60.0,2132,4271,1687,5079,2499,815,774,17255,3.05,7390,5801,22554,5298,30.71
2023,Bhopal,Pulses,Rabi,Red-Yellow,Canal,5.7,76.0,2472,3273,1153,4522,2521,1518,899,16357,3.39,7208,5801,24466,8109,49.57
2023,Bhopal,Pulses,Rabi,Deep Black,Tubewell,5.9,70.0,1663,3950,1644,4048,2849,1774,799,16728,3.09,7807,5801,24130,7402,44.25
2024,Bhopal,Pulses,Rabi,Medium Black,Rainfed,11.4,80.0,2393,4391,1295,5359,2266,0,890,16594,2.72,6578,6094,17864,1270,7.66
2024,Bhopal,Pulses,Rabi,Medium Black,Canal,9.3,64.0,2307,3664,962,5562,1936,1633,791,16855,3.39,6983,6094,23652,6797,40.32
2024,Bhopal,Pulses,Rabi,Deep Black,Tubewell,9.1,75.0,1983,5162,1277,5245,2797,1806,789,19059,3.45,6704,6094,23130,4071,21.36
2024,Bhopal,Pulses,Rabi,Medium Black,Rainfed,4.6,74.0,2141,3473,1047,5848,1899,0,787,15196,2.35,6264,6094,14745,-450,-2.96
2024,Bhopal,Pulses,Rabi,Medium Black,Canal,6.5,69.0,2020,4036,1654,5837,2166,1597,730,18039,3.8,6428,6094,24429,6390,35.42
2024,Bhopal,Pulses,Rabi,Medium Black,Rainfed,2.5,38.0,2078,4860,1832,4793,2741,0,618,16923,2.87,7079,6094,20308,3386,20.01
2024,Bhopal,Pulses,Rabi,Red-Yellow,Canal,1.6,67.0,1769,4565,852,5713,2640,1447,1103,18089,3.89,6776,6094,26383,8294,45.85
2024,Bhopal,Pulses,Rabi,Medium Black,Rainfed,7.0,54.0,2333,4481,1480,5431,2173,0,971,16869,2.5,6140,6094,15340,-1529,-9.06
2024,Bhopal,Pulses,Rabi,Medium Black,Tubewell,9.2,78.0,2364,3441,1570,4938,2111,1455,992,16870,3.14,6276,6094,19688,2818,16.7
2024,Bhopal,Pulses,Rabi,Red-Yellow,Rainfed,8.1,48.0,2437,3518,788,5671,2496,0,566,15476,2.77,6556,6094,18179,2704,17.47
2024,Bhopal,Pulses,Rabi,Medium Black,Tubewell,10.4,53.0,2465,4427,1021,4363,2336,1689,707,17007,3.58,7120,6094,25467,8460,49.74
2024,Bhopal,Pulses,Rabi,Deep Black,Rainfed,10.3,85.0,2283,4363,938,4172,2312,0,638,14706,2.93,6064,6094,17854,3149,21.41
2024,Bhopal,Pulses,Rabi,Medium Black,Tubewell,4.3,57.0,2527,3393,1649,5005,2929,1141,641,17284,2.99,7103,6094,21248,3964,22.94
2024,Bhopal,Pulses,Rabi,Medium Black,Rainfed,11.4,95.0,1887,4096,1329,4880,2865,0,861,15919,2.92,6528,6094,19055,3136,19.7
2024,Bhopal,Pulses,Rabi,Medium Black,Drip,11.2,63.0,1758,4174,1563,4303,1945,1017,882,15642,3.67,6506,6094,23864,8221,52.56
2024,Bhopal,Pulses,Rabi,Medium Black,Rainfed,7.3,99.0,2078,4727,902,4772,2148,0,1101,15729,3.08,6503,6094,20043,4314,27.43
2024,Bhopal,Pulses,Rabi,Medium Black,Rainfed,7.3,107.0,1993,4598,1389,4427,2886,0,740,16033,3.52,6709,6094,23585,7552,47.1
2024,Bhopal,Pulses,Rabi,Medium Black,Tubewell,11.1,62.0,1585,3920,1821,5258,2451,863,856,16753,3.44,6710,6094,23068,6314,37.69
2024,Bhopal,Pulses,Rabi,Red-Yellow,Canal,6.5,52.0,2496,3724,1047,4287,2572,771,624,15521,3.57,6901,6094,24610,9088,58.56
2024,Bhopal,Pulses,Rabi,Medium Black,Canal,3.7,49.0,2465,4218,906,5135,1980,941,761,16405,3.16,6374,6094,20168,3763,22.94
2024,Bhopal,Pulses,Rabi,Red-Yellow,Drip,11.2,73.0,2453,4122,1519,5208,2051,1346,1122,17820,3.22,6688,6094,21517,3697,20.75
2024,Bhopal,Pulses,Rabi,Deep Black,Rainfed,7.8,20.0,2449,4133,1068,5932,2344,0,847,16774,3.01,7249,6094,21793,5018,29.92
2024,Bhopal,Pulses,Rabi,Medium Black,Canal,8.3,49.0,1915,3429,1472,4263,2455,946,1024,15505,3.42,6513,6094,22250,6745,43.5
2024,Bhopal,Pulses,Rabi,Deep Black,Drip,2.1,68.0,2039,4857,1301,4854,2661,1023,1019,17754,3.89,5950,6094,23723,5969,33.62
2024,Bhopal,Pulses,Rabi,Deep Black,Tubewell,9.4,40.0,2502,4360,1662,5195,2986,1335,757,18795,3.02,6799,6094,20508,1712,9.11
2019,Bhopal,Sugarcane,Annual,Alluvial,Canal,8.3,1055.0,7122,16888,3266,17998,8036,4606,2183,60099,296.71,335,275,99541,39442,65.63
2019,Bhopal,Sugarcane,Annual,Alluvial,Tubewell,6.9,1050.0,7032,11474,5380,19385,7607,3486,2303,56666,219.4,346,275,75982,19317,34.09
2019,Bhopal,Sugarcane,Annual,Medium Black,Rainfed,9.4,1108.0,7435,15951,5274,15717,8819,0,2161,55357,191.21,342,275,65304,9947,17.97
2019,Bhopal,Sugarcane,Annual,Medium Black,Rainfed,7.6,1093.0,8195,15282,5450,17683,7235,0,2190,56034,208.31,353,275,73590,17555,31.33
2019,Bhopal,Sugarcane,Annual,Deep Black,Canal,10.6,1194.0,7530,15359,2570,16930,8180,2761,2263,55595,303.83,360,275,109304,53709,96.61
2019,Bhopal,Sugarcane,Annual,Medium Black,Tubewell,7.2,1176.0,8016,14570,4645,14630,7792,3472,2444,55569,291.1,345,275,100486,44917,80.83
2019,Bhopal,Sugarcane,Annual,Medium Black,Rainfed,8.1,1094.0,7949,11614,5488,17073,8604,0,2903,53631,169.34,353,275,59813,6181,11.53
2019,Bhopal,Sugarcane,Annual,Red-Yellow,Rainfed,1.2,1058.0,8322,13556,2894,15283,8776,0,2654,51486,158.07,309,275,48839,-2646,-5.14
2019,Bhopal,Sugarcane,Annual,Medium Black,Canal,4.4,1053.0,6577,12378,5852,16650,8894,3061,2856,56269,281.51,364,275,102385,46117,81.96
2019,Bhopal,Sugarcane,Annual,Red-Yellow,Rainfed,11.4,1013.0,8570,12786,3822,13769,9436,0,1872,50255,176.09,327,275,57624,7369,14.66
2019,Bhopal,Sugarcane,Annual,Deep Black,Drip,2.0,1121.0,5827,17156,3675,17690,8534,7192,2089,62164,336.5,341,275,114688,52525,84.49
2019,Bhopal,Sugarcane,Annual,Alluvial,Rainfed,9.4,996.0,7634,16338,4078,14986,9112,0,2522,54669,187.71,342,275,64150,9481,17.34
2019,Bhopal,Sugarcane,Annual,Medium Black,Drip,10.5,1206.0,7979,11548,3384,14306,9156,7553,1986,55911,242.14,310,275,75071,19160,34.27
2019,Bhopal,Sugarcane,Annual,Deep Black,Canal,4.2,1151.0,5553,17072,5546,19571,7754,5581,3040,64118,326.77,358,275,117023,52906,82.51
2019,Bhopal,Sugarcane,Annual,Deep Black,Tubewell,7.7,1068.0,5259,11184,3170,17785,8128,3958,2996,52479,281.8,371,275,104417,51938,98.97
2019,Bhopal,Sugarcane,Annual,Medium Black,Rainfed,1.8,1112.0,8645,17229,5939,15474,8961,0,2061,58309,175.05,360,275,63073,4764,8.17
2019,Bhopal,Sugarcane,Annual,Deep Black,Tubewell,8.4,1140.0,6620,13458,5493,18493,9013,3886,2510,59473,279.22,320,275,89287,29814,50.13
2019,Bhopal,Sugarcane,Annual,Red-Yellow,Rainfed,11.6,1044.0,5862,13283,4118,17590,7894,0,3496,52242,185.12,346,275,64033,11790,22.57
2019,Bhopal,Sugarcane,Annual,Medium Black,Canal,5.9,1065.0,6461,11455,4132,15648,7602,3237,3388,51923,249.01,344,275,85725,33803,65.1
2019,Bhopal,Sugarcane,Annual,Medium Black,Canal,7.5,1144.0,7865,13733,4763,19566,7454,2623,2201,58206,269.0,338,275,90928,32722,56.22
2019,Bhopal,Sugarcane,Annual,Deep Black,Rainfed,3.2,1075.0,8269,12969,5097,17375,9568,0,3362,56641,184.67,348,275,64263,7622,13.46
2019,Bhopal,Sugarcane,Annual,Deep Black,Tubewell,5.6,1055.0,4986,13783,5621,15293,8566,3017,2041,53308,277.4,322,275,89397,36090,67.7
2019,Bhopal,Sugarcane,Annual,Medium Black,Tubewell,1.5,1102.0,5501,14687,3876,18808,9876,4292,2440,59480,312.62,351,275,109597,50117,84.26
2019,Bhopal,Sugarcane,Annual,Medium Black,Tubewell,2.8,1017.0,8556,14438,4408,16457,9181,4430,3418,60888,264.86,376,275,99586,38698,63.56
2019,Bhopal,Sugarcane,Annual,Deep Black,Tubewell,4.7,1141.0,7916,12168,4269,18296,7531,3810,2853,56843,275.04,340,275,93410,36568,64.33
2020,Bhopal,Sugarcane,Annual,Medium Black,Rainfed,10.4,1124.0,7906,17413,2845,18130,7843,0,2537,56673,174.58,369,283,64459,7786,13.74
2020,Bhopal,Sugarcane,Annual,Medium Black,Tubewell,5.0,1108.0,8887,16677,4285,16921,7114,3648,2668,60201,255.66,376,283,96046,35845,59.54
2020,Bhopal,Sugarcane,Annual,Medium Black,Canal,3.3,1182.0,5941,17290,5236,15520,10024,3507,2011,59528,321.69,352,283,113236,53708,90.22
2020,Bhopal,Sugarcane,Annual,Medium Black,Rainfed,1.8,1122.0,7605,14423,2642,19843,9117,0,3048,56678,175.33,402,283,70524,13846,24.43
2020,Bhopal,Sugarcane,Annual,Deep Black,Tubewell,4.4,1186.0,8345,12459,4228,16193,9127,4117,2228,56696,250.8,357,283,89587,32891,58.01
2020,Bhopal,Sugarcane,Annual,Deep Black,Canal,1.5,1131.0,5245,14568,3362,14343,8380,5008,1921,52827,242.74,375,283,91134,38307,72.51
2020,Bhopal,Sugarcane,Annual,Medium Black,Tubewell,8.0,1064.0,6302,17047,5800,19809,7344,5899,3658,65858,275.5,363,283,99971,34113,51.8
2020,Bhopal,Sugarcane,Annual,Medium Black,Tubewell,4.4,1228.0,8517,16925,4530,14710,7702,3696,3111,59191,292.81,350,283,102392,43201,72.99
2020,Bhopal,Sugarcane,Annual,Deep Black,Tubewell,4.4,1219.0,6841,11757,3799,18070,9141,5285,2216,57109,280.08,323,283,90462,33353,58.4
2020,Bhopal,Sugarcane,Annual,Medium Black,Canal,8.0,1168.0,7669,12981,2870,19690,9019,4942,2823,59993,279.76,375,283,104900,44907,74.85
2020,Bhopal,Sugarcane,Annual,Red-Yellow,Canal,1.1,1137.0,7566,16618,2892,14259,7054,4954,2502,55846,229.16,411,283,94095,38250,68.49
2020,Bhopal,Sugarcane,Annual,Medium Black,Tubewell,7.7,1217.0,7091,13346,3098,15822,8861,5154,2241,55614,274.38,335,283,91970,36356,65.37
2020,Bhopal,Sugarcane,Annual,Deep Black,Rainfed,9.3,1166.0,8315,15702,6137,15027,7326,0,2169,54677,249.8,420,283,104807,50130,91.69
2020,Bhopal,Sugarcane,Annual,Alluvial,Canal,9.4,1101.0,6491,12336,2924,14175,6608,4250,2226,49010,302.48,367,283,110878,61867,126.23
2020,Bhopal,Sugarcane,Annual,Red-Yellow,Rainfed,11.4,1249.0,7140,15664,4142,16179,6448,0,3276,52850,216.6,385,283,83376,30527,57.76
2020,Bhopal,Sugarcane,Annual,Medium Black,Tubewell,11.6,1159.0,6027,17156,4808,17859,8698,3666,2792,61005,286.75,374,283,107121,46116,75.59
2020,Bhopal,Sugarcane,Annual,Deep Black,Rainfed,5.7,1143.0,7184,15614,5637,16652,7906,0,2970,55963,175.8,372,283,65475,9512,17.0
2020,Bhopal,Sugarcane,Annual,Medium Black,Drip,5.3,1068.0,7445,15324,5964,16272,8746,4581,2660,60991,253.49,363,283,91905,30914,50.69
2020,Bhopal,Sugarcane,Annual,Medium Black,Tubewell,1.2,1098.0,6423,13123,5126,18027,10140,3079,3461,59378,233.22,329,283,76640,17262,29.07
2020,Bhopal,Sugarcane,Annual,Medium Black,Canal,4.0,1046.0,7596,15622,2920,18014,8024,5882,3020,61078,273.64,342,283,93616,32537,53.27
2020,Bhopal,Sugarcane,Annual,Red-Yellow,Rainfed,4.5,1197.0,5156,11759,3624,20252,6638,0,1956,49386,194.62,363,283,70643,21257,43.04
2020,Bhopal,Sugarcane,Annual,Red-Yellow,Tubewell,5.9,1042.0,7903,14153,3165,15748,7668,2598,3233,54469,276.51,395,283,109345,54875,100.74
2020,Bhopal,Sugarcane,Annual,Medium Black,Canal,4.0,1253.0,5750,14729,3237,17485,6733,3180,3746,54858,350.64,404,283,141738,86880,158.37
2020,Bhopal,Sugarcane,Annual,Alluvial,Tubewell,8.7,1033.0,8925,12168,2898,20338,8453,4424,2161,59368,258.87,338,283,87434,28066,47.27
2020,Bhopal,Sugarcane,Annual,Medium Black,Tubewell,7.7,1037.0,6963,17657,4128,18898,8844,4620,2185,63295,299.37,349,283,104425,41129,64.98
2021,Bhopal,Sugarcane,Annual,Medium Black,Tubewell,4.7,1110.0,8026,18388,5189,18575,7785,6295,3148,67407,322.69,354,294,114252,46845,69.5
2021,Bhopal,Sugarcane,Annual,Medium Black,Rainfed,1.8,1123.0,8784,17894,6579,15863,8904,0,2801,60825,225.88,379,294,85595,24770,40.72
2021,Bhopal,Sugarcane,Annual,Medium Black,Canal,8.1,967.0,7219,13746,3891,15592,9826,2913,2476,55662,264.12,394,294,104090,48428,87.0
2021,Bhopal,Sugarcane,Annual,Medium Black,Drip,6.3,1035.0,6968,17424,5961,14802,7737,8585,2136,63613,240.05,390,294,93598,29985,47.14
2021,Bhopal,Sugarcane,Annual,Deep Black,Tubewell,11.2,1160.0,5865,15040,5682,16007,8762,5776,2897,60029,251.69,404,294,101670,41640,69.37
2021,Bhopal,Sugarcane,Annual,Medium Black,Drip,5.6,1051.0,6634,13292,5823,20802,7700,7707,3503,65462,324.9,370,294,120351,54889,83.85
2021,Bhopal,Sugarcane,Annual,Deep Black,Tubewell,10.4,1006.0,9107,15515,3448,18257,8676,3328,3203,61534,214.17,396,294,84839,23305,37.87
2021,Bhopal,Sugarcane,Annual,Medium Black,Canal,9.7,982.0,7404,13462,4983,15499,9613,4590,3930,59482,243.55,416,294,101251,41770,70.22
2021,Bhopal,Sugarcane,Annual,Deep Black,Rainfed,1.7,1066.0,8907,12721,6233,15434,7949,0,3119,54363,188.69,379,294,71446,17083,31.42
2021,Bhopal,Sugarcane,Annual,Medium Black,Tubewell,1.1,1148.0,6381,17278,5364,20946,7145,4771,2278,64163,283.37,360,294,101992,37829,58.96
2021,Bhopal,Sugarcane,Annual,Deep Black,Canal,4.2,965.0,6105,15467,3452,20839,8371,4830,2194,61259,247.97,387,294,95874,34615,56.51
2021,Bhopal,Sugarcane,Annual,Medium Black,Tubewell,10.0,1055.0,5683,14770,5679,14852,6889,5141,3729,56742,256.71,368,294,94516,37774,66.57
2021,Bhopal,Sugarcane,Annual,Medium Black,Canal,6.3,1050.0,7421,15755,6295,17896,8075,4496,2358,62295,281.73,366,294,103236,40941,65.72
2021,Bhopal,Sugarcane,Annual,Medium Black,Rainfed,11.8,1029.0,5974,17152,4596,20390,9538,0,2402,60053,183.36,417,294,76511,16458,27.41
2021,Bhopal,Sugarcane,Annual,Alluvial,Rainfed,3.8,1096.0,6927,18427,3011,15250,10255,0,2418,56288,194.4,413,294,80311,24023,42.68
2021,Bhopal,Sugarcane,Annual,Medium Black,Tubewell,4.8,1162.0,7950,17105,4537,14603,9906,4075,2104,60280,252.99,376,294,95055,34775,57.69
2021,Bhopal,Sugarcane,Annual,Alluvial,Tubewell,11.4,1096.0,6416,16732,4209,16725,7661,5266,3585,60595,248.45,407,294,101208,40613,67.02
2021,Bhopal,Sugarcane,Annual,Medium Black,Rainfed,5.9,1030.0,9158,16890,3748,16928,6728,0,3795,57247,173.45,423,294,73284,16036,28.01
2021,Bhopal,Sugarcane,Annual,Red-Yellow,Tubewell,6.0,1045.0,6550,18191,4949,19535,9451,2802,2680,64158,233.51,372,294,86948,22791,35.52
2021,Bhopal,Sugarcane,Annual,Medium Black,Canal,8.8,1055.0,5693,18255,3792,14766,6865,5856,3046,58273,237.52,386,294,91675,33402,57.32
2021,Bhopal,Sugarcane,Annual,Medium Black,Canal,9.0,965.0,6616,18218,3807,17396,7560,6279,2549,62425,254.8,413,294,105311,42887,68.7
2021,Bhopal,Sugarcane,Annual,Deep Black,Tubewell,7.3,986.0,8941,17910,2867,16038,8270,5120,3642,62789,258.57,380,294,98250,35461,56.48
2021,Bhopal,Sugarcane,Annual,Medium Black,Rainfed,9.6,1109.0,8602,15020,5154,16495,6752,0,3510,55533,192.46,403,294,77617,22085,39.77
2021,Bhopal,Sugarcane,Annual,Medium Black,Rainfed,4.8,1070.0,9022,18262,2747,16156,9876,0,3040,59101,205.47,387,294,79605,20503,34.69
2021,Bhopal,Sugarcane,Annual,Medium Black,Canal,2.7,1080.0,6843,17439,3912,20595,9146,6537,3668,68139,300.46,371,294,111386,43247,63.47
2022,Bhopal,Sugarcane,Annual,Medium Black,Canal,4.8,911.0,6845,19401,5819,20375,9279,6335,2528,70582,252.56,409,311,103233,32651,46.26
2022,Bhopal,Sugarcane,Annual,Deep Black,Tubewell,3.7,999.0,9005,16291,4263,21027,10868,5253,3518,70225,242.07,408,311,98643,28419,40.47
2022,Bhopal,Sugarcane,Annual,Alluvial,Canal,4.3,945.0,9350,15221,5057,17279,8844,3056,2687,61494,281.38,372,311,104539,43045,70.0
2022,Bhopal,Sugarcane,Annual,Red-Yellow,Canal,2.4,977.0,5980,19557,4522,21025,10228,5414,3596,70323,259.22,378,311,97862,27539,39.16
2022,Bhopal,Sugarcane,Annual,Deep Black,Canal,1.5,1000.0,9340,13156,6040,21327,11117,5531,3960,70472,193.17,379,311,73282,2810,3.99
2022,Bhopal,Sugarcane,Annual,Red-Yellow,Tubewell,5.1,914.0,8376,17353,4238,15773,11151,5082,2305,64277,246.11,399,311,98080,33803,52.59
2022,Bhopal,Sugarcane,Annual,Medium Black,Canal,8.7,1002.0,8752,19447,3932,18178,9825,4639,4191,68964,252.15,413,311,104163,35199,51.04
2022,Bhopal,Sugarcane,Annual,Alluvial,Tubewell,5.4,874.0,6348,14999,4846,17726,7255,3473,2964,57612,213.82,394,311,84285,26673,46.3
2022,Bhopal,Sugarcane,Annual,Red-Yellow,Tubewell,8.4,959.0,9496,16094,3505,18685,10412,5034,2804,66030,252.22,378,311,95414,29384,44.5
2022,Bhopal,Sugarcane,Annual,Deep Black,Rainfed,7.0,876.0,8746,18114,4393,17405,11046,0,2394,62099,168.08,394,311,66206,4108,6.61
2022,Bhopal,Sugarcane,Annual,Medium Black,Drip,11.9,1015.0,9247,13174,6889,15671,8251,8468,3219,64919,254.76,403,311,102574,37655,58.0
2022,Bhopal,Sugarcane,Annual,Red-Yellow,Rainfed,6.7,986.0,5801,16884,6891,22406,7550,0,3820,63352,203.31,390,311,79222,15870,25.05
2022,Bhopal,Sugarcane,Annual,Medium Black,Tubewell,10.3,877.0,7411,18660,5154,18263,11065,5074,3820,69447,309.14,416,311,128504,59057,85.04
2022,Bhopal,Sugarcane,Annual,Medium Black,Canal,9.0,1009.0,9615,17352,4311,16677,8764,6549,3252,66520,296.96,399,311,118472,51952,78.1
2022,Bhopal,Sugarcane,Annual,Medium Black,Rainfed,6.4,951.0,8985,18756,6030,15749,9255,0,2216,60991,169.49,381,311,64521,3530,5.79
2022,Bhopal,Sugarcane,Annual,Red-Yellow,Tubewell,6.1,1011.0,8777,18035,5878,17902,7169,3059,3320,64140,301.62,397,311,119895,55754,86.93
2022,Bhopal,Sugarcane,Annual,Medium Black,Tubewell,11.2,910.0,5613,19272,5043,16648,8049,6754,3516,64896,241.77,353,311,85380,20484,31.56
2022,Bhopal,Sugarcane,Annual,Red-Yellow,Canal,7.0,972.0,9187,13200,4510,17452,8068,3677,2508,58602,198.21,402,311,79752,21150,36.09
2022,Bhopal,Sugarcane,Annual,Medium Black,Rainfed,5.9,971.0,7059,15620,3862,18343,11157,0,3258,59299,180.12,407,311,73308,14009,23.62
2022,Bhopal,Sugarcane,Annual,Medium Black,Tubewell,11.5,972.0,8551,17803,5857,19081,10499,3151,3320,68262,240.4,370,311,88978,20716,30.35
2022,Bhopal,Sugarcane,Annual,Medium Black,Rainfed,2.5,1018.0,6660,15424,4667,21187,7950,0,3753,59641,178.35,392,311,69967,10326,17.31
2022,Bhopal,Sugarcane,Annual,Deep Black,Tubewell,10.2,883.0,6161,14405,6780,18961,8094,4172,2490,61064,287.98,387,311,111564,50500,82.7
2022,Bhopal,Sugarcane,Annual,Deep Black,Canal,10.9,1030.0,5744,15772,5988,20047,9116,4547,3635,64849,307.21,399,311,122548,57699,88.97
2022,Bhopal,Sugarcane,Annual,Alluvial,Canal,2.9,1004.0,6134,18121,3706,16228,7163,4219,3136,58706,262.27,416,311,109078,50372,85.8
2022,Bhopal,Sugarcane,Annual,Medium Black,Rainfed,9.1,876.0,6063,13012,5384,19367,8081,0,3520,55427,175.31,394,311,69128,13701,24.72
2023,Bhopal,Sugarcane,Annual,Medium Black,Tubewell,6.7,944.0,8862,17476,3613,21909,9155,5739,3359,70112,275.2,436,327,120012,49900,71.17
2023,Bhopal,Sugarcane,Annual,Medium Black,Canal,8.4,1057.0,7751,13457,6395,22548,11115,6234,4358,71859,186.2,399,327,74287,2428,3.38
2023,Bhopal,Sugarcane,Annual,Medium Black,Tubewell,5.8,995.0,6499,19731,3669,20991,9854,5702,3528,69974,252.15,380,327,95799,25825,36.91
2023,Bhopal,Sugarcane,Annual,Deep Black,Rainfed,5.6,1078.0,7735,18110,3655,16233,11231,0,3253,60218,222.39,425,327,94560,34342,57.03
2023,Bhopal,Sugarcane,Annual,Deep Black,Tubewell,11.3,1096.0,6446,14699,6727,17690,8742,6221,2277,62802,265.62,433,327,115127,52325,83.32
2023,Bhopal,Sugarcane,Annual,Medium Black,Tubewell,11.4,1060.0,7195,19186,3060,20579,9357,3888,3805,67070,307.63,390,327,119983,52913,78.89
2023,Bhopal,Sugarcane,Annual,Alluvial,Tubewell,2.6,1081.0,9545,13416,5854,18503,11267,5015,2739,66339,272.46,399,327,108633,42294,63.75
2023,Bhopal,Sugarcane,Annual,Medium Black,Canal,1.5,1068.0,9759,16907,7339,16980,9393,6780,3110,70268,242.83,373,327,90636,20368,28.99
2023,Bhopal,Sugarcane,Annual,Deep Black,Rainfed,8.6,1099.0,6167,19225,5839,19578,10331,0,2967,64107,204.26,394,327,80441,16334,25.48
2023,Bhopal,Sugarcane,Annual,Red-Yellow,Tubewell,7.2,988.0,9846,16526,6714,16967,10860,5916,3661,70491,234.95,411,327,96655,26164,37.12
2023,Bhopal,Sugarcane,Annual,Medium Black,Canal,4.8,1031.0,7724,15054,4419,20344,7965,4927,2928,63362,268.4,435,327,116623,53261,84.06
2023,Bhopal,Sugarcane,Annual,Deep Black,Drip,5.0,947.0,9781,14666,4609,21765,7729,4650,3548,66749,259.71,363,327,94270,27522,41.23
2023,Bhopal,Sugarcane,Annual,Deep Black,Canal,8.3,940.0,8888,16166,6526,20416,8806,7049,2906,70756,241.8,410,327,99215,28458,40.22
2023,Bhopal,Sugarcane,Annual,Medium Black,Canal,2.9,1044.0,10109,13348,5275,19764,11581,6737,2867,69681,237.26,391,327,92696,23016,33.03
2023,Bhopal,Sugarcane,Annual,Medium Black,Tubewell,5.0,1042.0,7694,18092,5888,20820,9592,3072,2796,67955,265.92,424,327,112689,44734,65.83
2023,Bhopal,Sugarcane,Annual,Medium Black,Canal,5.6,1073.0,8228,16008,6840,21084,8463,4188,3592,68404,224.9,389,327,87527,19123,27.96
2023,Bhopal,Sugarcane,Annual,Medium Black,Canal,8.5,1070.0,7723,16257,6682,16335,8390,3190,2257,60835,277.0,414,327,114662,53828,88.48
2023,Bhopal,Sugarcane,Annual,Medium Black,Canal,10.3,1078.0,8342,13657,3183,23123,11326,3200,4300,67131,243.14,440,327,106928,39797,59.28
2023,Bhopal,Sugarcane,Annual,Medium Black,Tubewell,8.1,996.0,6041,17809,5979,21636,10439,5694,2926,70523,228.93,404,327,92399,21876,31.02
2023,Bhopal,Sugarcane,Annual,Medium Black,Canal,2.3,1061.0,9595,14549,6582,20306,8527,4472,2542,66573,270.04,433,327,116851,50277,75.52
2023,Bhopal,Sugarcane,Annual,Medium Black,Tubewell,11.4,1127.0,6809,14810,4725,18704,8555,5496,2453,61552,285.57,434,327,124074,62522,101.58
2023,Bhopal,Sugarcane,Annual,Red-Yellow,Canal,2.4,974.0,6335,13903,4362,18340,9979,3675,4227,60823,256.63,391,327,100349,39527,64.99
2023,Bhopal,Sugarcane,Annual,Red-Yellow,Tubewell,1.3,995.0,7851,19765,4250,19186,9992,4024,3326,68393,220.04,407,327,89607,21214,31.02
2023,Bhopal,Sugarcane,Annual,Medium Black,Rainfed,5.7,986.0,7706,18915,4503,18347,8838,0,2998,61309,204.82,382,327,78276,16968,27.68
2023,Bhopal,Sugarcane,Annual,Medium Black,Tubewell,8.3,1025.0,6620,18812,5163,21873,10982,3620,3021,70091,292.93,384,327,112357,42266,60.3
2024,Bhopal,Sugarcane,Annual,Medium Black,Canal,11.0,974.0,6603,16225,4320,18445,9489,7538,4461,67082,296.78,389,344,115528,48446,72.22
2024,Bhopal,Sugarcane,Annual,Red-Yellow,Tubewell,11.2,1001.0,9040,21234,3728,19744,8625,6662,4195,73229,266.26,398,344,106001,32772,44.75
2024,Bhopal,Sugarcane,Annual,Red-Yellow,Drip,11.7,994.0,7469,21618,3687,23507,11536,5640,3720,77178,260.63,402,344,104691,27513,35.65
2024,Bhopal,Sugarcane,Annual,Deep Black,Canal,4.0,976.0,8665,19461,5431,22326,7874,7584,3742,75084,227.95,404,344,92107,17023,22.67
2024,Bhopal,Sugarcane,Annual,Red-Yellow,Canal,2.2,985.0,7996,14614,4415,17066,10987,7232,3227,65537,204.49,388,344,79267,13731,20.95
2024,Bhopal,Sugarcane,Annual,Alluvial,Tubewell,5.1,982.0,8650,16324,5733,21864,11428,5105,3328,72431,237.48,403,344,95802,23371,32.27
2024,Bhopal,Sugarcane,Annual,Red-Yellow,Rainfed,6.0,923.0,7474,20300,5035,19295,9646,0,2649,64400,209.6,395,344,82718,18318,28.44
2024,Bhopal,Sugarcane,Annual,Deep Black,Rainfed,9.3,978.0,7145,16906,4402,19155,10842,0,4110,62560,174.16,380,344,66213,3653,5.84
2024,Bhopal,Sugarcane,Annual,Red-Yellow,Canal,8.2,961.0,10187,21194,4202,23566,12326,7444,4344,83264,285.2,409,344,116732,33468,40.2
2024,Bhopal,Sugarcane,Annual,Medium Black,Rainfed,2.0,931.0,9455,16707,4384,20309,11716,0,2977,65547,203.11,408,344,82878,17331,26.44
2024,Bhopal,Sugarcane,Annual,Medium Black,Rainfed,1.3,895.0,8981,21401,3466,18871,11747,0,2586,67052,182.21,341,344,62099,-4954,-7.39
2024,Bhopal,Sugarcane,Annual,Deep Black,Tubewell,3.3,1010.0,8782,17496,3634,19726,10775,5340,4509,70263,247.37,423,344,104624,34361,48.9
2024,Bhopal,Sugarcane,Annual,Red-Yellow,Rainfed,4.6,1036.0,9077,15281,7425,20915,12322,0,4431,69450,188.74,385,344,72597,3147,4.53
2024,Bhopal,Sugarcane,Annual,Deep Black,Canal,7.8,983.0,6460,13984,6719,18701,10402,7343,2737,66346,242.95,402,344,97597,31251,47.1
2024,Bhopal,Sugarcane,Annual,Medium Black,Canal,10.8,952.0,8646,20456,6075,22463,9451,5500,3154,75745,264.32,370,344,97795,22051,29.11
2024,Bhopal,Sugarcane,Annual,Medium Black,Rainfed,6.5,892.0,9651,18570,6343,20738,12342,0,2679,70324,188.71,356,344,67162,-3162,-4.5
2024,Bhopal,Sugarcane,Annual,Deep Black,Canal,2.4,1023.0,6377,19697,3490,17873,11667,5324,4264,68692,296.8,395,344,117385,48693,70.89
2024,Bhopal,Sugarcane,Annual,Deep Black,Canal,8.0,973.0,7729,15128,6825,17634,8468,4429,2814,63027,255.08,380,344,97007,33980,53.91
2024,Bhopal,Sugarcane,Annual,Deep Black,Tubewell,3.5,969.0,9222,21102,3248,22871,10339,6757,3108,76647,283.14,400,344,113384,36737,47.93
2024,Bhopal,Sugarcane,Annual,Red-Yellow,Tubewell,6.5,983.0,9862,14143,3663,20732,9693,7659,4178,69929,256.38,404,344,103651,33722,48.22
2024,Bhopal,Sugarcane,Annual,Medium Black,Rainfed,3.1,965.0,7373,17847,5560,23757,11095,0,4234,69866,206.63,410,344,84785,14919,21.35
2024,Bhopal,Sugarcane,Annual,Medium Black,Rainfed,10.0,943.0,8421,21217,6506,22417,7806,0,3333,69699,201.32,428,344,86255,16556,23.75
2024,Bhopal,Sugarcane,Annual,Red-Yellow,Canal,8.2,945.0,7899,16742,5735,17417,9743,3436,2362,63335,224.96,387,344,87079,23744,37.49
2024,Bhopal,Sugarcane,Annual,Medium Black,Canal,9.3,867.0,10270,14178,5321,18207,12301,5958,4380,70616,251.07,405,344,101679,31063,43.99
2024,Bhopal,Sugarcane,Annual,Red-Yellow,Tubewell,6.5,862.0,7393,15607,5156,17168,8156,5840,4616,63935,231.86,390,344,90439,26504,41.45
2019,Bhopal,Tobacco,Rabi,Medium Black,Tubewell,8.7,78.0,7251,12342,3223,17134,7409,5955,2637,55950,7.42,13516,9000,100289,44338,79.25
2019,Bhopal,Tobacco,Rabi,Alluvial,Canal,5.4,35.0,8363,15593,4531,15140,7301,3321,2105,56353,8.52,13143,9000,111954,55601,98.67
2019,Bhopal,Tobacco,Rabi,Red-Yellow,Canal,6.7,20.0,8074,16330,2837,21044,10859,3924,2643,65711,7.99,12869,9000,102877,37166,56.56
2019,Bhopal,Tobacco,Rabi,Deep Black,Tubewell,1.9,111.0,8968,14484,6527,17051,7116,5911,2484,62541,8.92,12762,9000,113825,51284,82.0
2019,Bhopal,Tobacco,Rabi,Deep Black,Rainfed,8.1,96.0,5982,16816,4185,16016,7226,0,2601,52827,7.38,12617,9000,93076,40249,76.19
2019,Bhopal,Tobacco,Rabi,Deep Black,Canal,10.5,35.0,5854,14091,6610,21297,8677,6065,3075,65668,6.88,11683,9000,80400,14731,22.43
2019,Bhopal,Tobacco,Rabi,Red-Yellow,Tubewell,1.1,60.0,5943,17951,5638,19819,10875,4158,3444,67828,7.12,11778,9000,83905,16077,23.7
2019,Bhopal,Tobacco,Rabi,Medium Black,Canal,9.2,84.0,9294,13345,5675,20820,9892,6383,3376,68785,6.41,12267,9000,78628,9842,14.31
2019,Bhopal,Tobacco,Rabi,Medium Black,Rainfed,11.3,86.0,6823,18040,3092,20655,8029,0,2849,59488,6.32,12394,9000,78299,18811,31.62
2019,Bhopal,Tobacco,Rabi,Alluvial,Rainfed,11.4,20.0,6234,16475,3148,20203,9779,0,3632,59471,5.62,12626,9000,70993,11521,19.37
2019,Bhopal,Tobacco,Rabi,Medium Black,Tubewell,5.4,54.0,9515,13355,4745,18371,9597,6212,2605,64400,7.66,12098,9000,92689,28289,43.93
2019,Bhopal,Tobacco,Rabi,Deep Black,Rainfed,4.0,95.0,9072,17720,4205,17108,7564,0,2451,58121,5.7,12168,9000,69296,11175,19.23
2019,Bhopal,Tobacco,Rabi,Deep Black,Canal,4.6,57.0,9478,18572,5834,20297,8324,4146,3710,70362,8.74,11428,9000,99828,29466,41.88
2019,Bhopal,Tobacco,Rabi,Deep Black,Tubewell,9.9,41.0,5448,13756,3304,15688,7569,6709,3371,55844,8.11,12266,9000,99428,43584,78.05
2019,Bhopal,Tobacco,Rabi,Deep Black,Canal,5.0,40.0,9362,18004,6600,18941,8962,4431,2056,68357,8.9,12769,9000,113673,45315,66.29
2019,Bhopal,Tobacco,Rabi,Medium Black,Drip,9.5,39.0,6407,14396,6496,16397,9713,6921,3189,63519,9.04,11799,9000,106659,43140,67.92
2019,Bhopal,Tobacco,Rabi,Alluvial,Canal,1.9,75.0,6198,12545,3690,16023,8988,3312,2224,52979,6.51,12317,9000,80129,27150,51.25
2019,Bhopal,Tobacco,Rabi,Alluvial,Drip,3.0,54.0,5533,18263,5796,18568,9296,8839,2367,68663,9.61,12088,9000,116119,47456,69.11
2019,Bhopal,Tobacco,Rabi,Medium Black,Canal,7.1,57.0,8980,17330,5936,20528,8462,4255,3154,68645,7.74,12554,9000,97191,28546,41.59
2019,Bhopal,Tobacco,Rabi,Medium Black,Canal,11.1,84.0,7645,14675,6736,16295,6882,3943,2997,59173,8.45,10696,9000,90366,31192,52.71
2019,Bhopal,Tobacco,Rabi,Medium Black,Canal,1.4,58.0,7391,18819,4156,15304,8374,6001,3751,63797,9.31,12909,9000,120140,56343,88.32
2019,Bhopal,Tobacco,Rabi,Alluvial,Canal,6.6,90.0,8851,14193,3900,15665,7908,5218,4024,59759,7.71,12028,9000,92722,32963,55.16
2019,Bhopal,Tobacco,Rabi,Medium Black,Rainfed,8.6,106.0,8288,17980,6114,21038,9565,0,2201,65185,5.86,13142,9000,77058,11873,18.21
2019,Bhopal,Tobacco,Rabi,Medium Black,Rainfed,7.1,20.0,7630,14908,5481,18841,8160,0,3188,58208,4.72,12135,9000,57309,-900,-1.55
2019,Bhopal,Tobacco,Rabi,Medium Black,Tubewell,4.3,81.0,5740,16475,4974,16070,8504,3393,3912,59069,7.7,12098,9000,93167,34098,57.73
2020,Bhopal,Tobacco,Rabi,Medium Black,Canal,3.9,53.0,6285,18755,6991,22194,7336,4948,2713,69223,8.27,12822,9270,106064,36841,53.22
2020,Bhopal,Tobacco,Rabi,Deep Black,Tubewell,1.6,80.0,6843,17576,5317,16182,8137,6028,3848,63932,7.4,12983,9270,96129,32197,50.36
2020,Bhopal,Tobacco,Rabi,Medium Black,Tubewell,6.5,20.0,6132,17682,5039,16057,10560,4493,4125,64088,7.39,14048,9270,103754,39666,61.89
2020,Bhopal,Tobacco,Rabi,Red-Yellow,Tubewell,11.0,43.0,5872,18162,4940,20830,7917,4254,2705,64679,6.93,13410,9270,92958,28279,43.72
2020,Bhopal,Tobacco,Rabi,Deep Black,Tubewell,3.5,81.0,5656,14840,5662,21104,10960,3512,2174,63908,9.44,13450,9270,127007,63099,98.73
2020,Bhopal,Tobacco,Rabi,Deep Black,Tubewell,9.1,38.0,9216,19068,3545,15857,9721,2844,2541,62793,8.98,13821,9270,124062,61269,97.57
2020,Bhopal,Tobacco,Rabi,Red-Yellow,Canal,9.9,24.0,5664,17878,6824,16131,9000,4825,3090,63411,6.96,13873,9270,96563,33152,52.28
2020,Bhopal,Tobacco,Rabi,Red-Yellow,Canal,11.0,61.0,5789,14418,3086,21210,7113,3917,2263,57796,7.99,13366,9270,106800,49004,84.79
2020,Bhopal,Tobacco,Rabi,Medium Black,Canal,5.9,30.0,6649,18689,3674,17967,10278,6968,3235,67461,8.76,14159,9270,124046,56585,83.88
2020,Bhopal,Tobacco,Rabi,Red-Yellow,Rainfed,2.2,98.0,8566,15047,6083,16716,8642,0,3412,58467,6.73,12567,9270,84537,26071,44.59
2020,Bhopal,Tobacco,Rabi,Deep Black,Rainfed,4.6,75.0,8468,15332,4939,20881,7871,0,2985,60476,6.92,14332,9270,99155,38679,63.96
2020,Bhopal,Tobacco,Rabi,Medium Black,Tubewell,7.4,92.0,6274,17003,3297,21424,10771,4264,2868,65901,9.03,14836,9270,133949,68048,103.26
2020,Bhopal,Tobacco,Rabi,Medium Black,Rainfed,6.6,37.0,9567,18714,3944,19647,9967,0,2581,64420,7.93,13226,9270,104841,40421,62.75
2020,Bhopal,Tobacco,Rabi,Deep Black,Tubewell,6.8,98.0,9291,19176,6034,22401,10650,5392,2152,75096,7.71,13345,9270,102931,27834,37.06
2020,Bhopal,Tobacco,Rabi,Medium Black,Tubewell,8.6,38.0,7088,16450,3130,18197,7402,4402,3937,60606,7.64,13536,9270,103463,42857,70.71
2020,Bhopal,Tobacco,Rabi,Medium Black,Tubewell,7.3,54.0,6779,19303,6026,18081,8906,4486,2442,66025,7.3,13642,9270,99574,33549,50.81
2020,Bhopal,Tobacco,Rabi,Medium Black,Drip,3.5,55.0,7885,17954,5324,16426,7763,7272,3505,66129,8.9,13190,9270,117337,51208,77.44
2020,Bhopal,Tobacco,Rabi,Medium Black,Canal,6.6,35.0,8028,16312,5547,16244,10703,6908,2602,66344,6.57,14792,9270,97161,30818,46.45
2020,Bhopal,Tobacco,Rabi,Deep Black,Drip,1.6,110.0,8248,15216,5863,17916,9465,5711,3875,66294,7.5,13021,9270,97710,31417,47.39
2020,Bhopal,Tobacco,Rabi,Deep Black,Canal,9.1,27.0,7889,17927,4244,18831,7495,3863,4032,64279,8.16,13239,9270,107971,43692,67.97
2020,Bhopal,Tobacco,Rabi,Deep Black,Rainfed,9.2,63.0,7045,15123,3738,17050,8288,0,4125,55369,6.18,14375,9270,88815,33446,60.41
2020,Bhopal,Tobacco,Rabi,Deep Black,Tubewell,4.2,56.0,9320,13879,4377,20402,10657,5203,2866,66704,5.72,13654,9270,78118,11413,17.11
2020,Bhopal,Tobacco,Rabi,Alluvial,Canal,5.5,63.0,6085,15924,6178,17823,7409,6348,2279,62045,8.99,13443,9270,120914,58870,94.88
2020,Bhopal,Tobacco,Rabi,Deep Black,Canal,5.5,92.0,7360,14544,6122,21381,7549,5706,3050,65711,8.71,14337,9270,124935,59224,90.13
2020,Bhopal,Tobacco,Rabi,Medium Black,Rainfed,5.3,23.0,7248,14598,6514,21271,9752,0,2827,62211,5.76,12775,9270,73622,11411,18.34
2021,Bhopal,Tobacco,Rabi,Medium Black,Tubewell,8.4,59.0,9638,19488,3580,20229,8034,6745,3295,71011,8.37,12695,9630,106203,35192,49.56
2021,Bhopal,Tobacco,Rabi,Red-Yellow,Rainfed,5.5,88.0,10180,19608,4847,20373,8984,0,3229,67221,6.35,12542,9630,79615,12394,18.44
2021,Bhopal,Tobacco,Rabi,Red-Yellow,Tubewell,5.2,71.0,9457,15391,4068,19758,8066,3215,3083,63038,6.64,12575,9630,83503,20466,32.47
2021,Bhopal,Tobacco,Rabi,Medium Black,Tubewell,8.5,49.0,7665,16190,3998,18467,9352,5159,3509,64340,9.0,13376,9630,120433,56093,87.18
2021,Bhopal,Tobacco,Rabi,Medium Black,Canal,2.7,38.0,8530,15101,3833,20402,8427,3644,2304,62240,8.12,12204,9630,99055,36816,59.15
2021,Bhopal,Tobacco,Rabi,Red-Yellow,Canal,5.9,85.0,8763,16162,5941,20402,9757,6609,2358,69991,8.87,12493,9630,110750,40759,58.24
2021,Bhopal,Tobacco,Rabi,Red-Yellow,Tubewell,4.3,20.0,6020,17558,3288,20879,11444,3598,4204,66990,7.65,12602,9630,96409,29419,43.92
2021,Bhopal,Tobacco,Rabi,Alluvial,Rainfed,2.6,78.0,9234,20009,6966,18846,9196,0,2891,67142,7.39,13072,9630,96605,29463,43.88
2021,Bhopal,Tobacco,Rabi,Medium Black,Tubewell,4.2,66.0,8556,14108,4861,22640,7356,5554,3327,66403,6.87,12799,9630,87903,21500,32.38
2021,Bhopal,Tobacco,Rabi,Deep Black,Canal,9.1,41.0,9797,14516,3516,22393,11478,5026,4056,70782,7.83,12587,9630,98496,27714,39.15
2021,Bhopal,Tobacco,Rabi,Medium Black,Rainfed,4.2,72.0,7662,20270,4688,21589,11614,0,2896,68720,5.71,12009,9630,68614,-106,-0.15
2021,Bhopal,Tobacco,Rabi,Medium Black,Tubewell,5.6,43.0,8530,13875,4626,16768,8621,4733,2502,59655,7.47,12899,9630,96400,36745,61.6
2021,Bhopal,Tobacco,Rabi,Medium Black,Drip,3.0,83.0,7244,13655,7094,19488,11090,4024,3905,66498,6.91,11680,9630,80745,14247,21.42
2021,Bhopal,Tobacco,Rabi,Medium Black,Drip,9.3,37.0,9755,16838,6500,20214,9310,3927,3656,70199,6.99,12688,9630,88700,18501,26.35
2021,Bhopal,Tobacco,Rabi,Deep Black,Canal,5.1,74.0,7000,13683,3807,20441,9299,5408,3203,62840,7.94,13209,9630,104849,42008,66.85
2021,Bhopal,Tobacco,Rabi,Deep Black,Tubewell,7.8,89.0,8876,13474,5099,23021,8776,5880,2275,67400,8.2,11716,9630,96065,28666,42.53
2021,Bhopal,Tobacco,Rabi,Red-Yellow,Rainfed,4.1,60.0,6339,16622,4011,21874,11451,0,2913,63210,6.48,12697,9630,82225,19015,30.08
2021,Bhopal,Tobacco,Rabi,Alluvial,Rainfed,1.6,103.0,5842,19422,6873,16758,7373,0,2435,58703,6.54,11989,9630,78397,19695,33.55
2021,Bhopal,Tobacco,Rabi,Alluvial,Tubewell,1.3,20.0,6942,18272,3795,21952,9787,3322,2771,66841,8.4,11919,9630,100167,33325,49.86
2021,Bhopal,Tobacco,Rabi,Medium Black,Rainfed,8.3,57.0,7493,15140,7210,16242,11622,0,3540,61247,5.91,12261,9630,72433,11185,18.26
2021,Bhopal,Tobacco,Rabi,Medium Black,Canal,8.2,43.0,9358,15453,4392,20973,7279,5269,3146,65871,7.72,11367,9630,87765,21894,33.24
2021,Bhopal,Tobacco,Rabi,Medium Black,Rainfed,8.9,75.0,8690,16866,4091,18004,9681,0,3146,60479,6.32,12439,9630,78596,18117,29.96
2021,Bhopal,Tobacco,Rabi,Medium Black,Drip,11.2,51.0,9594,16515,3362,16672,11540,4473,3162,65317,9.29,12276,9630,114065,48748,74.63
2021,Bhopal,Tobacco,Rabi,Red-Yellow,Rainfed,8.9,60.0,9903,16776,6313,20964,9356,0,3874,67188,6.01,12994,9630,78068,10880,16.19
2021,Bhopal,Tobacco,Rabi,Medium Black,Rainfed,8.7,93.0,6745,15942,4540,18967,10787,0,3815,60795,5.74,12634,9630,72526,11731,19.3
2022,Bhopal,Tobacco,Rabi,Red-Yellow,Canal,6.6,39.0,9720,15866,3924,19025,10057,4988,2786,66366,7.4,13014,10170,96327,29961,45.15
2022,Bhopal,Tobacco,Rabi,Deep Black,Rainfed,6.3,66.0,8163,17648,6839,22293,10590,0,4372,69904,5.64,12777,10170,72081,2177,3.11
2022,Bhopal,Tobacco,Rabi,Medium Black,Rainfed,7.1,41.0,6631,15184,4683,22233,9069,0,3978,61778,5.88,14260,10170,83821,22043,35.68
2022,Bhopal,Tobacco,Rabi,Deep Black,Rainfed,11.5,76.0,7148,15608,6973,23426,11663,0,3164,67982,6.11,14203,10170,86833,18851,27.73
2022,Bhopal,Tobacco,Rabi,Medium Black,Rainfed,4.9,46.0,6961,16984,3449,18589,9012,0,3459,58453,6.84,14544,10170,99496,41043,70.21
2022,Bhopal,Tobacco,Rabi,Medium Black,Tubewell,1.7,67.0,10364,20737,7182,21312,10074,4094,4023,77787,9.31,14143,10170,131720,53933,69.33
2022,Bhopal,Tobacco,Rabi,Medium Black,Rainfed,6.9,56.0,6679,19797,6194,23663,7826,0,4557,68715,5.98,14507,10170,86712,17997,26.19
2022,Bhopal,Tobacco,Rabi,Red-Yellow,Tubewell,5.7,68.0,6248,19656,7504,24361,11537,3659,3737,76703,9.02,13522,10170,121920,45217,58.95
2022,Bhopal,Tobacco,Rabi,Deep Black,Canal,8.4,60.0,9838,20313,7344,23567,8607,7339,2878,79887,9.02,14828,10170,133707,53820,67.37
2022,Bhopal,Tobacco,Rabi,Medium Black,Canal,4.2,33.0,9576,14974,3092,23781,11734,4280,3579,71016,8.26,13497,10170,111537,40521,57.06
2022,Bhopal,Tobacco,Rabi,Medium Black,Tubewell,2.2,39.0,9726,15846,4843,17986,8538,7083,3375,67397,6.83,15071,10170,102950,35554,52.75
2022,Bhopal,Tobacco,Rabi,Deep Black,Canal,3.9,59.0,8379,20985,6477,19402,8571,4674,2794,71283,8.33,13067,10170,108851,37568,52.7
2022,Bhopal,Tobacco,Rabi,Medium Black,Tubewell,10.9,86.0,10490,19682,6238,17395,9267,4903,4317,72293,7.33,13195,10170,96729,24436,33.8
2022,Bhopal,Tobacco,Rabi,Deep Black,Rainfed,1.6,70.0,8738,17142,5246,22151,11494,0,3556,68328,6.3,13946,10170,87877,19549,28.61
2022,Bhopal,Tobacco,Rabi,Medium Black,Tubewell,5.9,96.0,9117,16013,3961,21887,10458,6264,2380,70082,7.17,15145,10170,108563,38481,54.91
2022,Bhopal,Tobacco,Rabi,Deep Black,Rainfed,1.1,76.0,10028,17235,6205,24550,10717,0,4532,73267,7.7,13515,10170,104026,30759,41.98
2022,Bhopal,Tobacco,Rabi,Medium Black,Tubewell,10.5,38.0,9989,20625,5600,21761,10641,5131,3232,76979,7.27,13973,10170,101652,24674,32.05
2022,Bhopal,Tobacco,Rabi,Alluvial,Canal,1.2,55.0,9196,13946,4185,23501,10288,4132,3651,68898,9.38,14394,10170,134957,66059,95.88
2022,Bhopal,Tobacco,Rabi,Deep Black,Rainfed,5.1,35.0,8564,18457,5867,18782,11940,0,3933,67543,6.87,14544,10170,99895,32352,47.9
2022,Bhopal,Tobacco,Rabi,Deep Black,Tubewell,10.7,44.0,8890,16406,5048,22490,9358,5149,3664,71005,8.72,14154,10170,123432,52427,73.84
2022,Bhopal,Tobacco,Rabi,Red-Yellow,Tubewell,10.4,60.0,8047,18247,4806,22414,12178,5463,2734,73890,8.84,13216,10170,116780,42890,58.05
2022,Bhopal,Tobacco,Rabi,Medium Black,Tubewell,2.7,46.0,9407,17934,3356,19038,11629,3172,3889,68426,8.86,12176,10170,107880,39454,57.66
2022,Bhopal,Tobacco,Rabi,Deep Black,Tubewell,2.2,44.0,9183,18551,6218,23248,9159,3142,2718,72218,7.18,13623,10170,97840,25622,35.48
2022,Bhopal,Tobacco,Rabi,Deep Black,Tubewell,2.6,41.0,10192,20067,7232,17001,12064,4288,2520,73365,8.42,13710,10170,115382,42018,57.27
2022,Bhopal,Tobacco,Rabi,Medium Black,Rainfed,4.2,33.0,10612,20412,5537,18678,9060,0,2694,66994,5.99,13754,10170,82419,15426,23.03
2023,Bhopal,Tobacco,Rabi,Deep Black,Rainfed,1.7,81.0,7038,18084,4660,23340,12848,0,4263,70233,5.86,14974,10710,87731,17498,24.91
2023,Bhopal,Tobacco,Rabi,Medium Black,Tubewell,11.7,38.0,6909,16874,7038,20587,8433,4218,2548,66606,9.72,13967,10710,135709,69104,103.75
2023,Bhopal,Tobacco,Rabi,Medium Black,Rainfed,6.6,32.0,11166,20331,5487,19542,11295,0,3905,71725,6.98,14888,10710,103908,32182,44.87
2023,Bhopal,Tobacco,Rabi,Medium Black,Tubewell,8.7,71.0,8467,19909,5972,22874,12313,5423,4404,79362,8.34,15171,10710,126577,47215,59.49
2023,Bhopal,Tobacco,Rabi,Deep Black,Tubewell,9.8,20.0,9168,21923,3966,23727,9417,3572,3791,75564,8.56,14905,10710,127631,52067,68.9
2023,Bhopal,Tobacco,Rabi,Medium Black,Tubewell,9.2,87.0,10515,17309,3349,18427,12553,3287,3775,69215,7.78,14417,10710,112107,42892,61.97
2023,Bhopal,Tobacco,Rabi,Deep Black,Rainfed,7.0,100.0,7811,19689,6197,23975,12191,0,2615,72478,6.27,14965,10710,93835,21357,29.47
2023,Bhopal,Tobacco,Rabi,Medium Black,Rainfed,9.9,43.0,10716,21522,7162,19595,9970,0,4663,73627,7.15,13606,10710,97259,23631,32.1
2023,Bhopal,Tobacco,Rabi,Deep Black,Drip,7.1,49.0,7993,22237,7522,20281,8462,8969,4690,80154,9.2,14106,10710,129784,49631,61.92
2023,Bhopal,Tobacco,Rabi,Medium Black,Tubewell,8.5,35.0,10677,17615,5967,21277,10525,5248,3605,74913,7.99,13910,10710,111150,36237,48.37
2023,Bhopal,Tobacco,Rabi,Red-Yellow,Rainfed,7.1,55.0,7936,20767,7194,20414,8687,0,3997,68996,7.06,13762,10710,97123,28127,40.77
2023,Bhopal,Tobacco,Rabi,Red-Yellow,Rainfed,2.0,31.0,6744,19440,3724,19829,10589,0,4605,64930,6.35,14046,10710,89155,24225,37.31
2023,Bhopal,Tobacco,Rabi,Medium Black,Rainfed,11.1,90.0,10485,16340,4846,22803,11950,0,3250,69674,6.94,15105,10710,104834,35161,50.46
2023,Bhopal,Tobacco,Rabi,Deep Black,Rainfed,7.8,46.0,7129,17941,6576,19393,10217,0,3231,64487,7.17,14974,10710,107400,42913,66.55
2023,Bhopal,Tobacco,Rabi,Deep Black,Rainfed,9.7,40.0,7312,16206,4167,21471,8787,0,4677,62621,6.99,14816,10710,103580,40960,65.41
2023,Bhopal,Tobacco,Rabi,Medium Black,Tubewell,12.0,80.0,10424,17218,5335,24302,10600,7977,3921,79778,7.58,13717,10710,103929,24150,30.27
2023,Bhopal,Tobacco,Rabi,Medium Black,Canal,2.9,20.0,7741,22507,3571,20398,11804,7075,2617,75713,8.55,14450,10710,123561,47848,63.2
2023,Bhopal,Tobacco,Rabi,Medium Black,Tubewell,6.2,57.0,9649,19467,6214,21222,8938,3782,2761,72033,9.07,14564,10710,132136,60103,83.44
2023,Bhopal,Tobacco,Rabi,Medium Black,Canal,10.1,104.0,9081,20949,6271,22940,11966,3244,3080,77531,8.55,12672,10710,108352,30821,39.75
2023,Bhopal,Tobacco,Rabi,Deep Black,Canal,8.2,39.0,7816,16529,6322,21978,12189,4407,2855,72096,7.17,14845,10710,106435,34339,47.63
2023,Bhopal,Tobacco,Rabi,Medium Black,Canal,8.8,70.0,10363,20462,4636,20349,11944,7138,2845,77737,8.01,14084,10710,112783,35047,45.08
2023,Bhopal,Tobacco,Rabi,Medium Black,Rainfed,11.6,33.0,8885,18095,4253,21088,8641,0,3680,64642,5.53,14244,10710,78816,14173,21.93
2023,Bhopal,Tobacco,Rabi,Medium Black,Tubewell,7.4,58.0,9271,15237,5662,22550,11271,5649,4617,74257,7.43,14383,10710,106877,32620,43.93
2023,Bhopal,Tobacco,Rabi,Red-Yellow,Canal,1.2,54.0,8138,15021,3569,25033,8366,5973,3549,69650,7.64,14608,10710,111616,41966,60.25
2023,Bhopal,Tobacco,Rabi,Deep Black,Canal,9.3,79.0,8018,21934,4269,24487,11988,8062,4352,83110,9.85,14654,10710,144300,61190,73.62
2024,Bhopal,Tobacco,Rabi,Red-Yellow,Tubewell,5.0,74.0,8700,23235,8143,25328,11807,4839,4335,86387,7.83,13878,11250,108600,22212,25.71
2024,Bhopal,Tobacco,Rabi,Deep Black,Canal,9.3,73.0,9862,19557,6565,27049,11664,8232,4353,87283,7.02,13886,11250,97486,10202,11.69
2024,Bhopal,Tobacco,Rabi,Medium Black,Drip,7.1,78.0,9879,16836,5183,20026,9881,4687,4673,71165,9.01,14010,11250,126226,55061,77.37
2024,Bhopal,Tobacco,Rabi,Medium Black,Canal,3.7,71.0,8772,18837,6768,20107,10996,8090,3471,77041,7.33,14244,11250,104424,27383,35.54
2024,Bhopal,Tobacco,Rabi,Medium Black,Canal,6.3,46.0,11028,17930,7744,25204,11031,3766,4307,81009,7.8,13896,11250,108454,27445,33.88
2024,Bhopal,Tobacco,Rabi,Medium Black,Tubewell,5.2,94.0,7056,22873,5619,19866,11359,3658,5046,75475,8.49,13445,11250,114130,38654,51.21
2024,Bhopal,Tobacco,Rabi,Medium Black,Tubewell,3.9,52.0,9552,21204,6544,21322,8779,6793,4678,78872,8.47,13930,11250,117924,39052,49.51
2024,Bhopal,Tobacco,Rabi,Deep Black,Rainfed,9.6,66.0,9918,23677,4303,20927,11942,0,3458,74225,6.19,14050,11250,86972,12747,17.17
2024,Bhopal,Tobacco,Rabi,Red-Yellow,Tubewell,7.3,61.0,7810,17545,7657,24473,11432,7429,2783,79129,8.94,14843,11250,132703,53574,67.7
2024,Bhopal,Tobacco,Rabi,Red-Yellow,Canal,6.7,47.0,10376,17778,8310,23443,9954,8402,3209,81471,8.47,15592,11250,132092,50620,62.13
2024,Bhopal,Tobacco,Rabi,Medium Black,Drip,11.1,75.0,10998,21936,3550,21865,11367,7570,4935,82221,8.98,13691,11250,122996,40775,49.59
2024,Bhopal,Tobacco,Rabi,Deep Black,Rainfed,9.7,56.0,9108,23712,8367,20878,9922,0,3266,75253,6.08,13101,11250,79701,4448,5.91
2024,Bhopal,Tobacco,Rabi,Red-Yellow,Tubewell,11.8,64.0,9148,19392,3481,21246,9371,4920,3644,71203,5.93,15091,11250,89491,18288,25.69
2024,Bhopal,Tobacco,Rabi,Deep Black,Drip,8.0,63.0,8586,21963,5401,19640,9230,8919,3109,76849,8.4,14632,11250,122965,46116,60.01
2024,Bhopal,Tobacco,Rabi,Deep Black,Canal,9.4,67.0,9683,21358,6557,24210,10308,6512,2947,81575,9.03,13298,11250,120086,38511,47.21
2024,Bhopal,Tobacco,Rabi,Red-Yellow,Rainfed,4.4,20.0,6962,17464,6028,20014,10868,0,2707,64043,6.42,13180,11250,84553,20511,32.03
2024,Bhopal,Tobacco,Rabi,Medium Black,Tubewell,1.2,99.0,6971,20936,4984,27159,11995,4064,4972,81080,8.71,14523,11250,126445,45364,55.95
2024,Bhopal,Tobacco,Rabi,Alluvial,Tubewell,1.5,68.0,8267,20435,6821,20796,13148,4801,2587,76855,7.12,13206,11250,93982,17126,22.28
2024,Bhopal,Tobacco,Rabi,Deep Black,Tubewell,5.1,40.0,10926,16228,7694,21059,9733,4092,4046,73777,7.2,14032,11250,101005,27228,36.91
2024,Bhopal,Tobacco,Rabi,Medium Black,Tubewell,10.0,63.0,9833,15801,4887,26429,11834,6625,4759,80169,8.26,14031,11250,115919,35750,44.59
2024,Bhopal,Tobacco,Rabi,Medium Black,Canal,6.9,38.0,7395,19091,7550,21053,9655,8065,3343,76151,7.18,13496,11250,96853,20701,27.18
2024,Bhopal,Tobacco,Rabi,Medium Black,Tubewell,10.0,44.0,8392,21000,4553,21616,9840,7466,4485,77353,6.79,14541,11250,98776,21423,27.7
2024,Bhopal,Tobacco,Rabi,Alluvial,Tubewell,4.5,70.0,6903,19604,8084,22357,12223,6205,4911,80286,8.53,13874,11250,118413,38127,47.49
2024,Bhopal,Tobacco,Rabi,Medium Black,Tubewell,10.7,53.0,10394,19430,5480,25058,12292,4548,3581,80784,7.31,14392,11250,105197,24413,30.22
2024,Bhopal,Tobacco,Rabi,Deep Black,Canal,10.4,58.0,6873,19166,6977,23258,12706,8305,4309,81595,8.0,13495,11250,107904,26309,32.24
2019,Bhopal,Wheat,Rabi,Red-Yellow,Tubewell,6.4,42.0,2321,4119,1625,5467,2305,2046,760,18644,14.2,2208,1840,31338,12694,68.09
2019,Bhopal,Wheat,Rabi,Medium Black,Canal,10.2,52.0,2479,5858,1431,6732,2846,2150,758,22254,12.67,2210,1840,28008,5754,25.86
2019,Bhopal,Wheat,Rabi,Red-Yellow,Tubewell,11.4,39.0,2342,4409,1680,4899,2775,1655,936,18696,15.41,2235,1840,34436,15740,84.19
2019,Bhopal,Wheat,Rabi,Medium Black,Tubewell,7.6,90.0,3079,4010,1326,5819,2286,1304,737,18561,15.81,2066,1840,32665,14103,75.98
2019,Bhopal,Wheat,Rabi,Medium Black,Rainfed,8.3,34.0,1957,4250,1917,5574,2558,0,835,17092,8.95,2180,1840,19497,2405,14.07
2019,Bhopal,Wheat,Rabi,Deep Black,Drip,8.8,96.0,2728,5636,1456,6320,2572,2396,794,21903,15.72,2159,1840,33935,12032,54.93
2019,Bhopal,Wheat,Rabi,Alluvial,Canal,9.6,51.0,2750,5173,931,5150,2803,1137,914,18858,15.3,2377,1840,36363,17505,92.83
2019,Bhopal,Wheat,Rabi,Medium Black,Canal,8.1,64.0,2674,5889,1789,4879,3516,1298,696,20741,13.58,2128,1840,28898,8157,39.33
2019,Bhopal,Wheat,Rabi,Medium Black,Tubewell,7.3,37.0,2828,4568,1366,4857,3516,2144,906,20185,14.48,2053,1840,29730,9545,47.29
2019,Bhopal,Wheat,Rabi,Medium Black,Canal,2.9,73.0,2455,4250,1668,5331,3469,1546,711,19431,13.61,2048,1840,27876,8446,43.46
2019,Bhopal,Wheat,Rabi,Red-Yellow,Tubewell,10.7,40.0,1766,4927,1011,5755,3488,1107,818,18874,13.13,2128,1840,27945,9072,48.07
2019,Bhopal,Wheat,Rabi,Medium Black,Rainfed,2.8,57.0,2805,4772,1621,5157,3323,0,1266,18944,10.21,2366,1840,24152,5208,27.49
2019,Bhopal,Wheat,Rabi,Red-Yellow,Tubewell,3.9,20.0,1950,5147,1669,6620,2480,976,918,19761,14.11,2338,1840,32995,13234,66.97
2019,Bhopal,Wheat,Rabi,Medium Black,Rainfed,7.6,64.0,2519,5959,2019,6577,2843,0,1219,21136,11.73,2078,1840,24384,3248,15.37
2019,Bhopal,Wheat,Rabi,Medium Black,Canal,11.0,44.0,1869,5747,1813,6862,3272,1073,718,21354,13.87,2186,1840,30315,8961,41.96
2019,Bhopal,Wheat,Rabi,Medium Black,Rainfed,4.9,51.0,2073,5408,1708,6908,2969,0,1263,20329,9.75,1883,1840,18361,-1968,-9.68
2019,Bhopal,Wheat,Rabi,Deep Black,Canal,11.0,49.0,2952,5038,1141,5127,2317,1208,1132,18915,15.09,2139,1840,32291,13376,70.72
2019,Bhopal,Wheat,Rabi,Alluvial,Canal,5.1,56.0,2456,5805,1385,6174,2330,1751,810,20711,15.34,2102,1840,32257,11546,55.75
2019,Bhopal,Wheat,Rabi,Deep Black,Tubewell,8.0,32.0,2673,4187,982,5955,3372,1235,845,19248,12.64,2224,1840,28119,8871,46.09
2019,Bhopal,Wheat,Rabi,Medium Black,Rainfed,5.8,50.0,1861,6058,948,6477,2467,0,1123,18935,8.59,2095,1840,18001,-934,-4.93
2019,Bhopal,Wheat,Rabi,Alluvial,Tubewell,3.4,59.0,3068,4944,960,6581,2951,1126,1102,20730,13.19,2316,1840,30545,9815,47.35
2019,Bhopal,Wheat,Rabi,Medium Black,Drip,3.4,59.0,2279,5015,1642,6227,3201,1394,1262,21020,17.75,2125,1840,37724,16704,79.47
2019,Bhopal,Wheat,Rabi,Medium Black,Rainfed,7.9,20.0,2658,4189,1841,5735,3070,0,1215,18708,10.14,2194,1840,22252,3544,18.94
2019,Bhopal,Wheat,Rabi,Medium Black,Canal,6.3,35.0,2837,4858,1858,5961,2600,2031,686,20831,16.73,2027,1840,33910,13078,62.78
2019,Bhopal,Wheat,Rabi,Medium Black,Tubewell,4.2,56.0,3071,4092,1980,5579,3060,1195,1245,20222,13.96,1950,1840,27227,7005,34.64
2020,Bhopal,Wheat,Rabi,Alluvial,Rainfed,3.6,80.0,2523,6280,2135,5113,3435,0,1081,20567,12.09,2051,1895,24796,4229,20.56
2020,Bhopal,Wheat,Rabi,Red-Yellow,Rainfed,8.3,103.0,2791,4766,1448,5184,3135,0,1026,18350,11.82,1982,1895,23437,5086,27.72
2020,Bhopal,Wheat,Rabi,Deep Black,Tubewell,4.4,42.0,2813,6088,1174,5266,3009,2241,1330,21922,14.45,2239,1895,32348,10426,47.56
2020,Bhopal,Wheat,Rabi,Deep Black,Canal,4.3,54.0,2743,6136,1099,5621,3443,1319,1218,21579,17.94,2131,1895,38232,16653,77.17
2020,Bhopal,Wheat,Rabi,Red-Yellow,Rainfed,9.8,107.0,3002,5935,1629,6512,3036,0,1347,21461,10.16,2011,1895,20432,-1029,-4.79
2020,Bhopal,Wheat,Rabi,Medium Black,Tubewell,10.3,65.0,2959,4771,1111,5042,3597,1647,759,19886,16.62,1937,1895,32197,12310,61.9
2020,Bhopal,Wheat,Rabi,Medium Black,Rainfed,4.8,27.0,2594,4499,1416,6743,3477,0,1342,20071,10.16,2156,1895,21914,1844,9.19
2020,Bhopal,Wheat,Rabi,Red-Yellow,Tubewell,1.4,20.0,1967,4187,1848,5565,3014,1623,794,18998,13.64,2169,1895,29577,10579,55.69
2020,Bhopal,Wheat,Rabi,Medium Black,Rainfed,2.3,32.0,1974,5889,1565,6500,3616,0,1327,20869,10.79,1987,1895,21437,568,2.72
2020,Bhopal,Wheat,Rabi,Deep Black,Canal,4.0,29.0,2086,4178,974,6408,3185,1220,849,18900,11.21,1983,1895,22233,3332,17.63
2020,Bhopal,Wheat,Rabi,Deep Black,Rainfed,10.3,65.0,2166,4278,1995,5615,2484,0,870,17407,10.38,1956,1895,20303,2896,16.64
2020,Bhopal,Wheat,Rabi,Red-Yellow,Canal,3.2,36.0,2246,4576,1947,5981,2323,1653,1277,20003,14.95,2044,1895,30573,10570,52.84
2020,Bhopal,Wheat,Rabi,Deep Black,Tubewell,6.0,100.0,2575,5755,1494,5791,2689,2100,1073,21477,14.66,1885,1895,27792,6315,29.41
2020,Bhopal,Wheat,Rabi,Red-Yellow,Canal,12.0,24.0,2844,5618,1747,6061,3532,1148,1148,22098,14.4,2032,1895,29268,7169,32.44
2020,Bhopal,Wheat,Rabi,Deep Black,Rainfed,10.2,72.0,2418,5942,1290,6245,3421,0,1321,20637,10.99,2047,1895,22499,1862,9.02
2020,Bhopal,Wheat,Rabi,Red-Yellow,Drip,2.1,92.0,2419,4310,1621,6704,3396,1257,841,20548,15.21,2120,1895,32248,11700,56.94
2020,Bhopal,Wheat,Rabi,Deep Black,Canal,8.2,20.0,2903,5230,2201,7222,2377,2106,1186,23226,15.97,2152,1895,34364,11138,47.95
2020,Bhopal,Wheat,Rabi,Deep Black,Canal,11.4,31.0,2740,5331,2036,6032,3523,1685,863,22211,18.64,1983,1895,36949,14738,66.35
2020,Bhopal,Wheat,Rabi,Red-Yellow,Tubewell,3.3,80.0,2505,5450,1514,6951,2969,1408,817,21614,15.48,2033,1895,31477,9863,45.63
2020,Bhopal,Wheat,Rabi,Medium Black,Rainfed,6.5,71.0,2962,4338,1699,6902,3546,0,803,20251,9.87,2059,1895,20328,77,0.38
2020,Bhopal,Wheat,Rabi,Medium Black,Rainfed,4.8,62.0,1976,4409,1473,5679,3223,0,798,17558,8.85,2117,1895,18748,1189,6.77
2020,Bhopal,Wheat,Rabi,Medium Black,Canal,6.4,64.0,2097,4443,1695,5814,2328,1471,826,18675,13.65,2002,1895,27326,8651,46.32
2020,Bhopal,Wheat,Rabi,Red-Yellow,Rainfed,5.1,33.0,2493,5911,960,7237,2599,0,684,19883,13.09,2002,1895,26199,6316,31.77
2020,Bhopal,Wheat,Rabi,Red-Yellow,Drip,1.3,55.0,3148,5881,2178,5678,2334,2074,1101,22395,18.24,1948,1895,35539,13145,58.69
2020,Bhopal,Wheat,Rabi,Medium Black,Tubewell,7.6,46.0,3025,4690,1167,5567,2726,1498,807,19479,11.7,1938,1895,22673,3194,16.4
2021,Bhopal,Wheat,Rabi,Medium Black,Tubewell,2.1,78.0,3267,5739,1922,7193,2923,1370,1243,23657,16.98,2145,1969,36426,12769,53.97
2021,Bhopal,Wheat,Rabi,Medium Black,Canal,4.6,98.0,2628,4772,1611,5193,3716,1225,1226,20373,14.91,2428,1969,36210,15837,77.73
2021,Bhopal,Wheat,Rabi,Medium Black,Canal,10.5,20.0,2191,5174,1812,7010,2910,1269,917,21283,12.88,2390,1969,30787,9503,44.65
2021,Bhopal,Wheat,Rabi,Red-Yellow,Canal,6.6,85.0,2331,5381,2251,6135,2958,2167,1228,22450,14.97,2328,1969,34857,12408,55.27
2021,Bhopal,Wheat,Rabi,Red-Yellow,Tubewell,8.3,84.0,2978,5694,1673,6344,3471,1415,910,22486,15.37,2468,1969,37937,15452,68.72
2021,Bhopal,Wheat,Rabi,Deep Black,Tubewell,6.8,82.0,3090,6270,1976,7411,2762,1920,989,24418,16.06,2423,1969,38920,14502,59.39
2021,Bhopal,Wheat,Rabi,Deep Black,Canal,7.7,74.0,2503,4896,1290,6722,2675,1748,1007,20843,13.58,2285,1969,31033,10191,48.89
2021,Bhopal,Wheat,Rabi,Medium Black,Canal,7.5,80.0,3072,5455,1018,6379,2796,1056,1381,21157,15.24,2292,1969,34921,13764,65.05
2021,Bhopal,Wheat,Rabi,Alluvial,Tubewell,8.7,40.0,2829,5693,1717,6958,2781,2211,1182,23370,16.41,2324,1969,38131,14760,63.16
2021,Bhopal,Wheat,Rabi,Deep Black,Tubewell,2.0,87.0,2354,4563,1542,6937,2441,1098,1231,20165,12.05,2221,1969,26768,6603,32.75
2021,Bhopal,Wheat,Rabi,Medium Black,Tubewell,11.1,72.0,2821,4576,1039,7098,3072,1016,709,20330,11.28,2066,1969,23298,2967,14.6
2021,Bhopal,Wheat,Rabi,Medium Black,Tubewell,11.7,70.0,2676,4379,2302,5773,2715,1298,1077,20220,15.18,2364,1969,35893,15673,77.51
2021,Bhopal,Wheat,Rabi,Deep Black,Drip,4.7,70.0,2404,5720,2022,5510,2383,2278,856,21173,15.05,2381,1969,35850,14677,69.32
2021,Bhopal,Wheat,Rabi,Deep Black,Rainfed,9.8,47.0,2098,5463,1437,7454,2528,0,1273,20253,9.34,2302,1969,21502,1249,6.17
2021,Bhopal,Wheat,Rabi,Red-Yellow,Rainfed,9.5,45.0,3124,6209,1151,6314,3753,0,908,21459,12.34,2489,1969,30714,9255,43.13
2021,Bhopal,Wheat,Rabi,Alluvial,Rainfed,5.6,107.0,2635,4608,1520,6122,3551,0,1406,19843,8.88,2217,1969,19701,-142,-0.71
2021,Bhopal,Wheat,Rabi,Deep Black,Tubewell,9.8,94.0,2160,4530,1066,7107,3305,1834,1254,21254,15.22,2375,1969,36140,14885,70.04
2021,Bhopal,Wheat,Rabi,Medium Black,Canal,11.0,78.0,2910,5403,1321,5442,2431,1026,1395,19928,13.73,2299,1969,31568,11639,58.41
2021,Bhopal,Wheat,Rabi,Red-Yellow,Rainfed,7.1,55.0,2792,6385,1300,7514,3449,0,893,22334,10.39,2306,1969,23961,1627,7.28
2021,Bhopal,Wheat,Rabi,Deep Black,Tubewell,2.6,77.0,1971,5989,1374,6161,3146,1672,1334,21647,13.24,2211,1969,29272,7625,35.23
2021,Bhopal,Wheat,Rabi,Medium Black,Tubewell,4.3,40.0,2165,4943,1428,6836,3156,1293,1348,21170,15.26,2386,1969,36400,15231,71.95
2021,Bhopal,Wheat,Rabi,Medium Black,Tubewell,9.4,49.0,1918,6347,1274,7379,3761,1426,1320,23425,13.48,2406,1969,32427,9002,38.43
2021,Bhopal,Wheat,Rabi,Medium Black,Tubewell,2.7,26.0,3131,5250,1339,5751,2464,2143,975,21053,15.01,2386,1969,35812,14759,70.11
2021,Bhopal,Wheat,Rabi,Red-Yellow,Rainfed,4.6,96.0,3281,6510,1425,6008,2439,0,1251,20915,12.08,2305,1969,27835,6920,33.09
2021,Bhopal,Wheat,Rabi,Medium Black,Tubewell,6.5,78.0,3244,5220,1067,6905,3682,2064,1306,23488,15.09,2389,1969,36049,12561,53.48
2022,Bhopal,Wheat,Rabi,Medium Black,Canal,4.8,82.0,3384,5189,2354,6325,3038,1263,953,22506,16.36,2526,2079,41327,18821,83.63
2022,Bhopal,Wheat,Rabi,Medium Black,Canal,4.4,66.0,2597,4561,2224,7757,2849,1160,1027,22175,14.04,2500,2079,35098,12923,58.28
2022,Bhopal,Wheat,Rabi,Red-Yellow,Rainfed,9.9,67.0,2747,6726,1495,5672,3911,0,773,21323,10.51,2572,2079,27017,5694,26.7
2022,Bhopal,Wheat,Rabi,Medium Black,Tubewell,3.5,111.0,3395,5372,1069,7620,3049,1853,772,23130,13.92,2689,2079,37420,14290,61.78
2022,Bhopal,Wheat,Rabi,Medium Black,Tubewell,2.9,74.0,2396,6009,1149,7365,3366,2297,1430,24011,15.18,2272,2079,34484,10474,43.62
2022,Bhopal,Wheat,Rabi,Medium Black,Canal,4.1,46.0,2853,5635,1510,7402,3255,2264,1098,24016,16.8,2413,2079,40533,16517,68.77
2022,Bhopal,Wheat,Rabi,Medium Black,Drip,2.2,64.0,3345,6034,1798,5635,3096,2319,1451,23679,13.79,2385,2079,32883,9204,38.87
2022,Bhopal,Wheat,Rabi,Deep Black,Tubewell,9.7,57.0,2226,5676,1590,5939,3663,1782,1306,22184,14.52,2447,2079,35518,13334,60.11
2022,Bhopal,Wheat,Rabi,Alluvial,Drip,7.3,69.0,3415,6342,2165,7490,2673,1775,1480,25342,13.42,2429,2079,32594,7252,28.62
2022,Bhopal,Wheat,Rabi,Medium Black,Tubewell,10.8,60.0,3198,5709,1372,5698,2799,2069,820,21666,16.44,2550,2079,41929,20264,93.53
2022,Bhopal,Wheat,Rabi,Red-Yellow,Canal,8.9,69.0,3196,6444,1180,7063,2788,1469,1153,23293,13.57,2410,2079,32709,9416,40.43
2022,Bhopal,Wheat,Rabi,Deep Black,Tubewell,3.3,48.0,2038,5425,1616,6690,3389,1074,779,21012,14.26,2412,2079,34411,13399,63.77
2022,Bhopal,Wheat,Rabi,Deep Black,Tubewell,11.6,120.0,3321,6652,2262,7949,3306,1583,1067,26140,13.29,2389,2079,31749,5609,21.46
2022,Bhopal,Wheat,Rabi,Red-Yellow,Rainfed,10.0,57.0,2539,6543,1067,6552,3949,0,836,21486,10.48,2551,2079,26751,5265,24.5
2022,Bhopal,Wheat,Rabi,Medium Black,Canal,11.4,56.0,2463,6940,1738,6555,3057,1742,894,23390,15.17,2591,2079,39313,15923,68.08
2022,Bhopal,Wheat,Rabi,Deep Black,Drip,9.9,77.0,3404,6762,2295,6645,3498,1626,1456,25685,17.19,2258,2079,38825,13139,51.15
2022,Bhopal,Wheat,Rabi,Medium Black,Canal,8.3,45.0,2947,4615,2268,5839,2660,1090,1129,20547,15.42,2523,2079,38914,18367,89.39
2022,Bhopal,Wheat,Rabi,Deep Black,Rainfed,4.6,57.0,2858,5694,2473,6325,3952,0,1034,22337,9.55,2383,2079,22761,424,1.9
2022,Bhopal,Wheat,Rabi,Medium Black,Tubewell,10.6,68.0,2025,4808,1783,7835,2657,1401,1159,21668,13.19,2531,2079,33376,11707,54.03
2022,Bhopal,Wheat,Rabi,Alluvial,Rainfed,4.5,66.0,2559,6716,2072,6385,3645,0,1228,22604,10.08,2414,2079,24335,1731,7.66
2022,Bhopal,Wheat,Rabi,Alluvial,Rainfed,3.3,69.0,2115,6246,1448,6501,3323,0,1256,20889,9.91,2607,2079,25845,4956,23.73
2022,Bhopal,Wheat,Rabi,Deep Black,Canal,10.3,54.0,2181,5117,1401,5957,3386,1825,1246,21112,11.54,2459,2079,28377,7265,34.41
2022,Bhopal,Wheat,Rabi,Medium Black,Rainfed,10.3,30.0,3386,4599,1902,7882,3876,0,782,22427,10.26,2322,2079,23811,1384,6.17
2022,Bhopal,Wheat,Rabi,Medium Black,Tubewell,10.8,53.0,2446,5464,1180,7669,3481,2372,878,23489,14.48,2339,2079,33882,10393,44.25
2022,Bhopal,Wheat,Rabi,Alluvial,Canal,8.1,63.0,2301,6941,1747,6164,2549,2243,1072,23017,17.48,2472,2079,43196,20179,87.67
2023,Bhopal,Wheat,Rabi,Red-Yellow,Rainfed,3.5,63.0,2800,6722,2452,6704,3890,0,1059,23626,9.77,2710,2190,26477,2850,12.06
2023,Bhopal,Wheat,Rabi,Medium Black,Rainfed,6.5,59.0,3370,5176,2493,8215,3831,0,944,24029,7.97,2518,2190,20070,-3959,-16.48
2023,Bhopal,Wheat,Rabi,Alluvial,Rainfed,11.5,104.0,2397,5674,1797,6257,2846,0,1157,20127,12.25,2565,2190,31433,11307,56.18
2023,Bhopal,Wheat,Rabi,Medium Black,Rainfed,11.7,50.0,3546,6380,2305,8309,3777,0,1040,25357,10.31,2395,2190,24684,-673,-2.65
2023,Bhopal,Wheat,Rabi,Medium Black,Tubewell,10.8,66.0,2526,4819,2459,6927,3083,2063,953,22831,13.53,2637,2190,35674,12843,56.25
2023,Bhopal,Wheat,Rabi,Medium Black,Canal,5.5,48.0,3541,6174,2518,8158,2674,2200,1411,26676,15.89,2487,2190,39528,12851,48.18
2023,Bhopal,Wheat,Rabi,Red-Yellow,Canal,5.5,59.0,2451,5276,2069,6703,3919,1061,1534,23013,15.95,2765,2190,44105,21092,91.65
2023,Bhopal,Wheat,Rabi,Red-Yellow,Drip,10.2,71.0,2840,6445,2182,7742,3289,1662,886,25046,14.86,2657,2190,39483,14437,57.64
2023,Bhopal,Wheat,Rabi,Medium Black,Rainfed,12.0,65.0,2750,7307,2569,5795,3815,0,1478,23714,11.63,2534,2190,29470,5756,24.27
2023,Bhopal,Wheat,Rabi,Deep Black,Tubewell,1.6,90.0,2971,6824,2272,5956,2689,1177,1460,23349,15.51,2642,2190,40990,17641,75.56
2023,Bhopal,Wheat,Rabi,Medium Black,Canal,8.7,48.0,3511,5222,1576,7758,3101,1059,912,23139,15.33,2336,2190,35809,12671,54.76
2023,Bhopal,Wheat,Rabi,Medium Black,Tubewell,2.1,43.0,3561,6701,1624,6532,2958,2135,1314,24824,15.06,2511,2190,37823,12999,52.36
2023,Bhopal,Wheat,Rabi,Deep Black,Rainfed,11.9,46.0,3304,5948,1881,7338,3988,0,1148,23608,10.05,2330,2190,23429,-179,-0.76
2023,Bhopal,Wheat,Rabi,Medium Black,Tubewell,11.9,55.0,2547,5908,1749,6375,4168,1414,1306,23467,14.7,2628,2190,38615,15149,64.55
2023,Bhopal,Wheat,Rabi,Alluvial,Canal,4.5,45.0,2161,6955,2018,5977,3866,2004,1432,24413,16.67,2434,2190,40584,16171,66.24
2023,Bhopal,Wheat,Rabi,Medium Black,Tubewell,7.4,62.0,2131,5924,1983,7727,2657,2601,1050,24073,16.18,2746,2190,44451,20377,84.65
2023,Bhopal,Wheat,Rabi,Medium Black,Drip,5.2,63.0,2117,6593,2254,7630,3263,2206,1234,25298,16.26,2623,2190,42661,17363,68.63
2023,Bhopal,Wheat,Rabi,Deep Black,Tubewell,10.4,38.0,2622,5986,1975,6894,3925,2360,1213,24975,12.44,2546,2190,31665,6690,26.79
2023,Bhopal,Wheat,Rabi,Deep Black,Rainfed,5.1,54.0,3122,6190,1747,6102,2643,0,854,20658,11.72,2660,2190,31178,10520,50.92
2023,Bhopal,Wheat,Rabi,Medium Black,Drip,4.5,74.0,3065,5563,1870,5897,3859,2080,1214,23548,14.23,2649,2190,37695,14147,60.08
2023,Bhopal,Wheat,Rabi,Red-Yellow,Rainfed,10.4,71.0,3393,6624,1101,7272,3095,0,1255,22739,10.77,2644,2190,28489,5750,25.29
2023,Bhopal,Wheat,Rabi,Medium Black,Canal,6.2,58.0,3430,6656,1527,6823,3791,2408,1016,25651,13.65,2612,2190,35660,10009,39.02
2023,Bhopal,Wheat,Rabi,Deep Black,Tubewell,9.0,69.0,2162,6902,1147,5970,2848,1385,941,21355,14.68,2555,2190,37518,16163,75.69
2023,Bhopal,Wheat,Rabi,Red-Yellow,Canal,11.1,77.0,2098,6233,2412,6304,3405,1861,831,23144,14.26,2492,2190,35533,12390,53.53
2023,Bhopal,Wheat,Rabi,Red-Yellow,Rainfed,1.3,35.0,2951,5805,1134,6113,3363,0,872,20237,11.45,2498,2190,28605,8367,41.35
2024,Bhopal,Wheat,Rabi,Red-Yellow,Tubewell,11.2,53.0,2463,7345,1395,7794,4218,1459,1211,25885,14.59,2825,2300,41213,15328,59.22
2024,Bhopal,Wheat,Rabi,Red-Yellow,Rainfed,8.4,35.0,3385,6874,1660,8274,4395,0,1030,25618,11.54,2936,2300,33883,8264,32.26
2024,Bhopal,Wheat,Rabi,Deep Black,Drip,8.8,33.0,2548,6635,1627,6625,3702,1636,1481,24253,15.78,2734,2300,43147,18894,77.9
2024,Bhopal,Wheat,Rabi,Alluvial,Tubewell,11.9,51.0,2402,7051,1482,6317,3867,1849,1019,23988,13.5,2956,2300,39894,15906,66.31
2024,Bhopal,Wheat,Rabi,Medium Black,Canal,9.6,77.0,2700,6629,1652,8680,2883,2586,1230,26361,15.52,2830,2300,43918,17557,66.6
2024,Bhopal,Wheat,Rabi,Medium Black,Canal,8.9,28.0,2267,6186,2698,7258,3328,2633,1533,25903,12.45,2749,2300,34231,8329,32.15
2024,Bhopal,Wheat,Rabi,Medium Black,Rainfed,11.4,61.0,2958,5777,1171,6531,2997,0,1409,20843,9.77,2811,2300,27450,6606,31.69
2024,Bhopal,Wheat,Rabi,Red-Yellow,Canal,2.3,54.0,2399,7596,2329,6104,4260,2022,1368,26078,14.0,3033,2300,42455,16378,62.8
2024,Bhopal,Wheat,Rabi,Red-Yellow,Tubewell,9.2,47.0,3762,5259,2250,7214,2829,1875,1632,24821,14.04,2883,2300,40463,15642,63.02
2024,Bhopal,Wheat,Rabi,Medium Black,Canal,7.7,46.0,2890,7622,1270,7070,4244,1866,1072,26034,16.31,2645,2300,43128,17093,65.66
2024,Bhopal,Wheat,Rabi,Medium Black,Tubewell,4.3,46.0,3046,7058,1221,6101,3351,2036,1300,24114,14.8,2790,2300,41306,17191,71.29
2024,Bhopal,Wheat,Rabi,Alluvial,Tubewell,3.1,46.0,3697,5760,2025,6496,3514,1391,933,23815,12.68,2803,2300,35534,11719,49.21
2024,Bhopal,Wheat,Rabi,Deep Black,Canal,1.6,20.0,2317,6736,1640,7161,3532,2220,1247,24854,15.18,2904,2300,44083,19229,77.37
2024,Bhopal,Wheat,Rabi,Medium Black,Tubewell,9.4,63.0,3744,6544,2349,7399,3089,1372,1303,25799,15.41,2752,2300,42419,16619,64.42
2024,Bhopal,Wheat,Rabi,Red-Yellow,Canal,5.9,20.0,2530,7073,2731,7344,2848,2093,1649,26269,12.05,2662,2300,32080,5811,22.12
2024,Bhopal,Wheat,Rabi,Medium Black,Tubewell,4.8,93.0,2830,6381,1171,7123,3853,1405,1195,23959,12.1,2736,2300,33094,9135,38.13
2024,Bhopal,Wheat,Rabi,Alluvial,Tubewell,1.5,77.0,2346,5869,1606,6413,3794,2545,873,23447,15.36,2558,2300,39280,15833,67.53
2024,Bhopal,Wheat,Rabi,Medium Black,Canal,8.4,25.0,2821,5132,2194,7501,3449,1502,1514,24112,12.63,2926,2300,36958,12845,53.27
2024,Bhopal,Wheat,Rabi,Deep Black,Canal,7.5,84.0,2511,5694,2697,6088,3258,1379,1001,22629,15.26,2655,2300,40533,17904,79.12
2024,Bhopal,Wheat,Rabi,Alluvial,Drip,9.6,74.0,3289,5898,1268,7869,3146,1453,1460,24384,12.52,2581,2300,32322,7938,32.56
2024,Bhopal,Wheat,Rabi,Medium Black,Tubewell,2.6,59.0,3051,6304,1220,6816,3407,2006,1012,23817,13.56,3082,2300,41784,17967,75.44
2024,Bhopal,Wheat,Rabi,Red-Yellow,Canal,2.3,39.0,2589,7079,2082,7598,4335,1814,997,26494,15.39,2843,2300,43766,17271,65.19
2024,Bhopal,Wheat,Rabi,Medium Black,Tubewell,1.2,58.0,3597,7289,1746,8228,3572,2104,1212,27747,14.97,2984,2300,44681,16933,61.03
2024,Bhopal,Wheat,Rabi,Alluvial,Tubewell,11.6,29.0,3637,7248,1606,6299,3652,1724,1641,25806,15.1,2641,2300,39882,14076,54.54
2024,Bhopal,Wheat,Rabi,Medium Black,Canal,4.7,88.0,3445,6392,2515,8520,3719,2438,1543,28572,12.62,2664,2300,33621,5049,17.67
